geometry_id,x,y
0,6.809942,45.763916
0,6.809556,45.763909
0,6.809546,45.764179
0,6.80916,45.764171
0,6.80915,45.764441
0,6.808764,45.764434
0,6.808754,45.764703
0,6.809139,45.764711
0,6.809129,45.764981
0,6.809514,45.764988
0,6.809504,45.765258
0,6.809493,45.765528
0,6.809107,45.76552
0,6.809097,45.76579
0,6.808711,45.765783
0,6.808701,45.766053
0,6.80869,45.766322
0,6.809076,45.76633
0,6.809065,45.7666
0,6.809451,45.766607
0,6.809461,45.766337
0,6.809847,45.766345
0,6.809857,45.766075
0,6.809868,45.765805
0,6.809878,45.765535
0,6.810264,45.765542
0,6.810275,45.765273
0,6.810285,45.765003
0,6.810296,45.764733
0,6.810306,45.764463
0,6.810317,45.764193
0,6.809931,45.764186
0,6.809942,45.763916
1,6.806055,45.764652
1,6.805669,45.764644
1,6.805659,45.764914
1,6.805273,45.764907
1,6.805263,45.765176
1,6.805252,45.765446
1,6.805638,45.765454
1,6.806023,45.765461
1,6.806409,45.765468
1,6.806398,45.765738
1,6.806388,45.766008
1,6.806773,45.766016
1,6.806763,45.766285
1,6.806752,45.766555
1,6.807137,45.766563
1,6.807148,45.766293
1,6.807534,45.7663
1,6.807544,45.76603
1,6.807555,45.765761
1,6.807565,45.765491
1,6.80718,45.765483
1,6.80719,45.765213
1,6.806805,45.765206
1,6.806419,45.765199
1,6.80643,45.764929
1,6.806044,45.764921
1,6.806055,45.764652
2,6.806731,45.767095
2,6.806345,45.767087
2,6.806335,45.767357
2,6.805949,45.76735
2,6.805939,45.76762
2,6.805553,45.767612
2,6.805542,45.767882
2,6.805532,45.768152
2,6.805521,45.768422
2,6.805907,45.768429
2,6.805896,45.768699
2,6.806282,45.768706
2,6.806292,45.768437
2,6.806678,45.768444
2,6.806688,45.768174
2,6.807074,45.768182
2,6.807085,45.767912
2,6.807095,45.767642
2,6.807106,45.767372
2,6.80672,45.767365
2,6.806731,45.767095
3,6.805425,45.770663
3,6.805835,45.77037
3,6.806053,45.770152
3,6.805994,45.769651
3,6.805638,45.769613
3,6.805657,45.769224
3,6.805305,45.768831
3,6.804915,45.76881
3,6.804946,45.768446
3,6.804609,45.768222
3,6.803743,45.768196
3,6.803285,45.768137
3,6.803284,45.768388
3,6.803103,45.768729
3,6.80275,45.768696
3,6.802262,45.768809
3,6.802193,45.769839
3,6.802528,45.769871
3,6.802564,45.770114
3,6.802918,45.770155
3,6.802921,45.770382
3,6.803334,45.770378
3,6.803324,45.770676
3,6.804076,45.770705
3,6.804069,45.770959
3,6.805228,45.770979
3,6.805425,45.770663
4,6.799144,45.765579
4,6.799411,45.765704
4,6.799652,45.765637
4,6.799723,45.765567
4,6.799731,45.765353
4,6.799365,45.765155
4,6.799579,45.764897
4,6.799819,45.764854
4,6.800456,45.765081
4,6.80093,45.765161
4,6.801415,45.764932
4,6.801556,45.764816
4,6.801773,45.764487
4,6.802153,45.764327
4,6.80247,45.764072
4,6.802414,45.763761
4,6.802114,45.763588
4,6.801985,45.763419
4,6.802498,45.763334
4,6.802817,45.76303
4,6.803001,45.762677
4,6.802945,45.762366
4,6.802676,45.762289
4,6.802239,45.762138
4,6.801765,45.762081
4,6.801493,45.762076
4,6.800749,45.761967
4,6.800335,45.762102
4,6.80008,45.762549
4,6.799822,45.763044
4,6.800125,45.763122
4,6.800508,45.762891
4,6.800827,45.762563
4,6.801476,45.762505
4,6.801561,45.762935
4,6.801406,45.763432
4,6.801219,45.763857
4,6.800802,45.764087
4,6.800288,45.764172
4,6.799717,45.763971
4,6.798806,45.763787
4,6.798092,45.763773
4,6.797998,45.764438
4,6.798619,45.765069
4,6.799144,45.765579
5,6.800349,45.775779
5,6.800386,45.775348
5,6.800174,45.775191
5,6.800182,45.774469
5,6.799885,45.773963
5,6.800173,45.77369
5,6.800493,45.773565
5,6.800312,45.77327
5,6.800094,45.773108
5,6.799646,45.772778
5,6.799609,45.772387
5,6.79958,45.772358
5,6.799579,45.772358
5,6.799579,45.772357
5,6.7993,45.772074
5,6.79925,45.771811
5,6.799215,45.771811
5,6.799221,45.771659
5,6.799211,45.771608
5,6.799016,45.771305
5,6.799208,45.770859
5,6.799638,45.771137
5,6.7998,45.771313
5,6.799879,45.771586
5,6.799965,45.771921
5,6.800374,45.772245
5,6.800601,45.772459
5,6.801045,45.772602
5,6.801468,45.77259
5,6.801779,45.772714
5,6.802057,45.772974
5,6.802177,45.773243
5,6.802529,45.773374
5,6.802926,45.773396
5,6.803284,45.773342
5,6.80335,45.773029
5,6.803416,45.772723
5,6.80391,45.772609
5,6.804035,45.772458
5,6.804022,45.772277
5,6.803842,45.771937
5,6.803385,45.771606
5,6.802972,45.771202
5,6.802556,45.770894
5,6.802085,45.770645
5,6.802043,45.770345
5,6.801734,45.770039
5,6.801425,45.769719
5,6.801348,45.769508
5,6.801273,45.769252
5,6.801199,45.768951
5,6.801227,45.768232
5,6.801029,45.767824
5,6.800914,45.767477
5,6.800786,45.767198
5,6.800659,45.76689
5,6.800446,45.76676
5,6.800255,45.766576
5,6.799786,45.766359
5,6.799291,45.766335
5,6.799309,45.76604
5,6.798836,45.765784
5,6.798839,45.765456
5,6.798163,45.765429
5,6.798111,45.765184
5,6.797349,45.765226
5,6.797361,45.765442
5,6.79729,45.765685
5,6.796941,45.765678
5,6.79696,45.766263
5,6.796182,45.765664
5,6.79613,45.76595
5,6.795802,45.765915
5,6.795852,45.765665
5,6.795422,45.765664
5,6.795369,45.765432
5,6.794408,45.765342
5,6.793273,45.764443
5,6.792805,45.764319
5,6.792567,45.764113
5,6.792122,45.763932
5,6.7916,45.76362
5,6.790494,45.763541
5,6.790143,45.763089
5,6.79003,45.762901
5,6.789908,45.762797
5,6.789758,45.762751
5,6.789648,45.76262
5,6.788997,45.762522
5,6.788676,45.76227
5,6.788381,45.761934
5,6.787981,45.761653
5,6.787519,45.761414
5,6.787392,45.761442
5,6.787131,45.76128
5,6.786473,45.761132
5,6.786341,45.761219
5,6.786756,45.761834
5,6.787397,45.762393
5,6.787109,45.762373
5,6.786762,45.762224
5,6.7869,45.762503
5,6.787097,45.762679
5,6.787236,45.762937
5,6.787371,45.763079
5,6.787371,45.763582
5,6.787799,45.763662
5,6.787759,45.76415
5,6.78737,45.764142
5,6.787379,45.763898
5,6.78703,45.763906
5,6.786959,45.764666
5,6.78667,45.764689
5,6.786528,45.765161
5,6.786582,45.765363
5,6.786552,45.765593
5,6.786545,45.765765
5,6.786362,45.76625
5,6.785972,45.766774
5,6.785736,45.767029
5,6.78566,45.767386
5,6.785362,45.767639
5,6.78533,45.767926
5,6.785026,45.768234
5,6.785463,45.768542
5,6.785892,45.768703
5,6.78609,45.768913
5,6.786388,45.769213
5,6.786521,45.769487
5,6.787508,45.769513
5,6.787495,45.769846
5,6.787837,45.770205
5,6.788491,45.770443
5,6.788926,45.770819
5,6.789012,45.771154
5,6.788712,45.771226
5,6.788645,45.771397
5,6.788299,45.771627
5,6.788303,45.772016
5,6.788281,45.772506
5,6.788675,45.772828
5,6.788954,45.772818
5,6.789606,45.7731
5,6.79005,45.773229
5,6.790445,45.7731
5,6.790472,45.772906
5,6.790551,45.772435
5,6.791159,45.772262
5,6.791683,45.772429
5,6.791778,45.772542
5,6.792244,45.772801
5,6.792529,45.773126
5,6.792957,45.773357
5,6.793589,45.773438
5,6.793742,45.773608
5,6.794132,45.773768
5,6.794418,45.774594
5,6.794988,45.774744
5,6.795413,45.77528
5,6.794931,45.775174
5,6.794543,45.77493
5,6.793838,45.774694
5,6.793363,45.774657
5,6.793215,45.774376
5,6.792921,45.774273
5,6.792097,45.774007
5,6.791478,45.774106
5,6.791274,45.774227
5,6.791087,45.774432
5,6.790757,45.774245
5,6.79049,45.773962
5,6.790003,45.77373
5,6.789488,45.773693
5,6.789,45.773489
5,6.788754,45.773664
5,6.789081,45.773949
5,6.789643,45.774293
5,6.790306,45.774598
5,6.790772,45.774871
5,6.791781,45.774974
5,6.792577,45.775311
5,6.792921,45.775788
5,6.793024,45.776179
5,6.793738,45.776207
5,6.793967,45.776448
5,6.794558,45.77657
5,6.795373,45.777072
5,6.795814,45.77747
5,6.795703,45.777774
5,6.795692,45.778038
5,6.795924,45.778709
5,6.796684,45.779071
5,6.797362,45.779501
5,6.798635,45.779985
5,6.799138,45.780314
5,6.799789,45.780438
5,6.800196,45.780696
5,6.800846,45.781334
5,6.801092,45.78163
5,6.801491,45.78161
5,6.801545,45.781263
5,6.801018,45.78108
5,6.800997,45.780591
5,6.801249,45.780452
5,6.801749,45.7801
5,6.801822,45.779754
5,6.80182,45.779295
5,6.801749,45.779072
5,6.801222,45.778853
5,6.800864,45.778846
5,6.800713,45.778663
5,6.800403,45.778448
5,6.800135,45.778193
5,6.799978,45.777625
5,6.799996,45.777442
5,6.799915,45.777216
5,6.799861,45.77709
5,6.799654,45.776279
5,6.799843,45.776019
5,6.800349,45.775779
6,6.785193,45.770716
6,6.785803,45.770799
6,6.786378,45.770881
6,6.786794,45.770675
6,6.786903,45.770511
6,6.786641,45.770244
6,6.786274,45.77007
6,6.785911,45.769777
6,6.785303,45.76967
6,6.784831,45.769565
6,6.784884,45.769066
6,6.784896,45.768781
6,6.784246,45.768863
6,6.783523,45.769064
6,6.783442,45.769396
6,6.783904,45.769762
6,6.784299,45.770103
6,6.784729,45.770421
6,6.785193,45.770716
7,6.776671,45.768526
7,6.777146,45.768559
7,6.77793,45.768526
7,6.778244,45.768342
7,6.778423,45.768107
7,6.779043,45.767929
7,6.779032,45.767333
7,6.778779,45.766852
7,6.778624,45.766468
7,6.777979,45.766432
7,6.777767,45.766642
7,6.777424,45.766707
7,6.777264,45.766442
7,6.776971,45.766102
7,6.776831,45.766219
7,6.77668,45.766573
7,6.776363,45.766853
7,6.776423,45.767068
7,6.776174,45.767325
7,6.77633,45.767686
7,6.776389,45.767901
7,6.776339,45.768305
7,6.776671,45.768526
8,6.764485,45.7689
8,6.764878,45.768836
8,6.765111,45.768654
8,6.765245,45.768397
8,6.765539,45.768231
8,6.765709,45.768076
8,6.765952,45.768026
8,6.766026,45.767866
8,6.766357,45.767815
8,6.766377,45.767298
8,6.766706,45.767305
8,6.766686,45.767127
8,6.766739,45.766457
8,6.766431,45.766466
8,6.766454,45.766179
8,6.766472,45.765949
8,6.766063,45.765912
8,6.766137,45.765612
8,6.765727,45.765589
8,6.765694,45.765905
8,6.765324,45.765898
8,6.765334,45.765639
8,6.764946,45.765603
8,6.764597,45.765596
8,6.764596,45.765335
8,6.763825,45.76538
8,6.763835,45.765121
8,6.763766,45.764789
8,6.764156,45.764797
8,6.764276,45.764382
8,6.764306,45.764124
8,6.76421,45.763461
8,6.764642,45.763441
8,6.76462,45.762966
8,6.764632,45.762664
8,6.765063,45.762659
8,6.765065,45.762112
8,6.765475,45.76212
8,6.765467,45.761818
8,6.765436,45.761559
8,6.765488,45.761287
8,6.765016,45.761278
8,6.764605,45.761228
8,6.764196,45.761247
8,6.764082,45.761001
8,6.764392,45.760949
8,6.764431,45.760504
8,6.764781,45.760468
8,6.76477,45.760224
8,6.764216,45.760213
8,6.763582,45.760157
8,6.763552,45.760387
8,6.763182,45.760394
8,6.762748,45.760471
8,6.762719,45.760686
8,6.762061,45.760702
8,6.76212,45.760243
8,6.762514,45.760165
8,6.762543,45.75995
8,6.762955,45.759915
8,6.762843,45.75964
8,6.762535,45.759634
8,6.762104,45.759625
8,6.762129,45.759832
8,6.761876,45.760096
8,6.761517,45.760188
8,6.761565,45.760276
8,6.761247,45.760514
8,6.761281,45.761204
8,6.760848,45.761239
8,6.760859,45.761498
8,6.761186,45.761533
8,6.761208,45.762008
8,6.760889,45.762017
8,6.760796,45.762546
8,6.760383,45.76261
8,6.760342,45.763127
8,6.760051,45.763076
8,6.759602,45.763126
8,6.759475,45.763602
8,6.759659,45.763974
8,6.759371,45.764333
8,6.759236,45.765049
8,6.759572,45.765206
8,6.759771,45.765569
8,6.759574,45.765734
8,6.759432,45.766027
8,6.75921,45.766232
8,6.759114,45.766581
8,6.759461,45.766896
8,6.760252,45.766905
8,6.760388,45.767084
8,6.76078,45.767241
8,6.76104,45.767541
8,6.761219,45.767637
8,6.761751,45.76796
8,6.762149,45.768192
8,6.762845,45.768322
8,6.763099,45.76851
8,6.763203,45.768602
8,6.763458,45.768905
8,6.764014,45.768876
8,6.764067,45.769079
8,6.764354,45.769113
8,6.764485,45.7689
9,6.752896,45.761821
9,6.753245,45.761622
9,6.753727,45.761664
9,6.753998,45.761653
9,6.754208,45.761426
9,6.754763,45.761396
9,6.754638,45.760989
9,6.755147,45.760925
9,6.755175,45.760818
9,6.755342,45.760756
9,6.755143,45.760447
9,6.75539,45.760443
9,6.755733,45.760409
9,6.75576,45.76009
9,6.755398,45.759948
9,6.755369,45.759791
9,6.75481,45.759712
9,6.754799,45.759482
9,6.754472,45.759447
9,6.754019,45.759436
9,6.754102,45.75922
9,6.753694,45.759167
9,6.753252,45.759135
9,6.753295,45.758909
9,6.752932,45.758861
9,6.752706,45.758937
9,6.752478,45.75899
9,6.752188,45.759042
9,6.752061,45.75914
9,6.751906,45.75941
9,6.751677,45.759507
9,6.751618,45.759951
9,6.751616,45.760229
9,6.751936,45.760216
9,6.752467,45.76027
9,6.752427,45.760757
9,6.751932,45.760805
9,6.751964,45.76105
9,6.75268,45.761122
9,6.752724,45.76154
9,6.752896,45.761821
10,6.754712,45.770005
10,6.754305,45.769984
10,6.754384,45.769203
10,6.753211,45.769166
10,6.753188,45.769695
10,6.752817,45.769692
10,6.752786,45.769974
10,6.753184,45.769973
10,6.753153,45.770241
10,6.753543,45.770263
10,6.753533,45.771043
10,6.7543,45.771058
10,6.754318,45.77133
10,6.755047,45.771344
10,6.755432,45.771375
10,6.755408,45.771637
10,6.755812,45.771645
10,6.75582,45.771917
10,6.756558,45.771931
10,6.756566,45.772203
10,6.757314,45.772218
10,6.757354,45.771947
10,6.756957,45.771919
10,6.756968,45.771409
10,6.756599,45.771388
10,6.756601,45.770858
10,6.756234,45.770804
10,6.756233,45.770579
10,6.755472,45.770546
10,6.755487,45.770292
10,6.754701,45.770277
10,6.754712,45.770005
11,6.755362,45.773776
11,6.756034,45.773781
11,6.756136,45.773629
11,6.756151,45.773609
11,6.756192,45.773551
11,6.756348,45.773336
11,6.756489,45.773321
11,6.756526,45.773493
11,6.75688,45.773515
11,6.756876,45.773604
11,6.757211,45.773602
11,6.757171,45.774075
11,6.757619,45.77417
11,6.757631,45.774386
11,6.757834,45.774448
11,6.758328,45.774474
11,6.758295,45.77473
11,6.759138,45.774717
11,6.759189,45.774977
11,6.75954,45.774941
11,6.759535,45.774538
11,6.759144,45.774425
11,6.759077,45.774182
11,6.758834,45.774113
11,6.758808,45.773618
11,6.758035,45.773538
11,6.757959,45.773349
11,6.757746,45.773296
11,6.757564,45.773051
11,6.75732,45.772799
11,6.757029,45.772782
11,6.756929,45.77299
11,6.756554,45.77295
11,6.756494,45.772536
11,6.756305,45.772457
11,6.756154,45.772217
11,6.755443,45.772139
11,6.755005,45.771942
11,6.754952,45.772129
11,6.753943,45.772211
11,6.753795,45.772212
11,6.753779,45.772111
11,6.753869,45.771912
11,6.753342,45.771877
11,6.753146,45.771599
11,6.752379,45.771563
11,6.752299,45.771851
11,6.752212,45.772107
11,6.752728,45.772177
11,6.752747,45.77236
11,6.753428,45.772416
11,6.753826,45.772471
11,6.753754,45.772702
11,6.75458,45.772772
11,6.754995,45.773026
11,6.755048,45.773228
11,6.754534,45.773247
11,6.754523,45.773388
11,6.753852,45.773499
11,6.753263,45.773259
11,6.752723,45.773134
11,6.751579,45.77315
11,6.751622,45.773456
11,6.752697,45.773782
11,6.753548,45.774294
11,6.75536,45.775282
11,6.75638,45.775645
11,6.756505,45.775228
11,6.755544,45.774752
11,6.75512,45.774477
11,6.755197,45.773907
11,6.755242,45.773701
11,6.755276,45.773693
11,6.755362,45.773776
12,6.767883,45.774867
12,6.768294,45.774846
12,6.768582,45.774852
12,6.768819,45.774835
12,6.768859,45.774599
12,6.769166,45.774619
12,6.769577,45.774606
12,6.769619,45.774326
12,6.769639,45.773579
12,6.770389,45.773565
12,6.770339,45.773276
12,6.769985,45.773254
12,6.769333,45.773241
12,6.76904,45.773015
12,6.768956,45.772603
12,6.768531,45.772478
12,6.768178,45.772286
12,6.767768,45.772142
12,6.767361,45.772188
12,6.766573,45.772098
12,6.76639,45.77184
12,6.765732,45.771707
12,6.765442,45.77131
12,6.764273,45.771005
12,6.763735,45.770799
12,6.76315,45.770693
12,6.763158,45.770489
12,6.762881,45.770484
12,6.762792,45.770278
12,6.76259,45.770013
12,6.762018,45.769865
12,6.761367,45.76954
12,6.76075,45.769453
12,6.7605,45.76932
12,6.76032,45.769288
12,6.759791,45.769182
12,6.758626,45.768992
12,6.758318,45.768705
12,6.758045,45.768591
12,6.757842,45.768462
12,6.757305,45.768367
12,6.757034,45.768213
12,6.756688,45.768187
12,6.756611,45.768053
12,6.756417,45.768095
12,6.756142,45.768014
12,6.755759,45.767962
12,6.755584,45.768049
12,6.755144,45.768283
12,6.755014,45.768382
12,6.754725,45.768712
12,6.754687,45.768963
12,6.754778,45.768946
12,6.754729,45.769095
12,6.754704,45.769236
12,6.754709,45.76944
12,6.754987,45.769445
12,6.754942,45.769638
12,6.755175,45.769944
12,6.755437,45.769969
12,6.755579,45.770253
12,6.756187,45.770304
12,6.756426,45.770571
12,6.756547,45.770718
12,6.756948,45.770861
12,6.757072,45.770983
12,6.757234,45.771196
12,6.757352,45.771346
12,6.757653,45.771468
12,6.757663,45.771896
12,6.758089,45.772011
12,6.758373,45.772155
12,6.75873,45.772326
12,6.759078,45.772461
12,6.759407,45.772527
12,6.75965,45.772508
12,6.759981,45.772563
12,6.76023,45.772583
12,6.761661,45.772755
12,6.762109,45.772939
12,6.762346,45.773084
12,6.762374,45.773267
12,6.762641,45.773421
12,6.762778,45.773596
12,6.763042,45.77373
12,6.763653,45.7738
12,6.76387,45.77402
12,6.76386,45.774264
12,6.764121,45.774084
12,6.764108,45.774226
12,6.76429,45.774301
12,6.764517,45.774262
12,6.764969,45.774264
12,6.765338,45.774286
12,6.765497,45.774425
12,6.76577,45.774531
12,6.766211,45.774547
12,6.766354,45.774571
12,6.7666,45.774583
12,6.766991,45.774569
12,6.767155,45.77458
12,6.767657,45.77459
12,6.767606,45.774847
12,6.767883,45.774867
13,6.746768,45.748801
13,6.746695,45.74859
13,6.746731,45.748231
13,6.745935,45.748227
13,6.745916,45.748052
13,6.745694,45.747947
13,6.744585,45.747953
13,6.744073,45.747915
13,6.743646,45.747895
13,6.743606,45.748169
13,6.744003,45.748196
13,6.74401,45.748977
13,6.744427,45.748989
13,6.74445,45.748756
13,6.745189,45.748756
13,6.745546,45.748782
13,6.745506,45.749036
13,6.746328,45.749037
13,6.746295,45.748821
13,6.746768,45.748801
14,6.818307,45.767047
14,6.817922,45.767039
14,6.817536,45.767032
14,6.817151,45.767024
14,6.81714,45.767294
14,6.816755,45.767287
14,6.816369,45.76728
14,6.815984,45.767272
14,6.815994,45.767002
14,6.815609,45.766995
14,6.815223,45.766988
14,6.815213,45.767257
14,6.814827,45.76725
14,6.814817,45.76752
14,6.814431,45.767512
14,6.814045,45.767505
14,6.814035,45.767775
14,6.813649,45.767768
14,6.813264,45.76776
14,6.812878,45.767753
14,6.812868,45.768023
14,6.812857,45.768292
14,6.813243,45.7683
14,6.813232,45.76857
14,6.813222,45.768839
14,6.812836,45.768832
14,6.812451,45.768825
14,6.812065,45.768817
14,6.811679,45.76881
14,6.811294,45.768803
14,6.810908,45.768795
14,6.810523,45.768788
14,6.810137,45.76878
14,6.810127,45.76905
14,6.809741,45.769043
14,6.809731,45.769313
14,6.809345,45.769305
14,6.809334,45.769575
14,6.808949,45.769568
14,6.808938,45.769837
14,6.809324,45.769845
14,6.809313,45.770115
14,6.808928,45.770107
14,6.808917,45.770377
14,6.808907,45.770647
14,6.808521,45.77064
14,6.80851,45.770909
14,6.8085,45.771179
14,6.808489,45.771449
14,6.808479,45.771719
14,6.808468,45.771989
14,6.808458,45.772258
14,6.808072,45.772251
14,6.808061,45.772521
14,6.807676,45.772514
14,6.807665,45.772783
14,6.80728,45.772776
14,6.807269,45.773046
14,6.806884,45.773038
14,6.806873,45.773308
14,6.806487,45.773301
14,6.806477,45.773571
14,6.806091,45.773563
14,6.806081,45.773833
14,6.80607,45.774103
14,6.806059,45.774373
14,6.806049,45.774642
14,6.806038,45.774912
14,6.806424,45.77492
14,6.80681,45.774927
14,6.80682,45.774657
14,6.807206,45.774665
14,6.807591,45.774672
14,6.807602,45.774402
14,6.807987,45.77441
14,6.808373,45.774417
14,6.808759,45.774424
14,6.808769,45.774155
14,6.809155,45.774162
14,6.80954,45.774169
14,6.809926,45.774177
14,6.810312,45.774184
14,6.810697,45.774192
14,6.810708,45.773922
14,6.811093,45.773929
14,6.811479,45.773937
14,6.811489,45.773667
14,6.811875,45.773674
14,6.811886,45.773404
14,6.812271,45.773412
14,6.812282,45.773142
14,6.812667,45.773149
14,6.812678,45.772879
14,6.813063,45.772887
14,6.813074,45.772617
14,6.81346,45.772624
14,6.813845,45.772632
14,6.814231,45.772639
14,6.814616,45.772647
14,6.815002,45.772654
14,6.815012,45.772384
14,6.815398,45.772391
14,6.815408,45.772122
14,6.815794,45.772129
14,6.815805,45.771859
14,6.81619,45.771867
14,6.816201,45.771597
14,6.816586,45.771604
14,6.816597,45.771334
14,6.816982,45.771342
14,6.816993,45.771072
14,6.817378,45.771079
14,6.817764,45.771087
14,6.817775,45.770817
14,6.81816,45.770824
14,6.818171,45.770554
14,6.818556,45.770562
14,6.818567,45.770292
14,6.818577,45.770022
14,6.818963,45.770029
14,6.818973,45.76976
14,6.819359,45.769767
14,6.819744,45.769774
14,6.819755,45.769504
14,6.820141,45.769512
14,6.820526,45.769519
14,6.820912,45.769527
14,6.821297,45.769534
14,6.821308,45.769264
14,6.821693,45.769271
14,6.821704,45.769002
14,6.822089,45.769009
14,6.8221,45.768739
14,6.822485,45.768746
14,6.822496,45.768477
14,6.822881,45.768484
14,6.822892,45.768214
14,6.823277,45.768222
14,6.823288,45.767952
14,6.823674,45.767959
14,6.823684,45.767689
14,6.823695,45.767419
14,6.823309,45.767412
14,6.822923,45.767405
14,6.822538,45.767397
14,6.822152,45.76739
14,6.821767,45.767383
14,6.821381,45.767375
14,6.820996,45.767368
14,6.82061,45.767361
14,6.820225,45.767353
14,6.819839,45.767346
14,6.819454,45.767338
14,6.819068,45.767331
14,6.818682,45.767324
14,6.818297,45.767316
14,6.818307,45.767047
15,6.825607,45.787708
15,6.825597,45.787961
15,6.826095,45.788281
15,6.826337,45.789072
15,6.826211,45.789609
15,6.826304,45.789611
15,6.826294,45.789881
15,6.826283,45.790151
15,6.825898,45.790144
15,6.825887,45.790413
15,6.825877,45.790683
15,6.825866,45.790953
15,6.826252,45.79096
15,6.826242,45.79123
15,6.826231,45.7915
15,6.826221,45.79177
15,6.825835,45.791762
15,6.825824,45.792032
15,6.825439,45.792025
15,6.825428,45.792295
15,6.825418,45.792565
15,6.825032,45.792557
15,6.825021,45.792827
15,6.824636,45.79282
15,6.824625,45.79309
15,6.824239,45.793082
15,6.824229,45.793352
15,6.823843,45.793345
15,6.823833,45.793615
15,6.823447,45.793607
15,6.823436,45.793877
15,6.823051,45.79387
15,6.82304,45.794139
15,6.82303,45.794409
15,6.822644,45.794402
15,6.822633,45.794672
15,6.822248,45.794664
15,6.822237,45.794934
15,6.821852,45.794927
15,6.821841,45.795197
15,6.821455,45.795189
15,6.821445,45.795459
15,6.821059,45.795452
15,6.820673,45.795444
15,6.820794,45.795717
15,6.821129,45.796223
15,6.821559,45.7966
15,6.822447,45.796617
15,6.823781,45.796584
15,6.825115,45.796546
15,6.826008,45.796437
15,6.826423,45.796477
15,6.826428,45.796364
15,6.826814,45.796372
15,6.826824,45.796102
15,6.826835,45.795832
15,6.82722,45.795839
15,6.827231,45.795569
15,6.827617,45.795577
15,6.827627,45.795307
15,6.828013,45.795314
15,6.828398,45.795322
15,6.828784,45.795329
15,6.828795,45.795059
15,6.82918,45.795066
15,6.829191,45.794797
15,6.829201,45.794527
15,6.829587,45.794534
15,6.829598,45.794264
15,6.829608,45.793994
15,6.829619,45.793725
15,6.829233,45.793717
15,6.829243,45.793447
15,6.829254,45.793178
15,6.82964,45.793185
15,6.82965,45.792915
15,6.830036,45.792922
15,6.830046,45.792653
15,6.830432,45.79266
15,6.830818,45.792667
15,6.830807,45.792937
15,6.831193,45.792944
15,6.831579,45.792952
15,6.831589,45.792682
15,6.831975,45.792689
15,6.831985,45.792419
15,6.831996,45.79215
15,6.832006,45.79188
15,6.832321,45.791886
15,6.832242,45.791461
15,6.831997,45.790899
15,6.831856,45.790527
15,6.831673,45.790523
15,6.831287,45.790516
15,6.831298,45.790246
15,6.831308,45.789976
15,6.830922,45.789969
15,6.830933,45.789699
15,6.830943,45.789429
15,6.830954,45.78916
15,6.830964,45.78889
15,6.830975,45.78862
15,6.830985,45.78835
15,6.8306,45.788343
15,6.83061,45.788073
15,6.830224,45.788066
15,6.830235,45.787796
15,6.830245,45.787526
15,6.82986,45.787519
15,6.82987,45.787249
15,6.829484,45.787241
15,6.829495,45.786972
15,6.829505,45.786702
15,6.82912,45.786694
15,6.82913,45.786425
15,6.828744,45.786417
15,6.828755,45.786147
15,6.828765,45.785878
15,6.82838,45.78587
15,6.82839,45.7856
15,6.828401,45.785331
15,6.828411,45.785061
15,6.828422,45.784791
15,6.828432,45.784521
15,6.828443,45.784251
15,6.828453,45.783982
15,6.828067,45.783974
15,6.828078,45.783704
15,6.828088,45.783435
15,6.827703,45.783427
15,6.827713,45.783157
15,6.827328,45.78315
15,6.827338,45.78288
15,6.826952,45.782873
15,6.826963,45.782603
15,6.826577,45.782596
15,6.826588,45.782326
15,6.826598,45.782056
15,6.826984,45.782063
15,6.826994,45.781794
15,6.82738,45.781801
15,6.82739,45.781531
15,6.827776,45.781538
15,6.828162,45.781546
15,6.828172,45.781276
15,6.828558,45.781283
15,6.828944,45.781291
15,6.828954,45.781021
15,6.82934,45.781028
15,6.82935,45.780758
15,6.829736,45.780766
15,6.829746,45.780496
15,6.830132,45.780503
15,6.830142,45.780233
15,6.830528,45.780241
15,6.830538,45.779971
15,6.830924,45.779978
15,6.830935,45.779708
15,6.830945,45.779438
15,6.831331,45.779446
15,6.831341,45.779176
15,6.831727,45.779183
15,6.831737,45.778913
15,6.832123,45.778921
15,6.832508,45.778928
15,6.832519,45.778658
15,6.832905,45.778666
15,6.832915,45.778396
15,6.833301,45.778403
15,6.833311,45.778133
15,6.833322,45.777863
15,6.833707,45.777871
15,6.833718,45.777601
15,6.833728,45.777331
15,6.834114,45.777338
15,6.834124,45.777069
15,6.834135,45.776799
15,6.834145,45.776529
15,6.834531,45.776536
15,6.834541,45.776266
15,6.834552,45.775997
15,6.834937,45.776004
15,6.834948,45.775734
15,6.834958,45.775464
15,6.835344,45.775472
15,6.835354,45.775202
15,6.83574,45.775209
15,6.83575,45.774939
15,6.836136,45.774946
15,6.836146,45.774677
15,6.835761,45.774669
15,6.835375,45.774662
15,6.834989,45.774655
15,6.834979,45.774925
15,6.834593,45.774917
15,6.834208,45.77491
15,6.833822,45.774903
15,6.833437,45.774895
15,6.833051,45.774888
15,6.832665,45.774881
15,6.83228,45.774873
15,6.831894,45.774866
15,6.831509,45.774859
15,6.831123,45.774851
15,6.831133,45.774582
15,6.830748,45.774574
15,6.830737,45.774844
15,6.830352,45.774837
15,6.829966,45.774829
15,6.829581,45.774822
15,6.829195,45.774815
15,6.829184,45.775085
15,6.828799,45.775077
15,6.828413,45.77507
15,6.828403,45.77534
15,6.828392,45.77561
15,6.828007,45.775602
15,6.827996,45.775872
15,6.827611,45.775865
15,6.8276,45.776135
15,6.82759,45.776404
15,6.827579,45.776674
15,6.827194,45.776667
15,6.827183,45.776937
15,6.826797,45.776929
15,6.826787,45.777199
15,6.826777,45.777469
15,6.826391,45.777462
15,6.82638,45.777732
15,6.825995,45.777724
15,6.825609,45.777717
15,6.825224,45.777709
15,6.824838,45.777702
15,6.824452,45.777695
15,6.824442,45.777965
15,6.824056,45.777957
15,6.823671,45.77795
15,6.823285,45.777943
15,6.822899,45.777935
15,6.822514,45.777928
15,6.822524,45.777658
15,6.822139,45.777651
15,6.822149,45.777381
15,6.822535,45.777388
15,6.822545,45.777118
15,6.822556,45.776849
15,6.822941,45.776856
15,6.822952,45.776586
15,6.823338,45.776593
15,6.823348,45.776324
15,6.823734,45.776331
15,6.823744,45.776061
15,6.823755,45.775791
15,6.823369,45.775784
15,6.82338,45.775514
15,6.822994,45.775507
15,6.823004,45.775237
15,6.822619,45.77523
15,6.822233,45.775222
15,6.822244,45.774952
15,6.821858,45.774945
15,6.821869,45.774675
15,6.821483,45.774668
15,6.821494,45.774398
15,6.821108,45.774391
15,6.820722,45.774383
15,6.820712,45.774653
15,6.820326,45.774646
15,6.819941,45.774638
15,6.819555,45.774631
15,6.81917,45.774624
15,6.818784,45.774616
15,6.818398,45.774609
15,6.818013,45.774602
15,6.817627,45.774594
15,6.817242,45.774587
15,6.817252,45.774317
15,6.816867,45.77431
15,6.816481,45.774302
15,6.816095,45.774295
15,6.81571,45.774288
15,6.815324,45.77428
15,6.814939,45.774273
15,6.814553,45.774265
15,6.814167,45.774258
15,6.813782,45.774251
15,6.813771,45.774521
15,6.813386,45.774513
15,6.813,45.774506
15,6.81299,45.774776
15,6.812604,45.774768
15,6.812218,45.774761
15,6.811833,45.774753
15,6.811447,45.774746
15,6.811437,45.775016
15,6.811051,45.775008
15,6.81104,45.775278
15,6.81103,45.775548
15,6.811019,45.775818
15,6.811009,45.776088
15,6.810623,45.77608
15,6.810613,45.77635
15,6.810227,45.776343
15,6.810216,45.776613
15,6.809831,45.776605
15,6.80982,45.776875
15,6.809435,45.776868
15,6.809424,45.777138
15,6.809038,45.77713
15,6.809028,45.7774
15,6.809017,45.77767
15,6.808632,45.777662
15,6.808621,45.777932
15,6.808611,45.778202
15,6.808225,45.778195
15,6.808214,45.778464
15,6.807829,45.778457
15,6.807818,45.778727
15,6.807433,45.778719
15,6.807422,45.778989
15,6.807036,45.778982
15,6.806651,45.778974
15,6.80664,45.779244
15,6.806255,45.779237
15,6.806244,45.779507
15,6.805858,45.779499
15,6.805848,45.779769
15,6.805462,45.779762
15,6.805452,45.780032
15,6.805066,45.780024
15,6.805055,45.780294
15,6.80467,45.780287
15,6.804659,45.780556
15,6.804649,45.780826
15,6.805034,45.780834
15,6.805024,45.781103
15,6.805013,45.781373
15,6.805002,45.781643
15,6.804617,45.781636
15,6.804606,45.781905
15,6.804596,45.782175
15,6.80421,45.782168
15,6.804199,45.782438
15,6.803814,45.78243
15,6.803803,45.7827
15,6.803417,45.782693
15,6.803032,45.782685
15,6.803021,45.782955
15,6.803011,45.783225
15,6.803396,45.783232
15,6.803386,45.783502
15,6.803771,45.78351
15,6.803761,45.783779
15,6.804146,45.783787
15,6.804136,45.784057
15,6.80375,45.784049
15,6.803739,45.784319
15,6.803729,45.784589
15,6.803343,45.784581
15,6.803333,45.784851
15,6.803322,45.785121
15,6.803708,45.785128
15,6.803697,45.785398
15,6.804083,45.785406
15,6.804072,45.785676
15,6.804458,45.785683
15,6.804843,45.78569
15,6.804854,45.785421
15,6.80524,45.785428
15,6.805625,45.785435
15,6.805636,45.785166
15,6.806022,45.785173
15,6.806032,45.784903
15,6.806418,45.784911
15,6.806428,45.784641
15,6.806814,45.784648
15,6.806825,45.784378
15,6.80721,45.784386
15,6.807596,45.784393
15,6.807585,45.784663
15,6.807971,45.78467
15,6.808357,45.784678
15,6.808742,45.784685
15,6.808732,45.784955
15,6.809117,45.784962
15,6.809503,45.78497
15,6.809889,45.784977
15,6.809899,45.784707
15,6.810285,45.784715
15,6.810671,45.784722
15,6.810681,45.784452
15,6.811067,45.78446
15,6.811077,45.78419
15,6.811463,45.784197
15,6.811849,45.784205
15,6.812234,45.784212
15,6.812224,45.784482
15,6.81261,45.784489
15,6.812995,45.784497
15,6.813381,45.784504
15,6.81337,45.784774
15,6.813756,45.784781
15,6.814142,45.784789
15,6.814527,45.784796
15,6.814913,45.784803
15,6.814902,45.785073
15,6.815288,45.785081
15,6.815278,45.78535
15,6.815663,45.785358
15,6.815653,45.785628
15,6.815267,45.78562
15,6.815256,45.78589
15,6.814871,45.785883
15,6.814485,45.785875
15,6.814099,45.785868
15,6.81411,45.785598
15,6.813724,45.785591
15,6.813735,45.785321
15,6.813349,45.785314
15,6.812964,45.785306
15,6.812578,45.785299
15,6.812192,45.785291
15,6.811807,45.785284
15,6.811421,45.785277
15,6.811035,45.785269
15,6.81065,45.785262
15,6.810264,45.785254
15,6.810253,45.785524
15,6.809868,45.785517
15,6.809482,45.785509
15,6.809096,45.785502
15,6.808711,45.785495
15,6.808325,45.785487
15,6.807939,45.78548
15,6.807554,45.785472
15,6.807543,45.785742
15,6.807157,45.785735
15,6.806772,45.785727
15,6.806386,45.78572
15,6.806,45.785713
15,6.80599,45.785982
15,6.805604,45.785975
15,6.805219,45.785968
15,6.805208,45.786237
15,6.804822,45.78623
15,6.804812,45.7865
15,6.804426,45.786492
15,6.804415,45.786762
15,6.804405,45.787032
15,6.804394,45.787302
15,6.804384,45.787572
15,6.804373,45.787842
15,6.803987,45.787834
15,6.803977,45.788104
15,6.803966,45.788374
15,6.803956,45.788644
15,6.803945,45.788913
15,6.803934,45.789183
15,6.803924,45.789453
15,6.803913,45.789723
15,6.803903,45.789993
15,6.803892,45.790263
15,6.803881,45.790532
15,6.803871,45.790802
15,6.80386,45.791072
15,6.803849,45.791342
15,6.803839,45.791612
15,6.803828,45.791881
15,6.803443,45.791874
15,6.803432,45.792144
15,6.803421,45.792414
15,6.803807,45.792421
15,6.804193,45.792429
15,6.804579,45.792436
15,6.804568,45.792706
15,6.804954,45.792713
15,6.804947,45.792888
15,6.805628,45.793198
15,6.806082,45.793326
15,6.806464,45.793572
15,6.806729,45.793767
15,6.807082,45.793834
15,6.807226,45.793837
15,6.807236,45.793567
15,6.807622,45.793574
15,6.808008,45.793582
15,6.808018,45.793312
15,6.808404,45.793319
15,6.80879,45.793327
15,6.8088,45.793057
15,6.809186,45.793064
15,6.809175,45.793334
15,6.809561,45.793342
15,6.80955,45.793611
15,6.80954,45.793881
15,6.809154,45.793874
15,6.809144,45.794144
15,6.808758,45.794136
15,6.808747,45.794406
15,6.808362,45.794399
15,6.808351,45.794669
15,6.808737,45.794676
15,6.808726,45.794946
15,6.808716,45.795216
15,6.809053,45.795222
15,6.809109,45.795135
15,6.809449,45.795165
15,6.80963,45.794883
15,6.809904,45.794828
15,6.810427,45.794957
15,6.810653,45.795031
15,6.810655,45.794983
15,6.810961,45.794989
15,6.811029,45.794967
15,6.811051,45.79472
15,6.811062,45.794451
15,6.811072,45.794181
15,6.811083,45.793911
15,6.811093,45.793641
15,6.811479,45.793648
15,6.81149,45.793379
15,6.8115,45.793109
15,6.811511,45.792839
15,6.811521,45.792569
15,6.811532,45.792299
15,6.811542,45.79203
15,6.811928,45.792037
15,6.811939,45.791767
15,6.811949,45.791497
15,6.81196,45.791227
15,6.811574,45.79122
15,6.811585,45.79095
15,6.811595,45.79068
15,6.811981,45.790688
15,6.811992,45.790418
15,6.812377,45.790425
15,6.812388,45.790156
15,6.812773,45.790163
15,6.813159,45.79017
15,6.813545,45.790178
15,6.813931,45.790185
15,6.813941,45.789915
15,6.814327,45.789923
15,6.814713,45.78993
15,6.815098,45.789937
15,6.815484,45.789945
15,6.815473,45.790215
15,6.815859,45.790222
15,6.815849,45.790492
15,6.815838,45.790762
15,6.816224,45.790769
15,6.816213,45.791039
15,6.816203,45.791309
15,6.816588,45.791316
15,6.816578,45.791586
15,6.816963,45.791593
15,6.816974,45.791323
15,6.81736,45.791331
15,6.81737,45.791061
15,6.817381,45.790791
15,6.816995,45.790784
15,6.817006,45.790514
15,6.817391,45.790521
15,6.817402,45.790251
15,6.817788,45.790259
15,6.818173,45.790266
15,6.818184,45.789996
15,6.817798,45.789989
15,6.817809,45.789719
15,6.817423,45.789712
15,6.817433,45.789442
15,6.817444,45.789172
15,6.817455,45.788902
15,6.817465,45.788633
15,6.817851,45.78864
15,6.817861,45.78837
15,6.817872,45.7881
15,6.818258,45.788108
15,6.818268,45.787838
15,6.818279,45.787568
15,6.818664,45.787575
15,6.818675,45.787306
15,6.81906,45.787313
15,6.819446,45.78732
15,6.819832,45.787328
15,6.819842,45.787058
15,6.820228,45.787065
15,6.820239,45.786795
15,6.820624,45.786803
15,6.820635,45.786533
15,6.82102,45.78654
15,6.821031,45.78627
15,6.821417,45.786278
15,6.821427,45.786008
15,6.821813,45.786015
15,6.821819,45.785857
15,6.82283,45.7856
15,6.823381,45.785387
15,6.823377,45.785505
15,6.823366,45.785775
15,6.823752,45.785782
15,6.823741,45.786052
15,6.824127,45.786059
15,6.824116,45.786329
15,6.824106,45.786599
15,6.824095,45.786869
15,6.824481,45.786876
15,6.824471,45.787146
15,6.824856,45.787153
15,6.824846,45.787423
15,6.825231,45.787431
15,6.825221,45.7877
15,6.825607,45.787708
16,6.825231,45.789321
16,6.824819,45.789043
16,6.824783,45.789042
16,6.824397,45.789035
16,6.824011,45.789027
16,6.824022,45.788758
16,6.823636,45.78875
16,6.823647,45.78848
16,6.823261,45.788473
16,6.822875,45.788466
16,6.82249,45.788458
16,6.8225,45.788189
16,6.822114,45.788181
16,6.821729,45.788174
16,6.821343,45.788167
16,6.820957,45.788159
16,6.820947,45.788429
16,6.820561,45.788422
16,6.820551,45.788691
16,6.82054,45.788961
16,6.82053,45.789231
16,6.820144,45.789224
16,6.820133,45.789494
16,6.820123,45.789763
16,6.819737,45.789756
16,6.819727,45.790026
16,6.819716,45.790296
16,6.81933,45.790288
16,6.81932,45.790558
16,6.819309,45.790828
16,6.818924,45.790821
16,6.818913,45.79109
16,6.818903,45.79136
16,6.818892,45.79163
16,6.819278,45.791637
16,6.819267,45.791907
16,6.819653,45.791915
16,6.819642,45.792184
16,6.820028,45.792192
16,6.820018,45.792462
16,6.820403,45.792469
16,6.820393,45.792739
16,6.820382,45.793009
16,6.820372,45.793278
16,6.820361,45.793548
16,6.820351,45.793818
16,6.819965,45.793811
16,6.819954,45.794081
16,6.819978,45.794333
16,6.820319,45.794632
16,6.820705,45.794635
16,6.821091,45.794642
16,6.821476,45.79465
16,6.821487,45.79438
16,6.821873,45.794387
16,6.821883,45.794117
16,6.821894,45.793848
16,6.822279,45.793855
16,6.82229,45.793585
16,6.822676,45.793592
16,6.822686,45.793323
16,6.8223,45.793315
16,6.822311,45.793045
16,6.821925,45.793038
16,6.821936,45.792768
16,6.822321,45.792776
16,6.822332,45.792506
16,6.822718,45.792513
16,6.823103,45.792521
16,6.823489,45.792528
16,6.823875,45.792535
16,6.823885,45.792265
16,6.823896,45.791996
16,6.824281,45.792003
16,6.824292,45.791733
16,6.824302,45.791463
16,6.824313,45.791193
16,6.823927,45.791186
16,6.823938,45.790916
16,6.823552,45.790909
16,6.823542,45.791179
16,6.823156,45.791171
16,6.82277,45.791164
16,6.822384,45.791157
16,6.822395,45.790887
16,6.822405,45.790617
16,6.822791,45.790624
16,6.822802,45.790355
16,6.822812,45.790085
16,6.823198,45.790092
16,6.823208,45.789822
16,6.823594,45.78983
16,6.82398,45.789837
16,6.82399,45.789567
16,6.824376,45.789574
16,6.824762,45.789582
16,6.824772,45.789312
16,6.825158,45.789319
16,6.825231,45.789321
17,6.812288,45.797174
17,6.812499,45.797178
17,6.812885,45.797186
17,6.812874,45.797456
17,6.81326,45.797463
17,6.813646,45.79747
17,6.814031,45.797478
17,6.814417,45.797485
17,6.814803,45.797492
17,6.815189,45.7975
17,6.815178,45.79777
17,6.815564,45.797777
17,6.81595,45.797784
17,6.81596,45.797515
17,6.816346,45.797522
17,6.816732,45.797529
17,6.817117,45.797537
17,6.817107,45.797807
17,6.817493,45.797814
17,6.817878,45.797821
17,6.818264,45.797829
17,6.81865,45.797836
17,6.818639,45.798106
17,6.819025,45.798113
17,6.819411,45.798121
17,6.819797,45.798128
17,6.819786,45.798398
17,6.820172,45.798405
17,6.820558,45.798413
17,6.820943,45.79842
17,6.820933,45.79869
17,6.821318,45.798697
17,6.821704,45.798704
17,6.82209,45.798712
17,6.822079,45.798982
17,6.822465,45.798989
17,6.822851,45.798996
17,6.82284,45.799266
17,6.823226,45.799273
17,6.823612,45.799281
17,6.823998,45.799288
17,6.824008,45.799018
17,6.824394,45.799026
17,6.824405,45.798756
17,6.82479,45.798763
17,6.824801,45.798493
17,6.825187,45.798501
17,6.825197,45.798231
17,6.825208,45.797961
17,6.825218,45.797691
17,6.824832,45.797684
17,6.824843,45.797414
17,6.824853,45.797144
17,6.825239,45.797152
17,6.82525,45.796882
17,6.825635,45.796889
17,6.826021,45.796896
17,6.826032,45.796627
17,6.826417,45.796634
17,6.826423,45.796477
17,6.826008,45.796437
17,6.825115,45.796546
17,6.823781,45.796584
17,6.822447,45.796617
17,6.821559,45.7966
17,6.821129,45.796223
17,6.820794,45.795717
17,6.820673,45.795444
17,6.820624,45.795178
17,6.820298,45.795167
17,6.820309,45.794897
17,6.820319,45.794632
17,6.819978,45.794333
17,6.819558,45.794343
17,6.819172,45.794336
17,6.819183,45.794066
17,6.818797,45.794058
17,6.818412,45.794051
17,6.818401,45.794321
17,6.818015,45.794314
17,6.818005,45.794583
17,6.817619,45.794576
17,6.817233,45.794569
17,6.817244,45.794299
17,6.816858,45.794291
17,6.816472,45.794284
17,6.816087,45.794277
17,6.815701,45.794269
17,6.81569,45.794539
17,6.815305,45.794532
17,6.814919,45.794524
17,6.814908,45.794794
17,6.814523,45.794787
17,6.814512,45.795057
17,6.814126,45.795049
17,6.814116,45.795319
17,6.81373,45.795312
17,6.813719,45.795582
17,6.813334,45.795574
17,6.813323,45.795844
17,6.812937,45.795837
17,6.812552,45.795829
17,6.81245,45.795827
17,6.8124,45.795865
17,6.812165,45.796205
17,6.812083,45.796561
17,6.811984,45.796916
17,6.812288,45.797174
18,6.811598,45.796979
18,6.811603,45.796915
18,6.81173,45.796888
18,6.811806,45.796687
18,6.811886,45.796379
18,6.811944,45.796201
18,6.811942,45.79618
18,6.811966,45.79617
18,6.812047,45.795826
18,6.812035,45.795819
18,6.811563,45.795566
18,6.810788,45.795316
18,6.810646,45.795216
18,6.810499,45.795113
18,6.810351,45.795009
18,6.809792,45.794951
18,6.8096,45.795262
18,6.809495,45.795267
18,6.809425,45.795343
18,6.809251,45.795435
18,6.809188,45.795732
18,6.809178,45.795993
18,6.809159,45.796226
18,6.809159,45.796226
18,6.809301,45.796606
18,6.809676,45.79677
18,6.810093,45.797013
18,6.811598,45.796979
19,6.808307,45.795629
19,6.807868,45.795385
19,6.807767,45.795101
19,6.807783,45.794693
19,6.808087,45.794369
19,6.807759,45.794159
19,6.807716,45.794111
19,6.807023,45.79405
19,6.806555,45.793963
19,6.806523,45.793721
19,6.80652,45.793696
19,6.806432,45.793663
19,6.805547,45.793331
19,6.805371,45.79324
19,6.80488,45.792987
19,6.804822,45.792957
19,6.804394,45.79298
19,6.804084,45.79346
19,6.803832,45.793581
19,6.803484,45.793888
19,6.80359,45.794032
19,6.803394,45.794452
19,6.802647,45.79461
19,6.801645,45.794418
19,6.801188,45.794048
19,6.801133,45.793749
19,6.800943,45.793447
19,6.800416,45.793154
19,6.800062,45.793022
19,6.799039,45.792798
19,6.798505,45.792678
19,6.796399,45.79259
19,6.796054,45.792238
19,6.79596,45.791781
19,6.796312,45.791396
19,6.797598,45.790731
19,6.797916,45.790996
19,6.797523,45.791592
19,6.798043,45.791947
19,6.798487,45.792157
19,6.798845,45.792451
19,6.799944,45.792731
19,6.800416,45.791428
19,6.800571,45.791493
19,6.801078,45.791057
19,6.801417,45.790805
19,6.801705,45.790782
19,6.801832,45.790698
19,6.802051,45.790357
19,6.802069,45.789897
19,6.802686,45.789619
19,6.80318,45.789613
19,6.803274,45.787794
19,6.802985,45.7875
19,6.802852,45.786693
19,6.801791,45.786714
19,6.801416,45.786636
19,6.801217,45.786489
19,6.801151,45.786056
19,6.801172,45.785539
19,6.801923,45.785237
19,6.802114,45.784774
19,6.801531,45.784762
19,6.801345,45.784931
19,6.80074,45.78492
19,6.800642,45.784557
19,6.800765,45.784277
19,6.801512,45.784118
19,6.801614,45.783806
19,6.802063,45.783799
19,6.801647,45.78354
19,6.801659,45.783226
19,6.801912,45.783059
19,6.801776,45.782522
19,6.801602,45.782393
19,6.801573,45.781985
19,6.801404,45.781715
19,6.800981,45.781628
19,6.799767,45.780553
19,6.798105,45.78039
19,6.798103,45.78043
19,6.798093,45.7807
19,6.798082,45.78097
19,6.796925,45.780947
19,6.796915,45.781217
19,6.796336,45.781206
19,6.796263,45.781255
19,6.796165,45.781203
19,6.794987,45.78118
19,6.794997,45.78091
19,6.795008,45.78064
19,6.795393,45.780648
19,6.795404,45.780378
19,6.795415,45.780108
19,6.796186,45.780123
19,6.796197,45.779853
19,6.796617,45.779843
19,6.796968,45.779868
19,6.796963,45.779999
19,6.797356,45.780123
19,6.79767,45.780148
19,6.797878,45.780124
19,6.797864,45.779888
19,6.796941,45.779415
19,6.795858,45.778986
19,6.795492,45.779183
19,6.794368,45.77924
19,6.794292,45.779458
19,6.793481,45.779537
19,6.79237,45.78041
19,6.791892,45.780574
19,6.791887,45.780699
19,6.791591,45.780819
19,6.791562,45.780991
19,6.790996,45.781106
19,6.791061,45.781735
19,6.791295,45.782069
19,6.791492,45.782198
19,6.791568,45.782529
19,6.791157,45.78271
19,6.790351,45.782679
19,6.789858,45.782669
19,6.789579,45.782915
19,6.789019,45.782888
19,6.788992,45.782433
19,6.788597,45.782221
19,6.787994,45.782146
19,6.787779,45.781907
19,6.786678,45.781948
19,6.786002,45.782029
19,6.785823,45.781461
19,6.785268,45.781293
19,6.785156,45.780741
19,6.784393,45.780727
19,6.784272,45.78096
19,6.783386,45.780676
19,6.78369,45.780352
19,6.783864,45.779932
19,6.784433,45.779739
19,6.784924,45.779795
19,6.785001,45.780111
19,6.785319,45.780007
19,6.78557,45.779352
19,6.785868,45.779186
19,6.785793,45.778807
19,6.786378,45.778756
19,6.786804,45.77878
19,6.787197,45.779054
19,6.787255,45.779275
19,6.787557,45.779595
19,6.78775,45.779819
19,6.78808,45.779401
19,6.788933,45.779386
19,6.789539,45.779382
19,6.789776,45.779073
19,6.79005,45.778937
19,6.790297,45.778377
19,6.790411,45.777751
19,6.789841,45.77741
19,6.789721,45.777047
19,6.78907,45.777066
19,6.788676,45.777388
19,6.787912,45.777404
19,6.787084,45.777357
19,6.786341,45.777437
19,6.785817,45.777646
19,6.78502,45.777929
19,6.784944,45.778147
19,6.784505,45.778484
19,6.784027,45.778648
19,6.78366,45.778279
19,6.783529,45.778198
19,6.783137,45.778473
19,6.782809,45.778247
19,6.782715,45.77779
19,6.782302,45.777468
19,6.782173,45.777324
19,6.781911,45.777147
19,6.782216,45.776807
19,6.782455,45.77642
19,6.782586,45.775967
19,6.783174,45.775837
19,6.784138,45.775856
19,6.78408,45.775619
19,6.783708,45.775392
19,6.783697,45.775094
19,6.783595,45.774841
19,6.783195,45.774739
19,6.783479,45.774367
19,6.784089,45.774269
19,6.784548,45.773996
19,6.784941,45.773705
19,6.785371,45.773604
19,6.785375,45.772929
19,6.785365,45.772615
19,6.785174,45.772344
19,6.784415,45.772266
19,6.783838,45.772098
19,6.784591,45.771783
19,6.783925,45.771598
19,6.78346,45.771463
19,6.782918,45.771531
19,6.782728,45.77181
19,6.782072,45.771938
19,6.781506,45.772084
19,6.780853,45.772135
19,6.780979,45.771807
19,6.780969,45.771478
19,6.781581,45.771317
19,6.782146,45.771202
19,6.781914,45.770852
19,6.781366,45.770512
19,6.780713,45.770028
19,6.779878,45.770153
19,6.77964,45.770494
19,6.778295,45.770649
19,6.776639,45.771503
19,6.776302,45.771528
19,6.776015,45.771978
19,6.775294,45.772388
19,6.774843,45.772677
19,6.774243,45.772982
19,6.773821,45.7723
19,6.773573,45.771899
19,6.773287,45.771752
19,6.77314,45.771498
19,6.772678,45.771285
19,6.772583,45.770843
19,6.772374,45.770463
19,6.771766,45.770513
19,6.770998,45.770655
19,6.770455,45.770826
19,6.770836,45.771462
19,6.771207,45.772166
19,6.771474,45.772219
19,6.771511,45.772973
19,6.77181,45.773355
19,6.772095,45.773719
19,6.772502,45.774013
19,6.772934,45.774429
19,6.773293,45.775196
19,6.774471,45.776038
19,6.775354,45.776041
19,6.775431,45.775668
19,6.775834,45.775331
19,6.776944,45.77531
19,6.776974,45.775095
19,6.77757,45.775078
19,6.777985,45.774971
19,6.778407,45.774691
19,6.778935,45.774314
19,6.779715,45.774329
19,6.779974,45.774032
19,6.780459,45.774214
19,6.781249,45.774517
19,6.780784,45.775356
19,6.780054,45.775643
19,6.779264,45.775872
19,6.778978,45.776356
19,6.778597,45.776621
19,6.77765,45.776675
19,6.777186,45.776982
19,6.77679,45.777118
19,6.776598,45.776846
19,6.776131,45.776847
19,6.776103,45.776328
19,6.775404,45.776344
19,6.775219,45.776857
19,6.774533,45.776992
19,6.774013,45.777222
19,6.773182,45.777465
19,6.772058,45.777269
19,6.771378,45.777178
19,6.77132,45.777305
19,6.771318,45.777307
19,6.77012,45.777284
19,6.769066,45.777263
19,6.768215,45.776978
19,6.766721,45.777184
19,6.765957,45.777102
19,6.764903,45.777081
19,6.764373,45.777138
19,6.763997,45.776963
19,6.763273,45.777083
19,6.762363,45.777065
19,6.761116,45.777074
19,6.759913,45.777184
19,6.759287,45.777273
19,6.758069,45.777752
19,6.757326,45.778341
19,6.757508,45.77858
19,6.757121,45.778673
19,6.757038,45.778672
19,6.756943,45.778825
19,6.75663,45.778819
19,6.756392,45.778579
19,6.755284,45.778808
19,6.755069,45.778935
19,6.755081,45.778954
19,6.754814,45.779122
19,6.754086,45.779351
19,6.753317,45.779688
19,6.753151,45.779953
19,6.752751,45.780063
19,6.752354,45.78039
19,6.752264,45.780833
19,6.752223,45.78126
19,6.752033,45.781508
19,6.751739,45.78198
19,6.751813,45.783122
19,6.750992,45.783265
19,6.750222,45.783024
19,6.749012,45.78331
19,6.748793,45.783708
19,6.747917,45.784026
19,6.747483,45.784965
19,6.747205,45.785622
19,6.747065,45.786131
19,6.746698,45.786309
19,6.746565,45.78722
19,6.746075,45.787495
19,6.746159,45.788084
19,6.746042,45.788308
19,6.746312,45.788758
19,6.746588,45.789049
19,6.747253,45.789196
19,6.747592,45.789119
19,6.747701,45.789389
19,6.747986,45.789445
19,6.748305,45.789267
19,6.748773,45.789553
19,6.749079,45.789685
19,6.749463,45.789676
19,6.749797,45.789431
19,6.750124,45.789336
19,6.750283,45.788971
19,6.750544,45.788439
19,6.750796,45.788142
19,6.751093,45.787905
19,6.751342,45.787683
19,6.75136,45.78769
19,6.751618,45.787401
19,6.751917,45.787218
19,6.752257,45.786581
19,6.752667,45.786433
19,6.753158,45.78594
19,6.753524,45.785774
19,6.753752,45.785104
19,6.754453,45.784976
19,6.754698,45.784589
19,6.754976,45.784327
19,6.755629,45.784183
19,6.7559,45.783592
19,6.756527,45.783605
19,6.756586,45.78326
19,6.757015,45.783099
19,6.757639,45.782826
19,6.758442,45.782842
19,6.759317,45.782859
19,6.759329,45.782871
19,6.759666,45.782837
19,6.759662,45.782849
19,6.759888,45.783205
19,6.76055,45.783419
19,6.760782,45.783625
19,6.761425,45.783722
19,6.762238,45.783771
19,6.763436,45.783795
19,6.764348,45.783779
19,6.765834,45.783775
19,6.766361,45.783785
19,6.76664,45.783992
19,6.766964,45.7843
19,6.767875,45.784284
19,6.768931,45.784271
19,6.770485,45.784369
19,6.771709,45.784325
19,6.772725,45.78411
19,6.773727,45.784214
19,6.775069,45.784223
19,6.775301,45.784429
19,6.77597,45.784492
19,6.776054,45.784779
19,6.776487,45.784754
19,6.776666,45.785059
19,6.778752,45.78567
19,6.778793,45.785839
19,6.779171,45.78598
19,6.77928,45.786251
19,6.779661,45.786308
19,6.779684,45.786302
19,6.779775,45.786304
19,6.77984,45.786933
19,6.780196,45.787002
19,6.780301,45.787193
19,6.780613,45.78723
19,6.780707,45.787687
19,6.780858,45.787847
19,6.78155,45.787923
19,6.78182,45.788478
19,6.781961,45.788889
19,6.782499,45.788899
19,6.782823,45.78922
19,6.783253,45.789764
19,6.783448,45.790026
19,6.78398,45.790592
19,6.784603,45.79094
19,6.785036,45.791437
19,6.785985,45.792375
19,6.78815,45.79374
19,6.788024,45.794858
19,6.787265,45.795332
19,6.786518,45.795519
19,6.785156,45.795665
19,6.784726,45.795111
19,6.78429,45.7947
19,6.783015,45.79456
19,6.783164,45.795109
19,6.782465,45.795124
19,6.782492,45.794723
19,6.782294,45.794625
19,6.781734,45.794598
19,6.781456,45.794828
19,6.781207,45.794886
19,6.781215,45.795043
19,6.781479,45.79512
19,6.781606,45.795569
19,6.781646,45.795679
19,6.781987,45.795762
19,6.78225,45.795868
19,6.782104,45.796957
19,6.781815,45.797009
19,6.781743,45.797252
19,6.781022,45.797284
19,6.780618,45.797276
19,6.780561,45.797589
19,6.780287,45.797709
19,6.780049,45.79805
19,6.779825,45.798046
19,6.779435,45.798258
19,6.779009,45.798799
19,6.779382,45.79901
19,6.779417,45.799278
19,6.779727,45.799362
19,6.780111,45.799872
19,6.780508,45.800037
19,6.780547,45.800194
19,6.78075,45.800167
19,6.781028,45.799953
19,6.781785,45.800093
19,6.782036,45.800553
19,6.781961,45.800756
19,6.78157,45.800983
19,6.780648,45.801044
19,6.78045,45.801511
19,6.779957,45.801502
19,6.779879,45.801751
19,6.779985,45.802491
19,6.779623,45.802562
19,6.77964,45.803253
19,6.779928,45.803353
19,6.780027,45.803669
19,6.780313,45.803832
19,6.780376,45.803943
19,6.781711,45.804235
19,6.781936,45.804774
19,6.782267,45.804921
19,6.782257,45.805172
19,6.782546,45.805241
19,6.782717,45.805448
19,6.782942,45.805452
19,6.783136,45.805644
19,6.783583,45.8057
19,6.783595,45.805687
19,6.783601,45.805532
19,6.783731,45.805535
19,6.783818,45.805438
19,6.784001,45.805347
19,6.784072,45.805239
19,6.784634,45.805218
19,6.784718,45.805377
19,6.785151,45.805398
19,6.785155,45.805292
19,6.785282,45.805295
19,6.785331,45.805185
19,6.786316,45.805219
19,6.786323,45.805045
19,6.78647,45.805048
19,6.786482,45.805034
19,6.787023,45.804966
19,6.78712,45.804796
19,6.787728,45.804745
19,6.787651,45.804979
19,6.787988,45.804985
19,6.788066,45.805269
19,6.787556,45.805683
19,6.787357,45.806181
19,6.787046,45.806286
19,6.787041,45.806409
19,6.787034,45.806598
19,6.787079,45.806961
19,6.787018,45.806985
19,6.787009,45.807218
19,6.787006,45.8073
19,6.78711,45.807307
19,6.787162,45.807685
19,6.788307,45.807691
19,6.788695,45.807526
19,6.788766,45.807433
19,6.789704,45.807421
19,6.78971,45.807271
19,6.789818,45.807273
19,6.789828,45.80725
19,6.790483,45.807152
19,6.79151,45.807282
19,6.791409,45.808128
19,6.791454,45.808694
19,6.791196,45.808743
19,6.791189,45.808919
19,6.791178,45.809189
19,6.790792,45.809182
19,6.790782,45.809451
19,6.790779,45.809529
19,6.790924,45.80961
19,6.791206,45.809866
19,6.791506,45.810006
19,6.791532,45.810006
19,6.791532,45.810017
19,6.791735,45.810112
19,6.792453,45.81011
19,6.792855,45.810181
19,6.792858,45.810667
19,6.79266,45.811119
19,6.792646,45.81112
19,6.792636,45.811378
19,6.790935,45.811345
19,6.79131,45.811783
19,6.792138,45.812411
19,6.7924,45.812605
19,6.792744,45.812973
19,6.793658,45.813712
19,6.795523,45.8148
19,6.796563,45.815181
19,6.797317,45.815415
19,6.797689,45.815658
19,6.798688,45.815677
19,6.798721,45.815678
19,6.798864,45.815461
19,6.800056,45.81539
19,6.799963,45.814901
19,6.799834,45.814902
19,6.799829,45.815027
19,6.799443,45.815019
19,6.799448,45.814902
19,6.799223,45.814903
19,6.799199,45.814744
19,6.799068,45.814742
19,6.799079,45.814472
19,6.799089,45.814202
19,6.7991,45.813932
19,6.79911,45.813663
19,6.799246,45.813665
19,6.7993,45.813507
19,6.799508,45.813378
19,6.799518,45.81313
19,6.799746,45.813135
19,6.799862,45.812922
19,6.799913,45.812897
19,6.799914,45.812868
19,6.799971,45.812869
19,6.800306,45.812708
19,6.80031,45.812606
19,6.800397,45.812607
19,6.800538,45.812291
19,6.800713,45.812192
19,6.800718,45.812073
19,6.800866,45.812076
19,6.800886,45.811984
19,6.801106,45.812006
19,6.801114,45.811811
19,6.801288,45.811814
19,6.801303,45.811678
19,6.801821,45.811625
19,6.801942,45.811392
19,6.802514,45.81112
19,6.803343,45.811168
19,6.803585,45.811298
19,6.803506,45.811579
19,6.803628,45.811911
19,6.804151,45.812313
19,6.804095,45.812595
19,6.803903,45.812905
19,6.803391,45.812817
19,6.803387,45.812935
19,6.80263,45.81292
19,6.802614,45.812949
19,6.802604,45.81319
19,6.802311,45.813184
19,6.802247,45.813344
19,6.802212,45.813347
19,6.802208,45.813452
19,6.801871,45.813446
19,6.801818,45.81355
19,6.801811,45.813715
19,6.801736,45.813713
19,6.801666,45.813851
19,6.801418,45.813909
19,6.801415,45.813977
19,6.801146,45.813972
19,6.801028,45.813999
19,6.801018,45.814239
19,6.80037,45.814227
19,6.800322,45.814924
19,6.801219,45.814941
19,6.801345,45.815163
19,6.802714,45.815158
19,6.803059,45.814961
19,6.803754,45.814974
19,6.804077,45.814761
19,6.804526,45.814769
19,6.804987,45.814449
19,6.805302,45.814423
19,6.805757,45.81371
19,6.806931,45.813544
19,6.807137,45.813422
19,6.807787,45.813466
19,6.808365,45.813038
19,6.810382,45.811978
19,6.810449,45.811414
19,6.810841,45.810558
19,6.810831,45.810244
19,6.810246,45.81028
19,6.809927,45.810399
19,6.809688,45.810207
19,6.810253,45.809542
19,6.811199,45.809435
19,6.811695,45.808817
19,6.812168,45.808763
19,6.813056,45.807869
19,6.81296,45.806894
19,6.812882,45.806579
19,6.811993,45.806374
19,6.811329,45.806691
19,6.810855,45.80676
19,6.810644,45.806991
19,6.809986,45.807183
19,6.809528,45.807425
19,6.808471,45.807468
19,6.808327,45.8077
19,6.808151,45.807618
19,6.808096,45.807288
19,6.807877,45.807158
19,6.807629,45.8072
19,6.807708,45.806904
19,6.807604,45.806682
19,6.807337,45.806614
19,6.807353,45.806206
19,6.80831,45.806413
19,6.808542,45.80681
19,6.809215,45.806807
19,6.809766,45.806504
19,6.81096,45.806385
19,6.811263,45.806093
19,6.811277,45.805748
19,6.811002,45.805303
19,6.811104,45.804991
19,6.810557,45.804635
19,6.809908,45.804591
19,6.809475,45.804756
19,6.808985,45.805233
19,6.80914,45.805299
19,6.809016,45.805594
19,6.808646,45.805854
19,6.808333,45.805848
19,6.807908,45.805809
19,6.808102,45.805436
19,6.808152,45.805311
19,6.808719,45.804584
19,6.809315,45.80425
19,6.809479,45.804081
19,6.810043,45.803997
19,6.810017,45.803526
19,6.810047,45.803338
19,6.810479,45.803205
19,6.810918,45.802884
19,6.810962,45.80232
19,6.811322,45.801149
19,6.811407,45.800712
19,6.8114,45.799738
19,6.811748,45.798882
19,6.811378,45.798576
19,6.810962,45.798301
19,6.810701,45.798092
19,6.810139,45.798113
19,6.809001,45.798531
19,6.808057,45.798575
19,6.807279,45.798388
19,6.806204,45.79832
19,6.805808,45.798124
19,6.804917,45.797966
19,6.804151,45.798029
19,6.803734,45.798351
19,6.803756,45.798948
19,6.804741,45.799014
19,6.805275,45.799118
19,6.804902,45.799472
19,6.804314,45.799602
19,6.804117,45.800038
19,6.803705,45.80025
19,6.803424,45.800543
19,6.803334,45.801106
19,6.802884,45.801144
19,6.802241,45.800944
19,6.801562,45.800522
19,6.801374,45.800173
19,6.802075,45.80003
19,6.801866,45.799634
19,6.801408,45.799311
19,6.801357,45.798321
19,6.80069,45.798167
19,6.800746,45.79787
19,6.800255,45.797797
19,6.800741,45.797446
19,6.800151,45.797026
19,6.799146,45.796913
19,6.798849,45.797033
19,6.79877,45.796764
19,6.799084,45.79677
19,6.799114,45.796583
19,6.799547,45.796418
19,6.799766,45.795983
19,6.800804,45.79583
19,6.801674,45.795973
19,6.802087,45.796294
19,6.80256,45.796272
19,6.802599,45.795833
19,6.803698,45.795855
19,6.804102,45.795847
19,6.804328,45.795804
19,6.804955,45.795847
19,6.805234,45.796167
19,6.80575,45.796161
19,6.806208,45.796499
19,6.806694,45.796713
19,6.806943,45.796655
19,6.807289,45.79641
19,6.807369,45.796082
19,6.808134,45.796034
19,6.808679,45.796136
19,6.808886,45.796175
19,6.8089,45.796119
19,6.808824,45.795903
19,6.808819,45.795889
19,6.808774,45.795838
19,6.80877,45.795842
19,6.808307,45.795629
20,6.778313,45.802354
20,6.778466,45.802061
20,6.778802,45.802067
20,6.778857,45.801773
20,6.779236,45.801803
20,6.779375,45.80157
20,6.779648,45.801538
20,6.779661,45.800643
20,6.779299,45.800476
20,6.77934,45.800257
20,6.778542,45.799612
20,6.778229,45.799568
20,6.778232,45.799226
20,6.778374,45.798926
20,6.778934,45.798739
20,6.779313,45.798231
20,6.779514,45.798014
20,6.77955,45.797993
20,6.779452,45.797725
20,6.779546,45.796706
20,6.779113,45.796727
20,6.778744,45.796719
20,6.778668,45.796982
20,6.778291,45.797187
20,6.777651,45.797189
20,6.777498,45.796959
20,6.777207,45.796893
20,6.776817,45.7969
20,6.776804,45.797444
20,6.776024,45.797428
20,6.776013,45.797184
20,6.775749,45.797107
20,6.775634,45.796889
20,6.775204,45.796837
20,6.775255,45.796594
20,6.774515,45.796594
20,6.774485,45.796838
20,6.774873,45.796903
20,6.774866,45.79709
20,6.775254,45.79714
20,6.775241,45.797456
20,6.775633,45.797435
20,6.77563,45.798024
20,6.77556,45.798742
20,6.775171,45.79872
20,6.77523,45.798261
20,6.774822,45.798181
20,6.774549,45.797919
20,6.774431,45.797685
20,6.774084,45.797635
20,6.774112,45.797434
20,6.773829,45.797328
20,6.773375,45.797362
20,6.773251,45.797648
20,6.77365,45.797698
20,6.773701,45.798476
20,6.773046,45.798405
20,6.772931,45.798187
20,6.77265,45.798024
20,6.772602,45.797864
20,6.772165,45.797827
20,6.772174,45.797598
20,6.771455,45.797584
20,6.77132,45.797365
20,6.77028,45.797349
20,6.77034,45.797487
20,6.770772,45.797533
20,6.771145,45.797692
20,6.771325,45.79781
20,6.771462,45.797903
20,6.771771,45.798046
20,6.772279,45.798086
20,6.772556,45.798213
20,6.772731,45.798436
20,6.77293,45.798615
20,6.773145,45.798672
20,6.773363,45.798912
20,6.773558,45.798931
20,6.773882,45.799225
20,6.774207,45.799247
20,6.774705,45.799256
20,6.774844,45.799593
20,6.775069,45.799658
20,6.775159,45.799849
20,6.775513,45.79994
20,6.775476,45.80006
20,6.775875,45.800114
20,6.775908,45.80038
20,6.776273,45.800486
20,6.776238,45.800825
20,6.776916,45.800809
20,6.776961,45.80037
20,6.77656,45.800347
20,6.776502,45.800164
20,6.776267,45.800083
20,6.776143,45.799929
20,6.775873,45.799886
20,6.775905,45.799363
20,6.776614,45.799271
20,6.777293,45.799375
20,6.777469,45.799583
20,6.778051,45.799678
20,6.778076,45.799868
20,6.777678,45.800058
20,6.777859,45.800964
20,6.778083,45.801052
20,6.778128,45.801554
20,6.777749,45.801546
20,6.777805,45.801782
20,6.777752,45.802282
20,6.778313,45.802354
21,6.782242,45.810183
21,6.789587,45.810372
21,6.789592,45.810239
21,6.788821,45.810224
21,6.788831,45.809954
21,6.788445,45.809946
21,6.788456,45.809676
21,6.78807,45.809669
21,6.788081,45.809399
21,6.787309,45.809384
21,6.78732,45.809114
21,6.786548,45.809099
21,6.786559,45.80883
21,6.786173,45.808822
21,6.786184,45.808552
21,6.786195,45.808283
21,6.785809,45.808275
21,6.785819,45.808005
21,6.785434,45.807998
21,6.785444,45.807728
21,6.785455,45.807458
21,6.785069,45.807451
21,6.78508,45.807181
21,6.784694,45.807173
21,6.784704,45.806937
21,6.784384,45.806987
21,6.78438,45.806897
21,6.783547,45.806881
21,6.783558,45.806611
21,6.782787,45.806596
21,6.782797,45.806326
21,6.782411,45.806319
21,6.782422,45.806049
21,6.782429,45.805872
21,6.782366,45.805819
21,6.782178,45.805512
21,6.7818,45.805388
21,6.781545,45.805104
21,6.781404,45.80488
21,6.780058,45.804796
21,6.77982,45.804511
21,6.77948,45.804272
21,6.778775,45.804002
21,6.778065,45.803848
21,6.77768,45.803888
21,6.777369,45.804173
21,6.77698,45.804328
21,6.776577,45.804413
21,6.776417,45.804666
21,6.776063,45.804776
21,6.775882,45.805145
21,6.775359,45.805321
21,6.774974,45.805372
21,6.774946,45.80607
21,6.7749,45.806803
21,6.774971,45.807119
21,6.775133,45.807238
21,6.775144,45.807378
21,6.774725,45.807452
21,6.774176,45.80786
21,6.773644,45.808234
21,6.77338,45.80859
21,6.772854,45.808859
21,6.771854,45.809302
21,6.771909,45.809528
21,6.772817,45.809321
21,6.77332,45.8096
21,6.773283,45.809981
21,6.773433,45.810239
21,6.77311,45.81057
21,6.773085,45.810921
21,6.772883,45.811157
21,6.772456,45.811388
21,6.77165,45.81176
21,6.770512,45.812027
21,6.770143,45.812102
21,6.769939,45.8122
21,6.76988,45.812319
21,6.770073,45.8126
21,6.770752,45.812755
21,6.770829,45.812967
21,6.770883,45.813164
21,6.771135,45.813355
21,6.771492,45.813534
21,6.771802,45.81354
21,6.771975,45.813513
21,6.772148,45.813464
21,6.772299,45.813168
21,6.772587,45.813034
21,6.772954,45.813018
21,6.772994,45.812844
21,6.773929,45.812793
21,6.77425,45.812846
21,6.77484,45.81282
21,6.77503,45.812733
21,6.775315,45.812747
21,6.775353,45.812576
21,6.775656,45.812514
21,6.775822,45.812113
21,6.776574,45.812
21,6.77673,45.812204
21,6.777265,45.812186
21,6.777196,45.812035
21,6.777611,45.811564
21,6.777531,45.811407
21,6.777996,45.811301
21,6.778356,45.811179
21,6.778247,45.811002
21,6.777397,45.811009
21,6.77706,45.810856
21,6.777015,45.81057
21,6.776955,45.810395
21,6.777248,45.810456
21,6.777412,45.810217
21,6.777215,45.810132
21,6.777436,45.81004
21,6.777377,45.809889
21,6.777746,45.809776
21,6.778036,45.809497
21,6.778223,45.809092
21,6.778507,45.809062
21,6.778683,45.808833
21,6.780497,45.808833
21,6.780637,45.809092
21,6.781732,45.809195
21,6.781925,45.809373
21,6.782048,45.80962
21,6.78201,45.809748
21,6.781868,45.809954
21,6.781701,45.809963
21,6.781745,45.810127
21,6.782242,45.810183
22,6.789587,45.810372
22,6.782242,45.810183
22,6.782376,45.810593
22,6.78234,45.811501
22,6.782279,45.811779
22,6.781962,45.811784
22,6.78158,45.811754
22,6.781589,45.812011
22,6.780806,45.812054
22,6.779804,45.812034
22,6.779152,45.812102
22,6.778622,45.812034
22,6.778331,45.811807
22,6.778013,45.811847
22,6.777977,45.812347
22,6.778038,45.812465
22,6.778582,45.812627
22,6.77902,45.812915
22,6.78081,45.813003
22,6.780797,45.813319
22,6.779831,45.813455
22,6.779857,45.813642
22,6.779484,45.813809
22,6.77956,45.813974
22,6.779789,45.814083
22,6.779873,45.814492
22,6.779998,45.814692
22,6.780364,45.814711
22,6.780321,45.814943
22,6.779885,45.815016
22,6.779824,45.814875
22,6.778696,45.814784
22,6.777712,45.814799
22,6.776963,45.815227
22,6.776161,45.815282
22,6.775364,45.815639
22,6.774459,45.815784
22,6.77369,45.815768
22,6.773682,45.816472
22,6.774112,45.816523
22,6.774058,45.816853
22,6.774348,45.8169
22,6.774654,45.817162
22,6.774779,45.817374
22,6.775027,45.817414
22,6.77573,45.817323
22,6.776033,45.816816
22,6.776403,45.816742
22,6.776508,45.816604
22,6.776765,45.816434
22,6.77748,45.816448
22,6.777617,45.816777
22,6.778281,45.816633
22,6.778973,45.81679
22,6.779504,45.816887
22,6.779488,45.817289
22,6.779629,45.817282
22,6.779828,45.817705
22,6.780122,45.817862
22,6.780034,45.817989
22,6.779232,45.818054
22,6.778955,45.818317
22,6.77871,45.819034
22,6.777769,45.819225
22,6.777293,45.819484
22,6.776947,45.819815
22,6.776351,45.820141
22,6.77593,45.820657
22,6.776054,45.820904
22,6.776025,45.821218
22,6.775596,45.821535
22,6.775225,45.821633
22,6.775919,45.821775
22,6.775646,45.822363
22,6.775282,45.822717
22,6.77527,45.823008
22,6.776002,45.823465
22,6.776417,45.823484
22,6.776428,45.823228
22,6.776694,45.822395
22,6.777371,45.822117
22,6.777735,45.821775
22,6.777986,45.821733
22,6.778358,45.82117
22,6.778513,45.821056
22,6.779374,45.820747
22,6.779627,45.820251
22,6.780054,45.819992
22,6.780564,45.819722
22,6.780883,45.819659
22,6.780846,45.819332
22,6.781773,45.819059
22,6.782672,45.818657
22,6.78279,45.818613
22,6.783007,45.818605
22,6.783006,45.818198
22,6.783626,45.818105
22,6.783833,45.817923
22,6.784358,45.817723
22,6.784755,45.81737
22,6.784804,45.816963
22,6.785128,45.816783
22,6.785292,45.816425
22,6.785847,45.816273
22,6.786184,45.815756
22,6.786756,45.815615
22,6.787184,45.815321
22,6.787948,45.814532
22,6.788561,45.814195
22,6.78913,45.813705
22,6.790031,45.813653
22,6.790449,45.813614
22,6.790523,45.813418
22,6.791246,45.813257
22,6.791586,45.813077
22,6.791778,45.81286
22,6.792163,45.812809
22,6.792383,45.812708
22,6.79237,45.812627
22,6.791287,45.811802
22,6.790898,45.811344
22,6.790482,45.811336
22,6.790321,45.811333
22,6.790329,45.811145
22,6.790264,45.81113
22,6.790215,45.811061
22,6.789946,45.811055
22,6.789957,45.810786
22,6.789961,45.81068
22,6.789717,45.810654
22,6.789731,45.810511
22,6.789582,45.810508
22,6.789587,45.810372
23,6.786094,45.823414
23,6.786124,45.823107
23,6.786002,45.822535
23,6.786238,45.8222
23,6.786285,45.821827
23,6.786519,45.821614
23,6.786387,45.821282
23,6.785581,45.82136
23,6.785145,45.821546
23,6.784439,45.821772
23,6.784069,45.822873
23,6.78445,45.82279
23,6.784947,45.822966
23,6.785392,45.822705
23,6.785455,45.823246
23,6.785709,45.823226
23,6.78576,45.823457
23,6.786094,45.823414
24,6.788265,45.820004
24,6.788234,45.81953
24,6.788706,45.819618
24,6.788723,45.81982
24,6.789076,45.820072
24,6.789088,45.820396
24,6.789634,45.820503
24,6.789961,45.820483
24,6.790432,45.820273
24,6.790636,45.819542
24,6.790817,45.819414
24,6.79126,45.819589
24,6.791566,45.81914
24,6.791564,45.818877
24,6.791887,45.818603
24,6.791166,45.818292
24,6.791145,45.817774
24,6.792045,45.817906
24,6.792855,45.818209
24,6.793705,45.817903
24,6.79377,45.81752
24,6.79417,45.817221
24,6.79471,45.81717
24,6.794913,45.81678
24,6.795444,45.816651
24,6.796082,45.816357
24,6.796755,45.81609
24,6.797018,45.815771
24,6.79699,45.815525
24,6.796408,45.815365
24,6.795835,45.815319
24,6.795351,45.815511
24,6.795239,45.815824
24,6.794887,45.81587
24,6.79486,45.815607
24,6.794372,45.815588
24,6.794105,45.815391
24,6.794019,45.815022
24,6.793591,45.815092
24,6.793625,45.814848
24,6.793866,45.814782
24,6.793557,45.814671
24,6.792932,45.81465
24,6.792672,45.814899
24,6.79261,45.815196
24,6.791992,45.815315
24,6.791822,45.815522
24,6.791616,45.815351
24,6.791596,45.815202
24,6.791934,45.814902
24,6.792118,45.814661
24,6.792435,45.814571
24,6.792347,45.814254
24,6.792446,45.813967
24,6.791784,45.813946
24,6.791273,45.813892
24,6.790761,45.813972
24,6.790443,45.814742
24,6.79126,45.814873
24,6.791038,45.815299
24,6.790655,45.815608
24,6.790294,45.816435
24,6.789849,45.817289
24,6.789325,45.817565
24,6.78895,45.817549
24,6.788536,45.817593
24,6.788109,45.81762
24,6.787911,45.817888
24,6.787877,45.818097
24,6.787571,45.818249
24,6.78749,45.818702
24,6.787761,45.81883
24,6.787743,45.818961
24,6.787178,45.819011
24,6.787169,45.81923
24,6.787526,45.819394
24,6.7867,45.819685
24,6.786518,45.819865
24,6.786426,45.819986
24,6.786658,45.820121
24,6.786638,45.820305
24,6.787001,45.820312
24,6.787117,45.820542
24,6.787466,45.820592
24,6.787654,45.820263
24,6.788265,45.820004
25,6.805733,45.816978
25,6.804863,45.816643
25,6.804032,45.816293
25,6.804021,45.816325
25,6.80343,45.81631
25,6.803433,45.816055
25,6.802287,45.816023
25,6.802309,45.815752
25,6.800769,45.815717
25,6.800779,45.815449
25,6.800005,45.815435
25,6.798865,45.815467
25,6.798733,45.815678
25,6.798721,45.815678
25,6.798688,45.815677
25,6.798172,45.81567
25,6.797647,45.815661
25,6.797009,45.815649
25,6.797023,45.815769
25,6.796891,45.815928
25,6.796759,45.816093
25,6.796109,45.816349
25,6.796107,45.816362
25,6.796063,45.816731
25,6.795706,45.816713
25,6.795682,45.816963
25,6.795294,45.816971
25,6.795283,45.817236
25,6.794904,45.817239
25,6.794875,45.81777
25,6.794956,45.818106
25,6.794768,45.818706
25,6.794969,45.818825
25,6.795211,45.818945
25,6.795621,45.818953
25,6.795455,45.821077
25,6.796289,45.82101
25,6.796267,45.821562
25,6.795895,45.821555
25,6.795874,45.822086
25,6.797064,45.822129
25,6.797018,45.82293
25,6.798492,45.822948
25,6.798542,45.822418
25,6.799301,45.822443
25,6.799356,45.822173
25,6.799698,45.82219
25,6.799738,45.821931
25,6.800497,45.821946
25,6.80055,45.821374
25,6.800925,45.821394
25,6.80095,45.820855
25,6.80134,45.820871
25,6.801351,45.820595
25,6.801682,45.820592
25,6.801709,45.820327
25,6.801756,45.820053
25,6.802507,45.820083
25,6.802554,45.819272
25,6.803328,45.819282
25,6.803314,45.819823
25,6.802928,45.81981
25,6.802899,45.820351
25,6.80179,45.820365
25,6.801742,45.820605
25,6.801685,45.821666
25,6.802057,45.821684
25,6.802047,45.821944
25,6.803282,45.821968
25,6.803277,45.821707
25,6.805167,45.821754
25,6.805139,45.82229
25,6.806665,45.822309
25,6.806626,45.82311
25,6.807809,45.823143
25,6.807862,45.821801
25,6.808636,45.821821
25,6.808661,45.82155
25,6.80761,45.821483
25,6.807537,45.821128
25,6.806892,45.820923
25,6.806661,45.820517
25,6.809091,45.820476
25,6.809102,45.820195
25,6.8087,45.820187
25,6.808721,45.819653
25,6.808337,45.819644
25,6.80834,45.819378
25,6.807968,45.819373
25,6.807983,45.819103
25,6.807588,45.819093
25,6.807606,45.818822
25,6.807212,45.818815
25,6.807244,45.818003
25,6.806857,45.817996
25,6.806867,45.817741
25,6.806465,45.817722
25,6.806502,45.817176
25,6.806107,45.817169
25,6.80572,45.817156
25,6.805733,45.816978
26,6.807663,45.81472
26,6.807135,45.814291
26,6.806192,45.81473
26,6.804859,45.815352
26,6.804247,45.815684
26,6.804032,45.816293
26,6.804863,45.816643
26,6.805733,45.816978
26,6.805734,45.816968
26,6.805833,45.816933
26,6.807141,45.81692
26,6.807744,45.816818
26,6.808269,45.815951
26,6.80816,45.815688
26,6.807631,45.815553
26,6.807474,45.815193
26,6.80769,45.814761
26,6.807663,45.81472
27,6.815042,45.820989
27,6.814656,45.820982
27,6.81427,45.820974
27,6.81426,45.821244
27,6.813874,45.821237
27,6.813863,45.821507
27,6.813853,45.821777
27,6.813467,45.821769
27,6.813456,45.822039
27,6.81307,45.822032
27,6.812684,45.822024
27,6.812674,45.822294
27,6.812288,45.822287
27,6.811902,45.822279
27,6.811891,45.822549
27,6.811505,45.822542
27,6.811119,45.822534
27,6.81113,45.822264
27,6.810744,45.822257
27,6.810358,45.82225
27,6.810348,45.822519
27,6.810337,45.822789
27,6.810326,45.823059
27,6.810712,45.823066
27,6.810702,45.823336
27,6.810691,45.823606
27,6.811077,45.823614
27,6.811067,45.823883
27,6.810681,45.823876
27,6.81067,45.824146
27,6.810659,45.824416
27,6.810649,45.824685
27,6.810638,45.824955
27,6.811024,45.824963
27,6.811014,45.825232
27,6.8114,45.82524
27,6.811785,45.825247
27,6.812171,45.825255
27,6.812182,45.824985
27,6.812568,45.824992
27,6.812954,45.825
27,6.812943,45.825269
27,6.813329,45.825277
27,6.813715,45.825284
27,6.813705,45.825554
27,6.813694,45.825824
27,6.81408,45.825831
27,6.814069,45.826101
27,6.814455,45.826108
27,6.814466,45.825839
27,6.814852,45.825846
27,6.814862,45.825576
27,6.814873,45.825306
27,6.814884,45.825037
27,6.814894,45.824767
27,6.814905,45.824497
27,6.814915,45.824227
27,6.814926,45.823957
27,6.81454,45.82395
27,6.81455,45.82368
27,6.814561,45.82341
27,6.814572,45.82314
27,6.814958,45.823148
27,6.814968,45.822878
27,6.814979,45.822608
27,6.814989,45.822338
27,6.815,45.822068
27,6.81501,45.821799
27,6.815021,45.821529
27,6.815031,45.821259
27,6.815042,45.820989
28,6.825852,45.821084
28,6.825848,45.821195
28,6.825462,45.821188
28,6.825451,45.821458
28,6.825065,45.821451
28,6.824679,45.821443
28,6.82469,45.821173
28,6.824304,45.821166
28,6.823918,45.821159
28,6.823907,45.821428
28,6.823897,45.821698
28,6.823886,45.821968
28,6.824272,45.821975
28,6.824262,45.822245
28,6.823876,45.822238
28,6.823865,45.822508
28,6.823855,45.822778
28,6.823469,45.82277
28,6.823458,45.82304
28,6.823448,45.82331
28,6.823062,45.823303
28,6.823051,45.823572
28,6.823041,45.823842
28,6.822655,45.823835
28,6.822644,45.824105
28,6.822259,45.824097
28,6.822248,45.824367
28,6.821862,45.82436
28,6.821852,45.82463
28,6.822237,45.824637
28,6.822227,45.824907
28,6.822216,45.825177
28,6.822206,45.825446
28,6.822195,45.825716
28,6.822185,45.825986
28,6.822184,45.825996
28,6.822506,45.82666
28,6.823195,45.827085
28,6.823301,45.827087
28,6.823687,45.827095
28,6.824073,45.827102
28,6.824458,45.827109
28,6.824844,45.827117
28,6.824855,45.826847
28,6.825241,45.826854
28,6.825251,45.826585
28,6.825262,45.826315
28,6.824876,45.826307
28,6.824886,45.826038
28,6.824897,45.825768
28,6.825283,45.825775
28,6.825293,45.825505
28,6.825679,45.825513
28,6.82569,45.825243
28,6.826076,45.82525
28,6.826086,45.82498
28,6.826472,45.824988
28,6.826483,45.824718
28,6.826869,45.824725
28,6.826879,45.824455
28,6.827265,45.824463
28,6.827276,45.824193
28,6.827662,45.8242
28,6.827672,45.82393
28,6.827683,45.823661
28,6.827693,45.823391
28,6.827704,45.823121
28,6.827714,45.822851
28,6.8281,45.822858
28,6.828111,45.822589
28,6.828121,45.822319
28,6.828132,45.822049
28,6.827746,45.822042
28,6.827756,45.821772
28,6.82737,45.821764
28,6.827381,45.821495
28,6.826995,45.821487
28,6.827005,45.821217
28,6.827012,45.821037
28,6.826317,45.821093
28,6.825852,45.821084
29,6.839611,45.822267
29,6.838245,45.821438
29,6.838312,45.820622
29,6.838614,45.820628
29,6.838625,45.820358
29,6.838635,45.820088
29,6.838645,45.819818
29,6.83826,45.819811
29,6.83827,45.819541
29,6.83828,45.819271
29,6.837895,45.819264
29,6.837905,45.818994
29,6.837915,45.818724
29,6.837926,45.818454
29,6.83754,45.818447
29,6.83755,45.818177
29,6.837561,45.817907
29,6.837571,45.817638
29,6.837582,45.817368
29,6.837592,45.817098
29,6.837603,45.816828
29,6.837613,45.816558
29,6.837999,45.816566
29,6.838009,45.816296
29,6.83802,45.816026
29,6.838406,45.816033
29,6.838416,45.815763
29,6.838427,45.815494
29,6.838041,45.815486
29,6.838051,45.815217
29,6.838062,45.814947
29,6.838072,45.814677
29,6.838083,45.814407
29,6.838093,45.814137
29,6.837707,45.81413
29,6.837718,45.81386
29,6.837332,45.813853
29,6.837342,45.813583
29,6.837353,45.813313
29,6.837363,45.813043
29,6.836977,45.813036
29,6.836988,45.812766
29,6.836998,45.812496
29,6.837009,45.812226
29,6.837019,45.811957
29,6.837029,45.811687
29,6.83704,45.811417
29,6.83705,45.811147
29,6.837061,45.810877
29,6.837447,45.810885
29,6.837457,45.810615
29,6.837843,45.810622
29,6.837853,45.810352
29,6.838239,45.81036
29,6.838625,45.810367
29,6.838615,45.810637
29,6.839001,45.810644
29,6.839386,45.810651
29,6.839376,45.810921
29,6.839762,45.810928
29,6.839751,45.811198
29,6.840137,45.811206
29,6.840127,45.811475
29,6.840513,45.811483
29,6.840502,45.811753
29,6.840888,45.81176
29,6.841274,45.811767
29,6.841263,45.812037
29,6.841649,45.812044
29,6.841639,45.812314
29,6.842025,45.812321
29,6.842014,45.812591
29,6.8424,45.812599
29,6.84239,45.812868
29,6.842776,45.812876
29,6.842765,45.813145
29,6.843151,45.813153
29,6.843537,45.81316
29,6.843526,45.81343
29,6.843912,45.813437
29,6.844298,45.813444
29,6.844288,45.813714
29,6.844277,45.813984
29,6.844267,45.814254
29,6.844257,45.814524
29,6.843871,45.814516
29,6.84386,45.814786
29,6.843474,45.814779
29,6.843464,45.815049
29,6.843078,45.815042
29,6.843068,45.815311
29,6.843454,45.815319
29,6.843443,45.815588
29,6.843829,45.815596
29,6.843819,45.815866
29,6.844204,45.815873
29,6.844194,45.816143
29,6.844184,45.816413
29,6.84457,45.81642
29,6.844559,45.81669
29,6.844945,45.816697
29,6.844955,45.816427
29,6.845341,45.816434
29,6.845727,45.816442
29,6.845738,45.816172
29,6.846123,45.816179
29,6.846134,45.815909
29,6.846144,45.815639
29,6.846155,45.81537
29,6.846165,45.8151
29,6.845779,45.815093
29,6.84579,45.814823
29,6.8458,45.814553
29,6.84581,45.814283
29,6.845425,45.814276
29,6.845435,45.814006
29,6.845049,45.813999
29,6.84506,45.813729
29,6.845445,45.813736
29,6.845831,45.813743
29,6.846217,45.813751
29,6.846603,45.813758
29,6.846613,45.813488
29,6.846999,45.813495
29,6.847385,45.813503
29,6.847771,45.81351
29,6.847761,45.81378
29,6.848146,45.813787
29,6.848532,45.813794
29,6.848522,45.814064
29,6.848908,45.814071
29,6.848897,45.814341
29,6.848887,45.814611
29,6.848877,45.814881
29,6.848866,45.815151
29,6.848856,45.815421
29,6.849242,45.815428
29,6.849231,45.815698
29,6.849617,45.815705
29,6.850003,45.815712
29,6.850389,45.815719
29,6.850379,45.815989
29,6.850764,45.815997
29,6.850754,45.816266
29,6.850744,45.816536
29,6.85113,45.816543
29,6.851119,45.816813
29,6.851109,45.817083
29,6.851098,45.817353
29,6.850713,45.817346
29,6.850702,45.817615
29,6.850692,45.817885
29,6.850681,45.818155
29,6.850671,45.818425
29,6.850661,45.818695
29,6.85065,45.818965
29,6.850264,45.818957
29,6.849878,45.81895
29,6.849868,45.81922
29,6.849858,45.81949
29,6.849847,45.81976
29,6.849837,45.820029
29,6.849826,45.820299
29,6.849441,45.820292
29,6.849055,45.820285
29,6.848669,45.820277
29,6.848283,45.82027
29,6.847897,45.820263
29,6.847887,45.820533
29,6.847501,45.820525
29,6.847115,45.820518
29,6.847104,45.820788
29,6.846718,45.820781
29,6.846332,45.820773
29,6.845947,45.820766
29,6.845561,45.820759
29,6.845175,45.820752
29,6.845185,45.820482
29,6.844799,45.820475
29,6.84481,45.820205
29,6.84482,45.819935
29,6.844434,45.819928
29,6.844445,45.819658
29,6.844059,45.81965
29,6.844048,45.81992
29,6.843662,45.819913
29,6.843652,45.820183
29,6.844038,45.82019
29,6.844027,45.82046
29,6.844017,45.82073
29,6.844007,45.821
29,6.844392,45.821007
29,6.844382,45.821277
29,6.844768,45.821284
29,6.845154,45.821291
29,6.845143,45.821561
29,6.845529,45.821568
29,6.845915,45.821576
29,6.846301,45.821583
29,6.846687,45.82159
29,6.846677,45.82186
29,6.847063,45.821867
29,6.847052,45.822137
29,6.847438,45.822144
29,6.847824,45.822152
29,6.847814,45.822422
29,6.8482,45.822429
29,6.848189,45.822699
29,6.848179,45.822968
29,6.848565,45.822976
29,6.848554,45.823246
29,6.84894,45.823253
29,6.84893,45.823523
29,6.84892,45.823792
29,6.848909,45.824062
29,6.848523,45.824055
29,6.848513,45.824325
29,6.848502,45.824595
29,6.848116,45.824587
29,6.848106,45.824857
29,6.848096,45.825127
29,6.84771,45.82512
29,6.847699,45.82539
29,6.847313,45.825382
29,6.847303,45.825652
29,6.846917,45.825645
29,6.846907,45.825915
29,6.846896,45.826185
29,6.84651,45.826177
29,6.8465,45.826447
29,6.846489,45.826717
29,6.846479,45.826987
29,6.846469,45.827257
29,6.846458,45.827526
29,6.846448,45.827796
29,6.846437,45.828066
29,6.846427,45.828336
29,6.846041,45.828329
29,6.846031,45.828598
29,6.84602,45.828868
29,6.846406,45.828876
29,6.846396,45.829145
29,6.846385,45.829415
29,6.846771,45.829422
29,6.846761,45.829692
29,6.847147,45.8297
29,6.847136,45.829969
29,6.847522,45.829977
29,6.847908,45.829984
29,6.847898,45.830254
29,6.848284,45.830261
29,6.84867,45.830268
29,6.84866,45.830538
29,6.849046,45.830545
29,6.849056,45.830276
29,6.849442,45.830283
29,6.849828,45.83029
29,6.850214,45.830297
29,6.8506,45.830305
29,6.850986,45.830312
29,6.850996,45.830042
29,6.851382,45.830049
29,6.851393,45.82978
29,6.851779,45.829787
29,6.851789,45.829517
29,6.852175,45.829524
29,6.852185,45.829254
29,6.852196,45.828985
29,6.852206,45.828715
29,6.852216,45.828445
29,6.852602,45.828452
29,6.852613,45.828182
29,6.852623,45.827913
29,6.852634,45.827643
29,6.85302,45.82765
29,6.85303,45.82738
29,6.85304,45.82711
29,6.853426,45.827118
29,6.853437,45.826848
29,6.853823,45.826855
29,6.853833,45.826585
29,6.854219,45.826592
29,6.854605,45.8266
29,6.854595,45.826869
29,6.854584,45.827139
29,6.854574,45.827409
29,6.85496,45.827416
29,6.854949,45.827686
29,6.855335,45.827693
29,6.855721,45.827701
29,6.855711,45.827971
29,6.856097,45.827978
29,6.856107,45.827708
29,6.856493,45.827715
29,6.856504,45.827445
29,6.856514,45.827176
29,6.8569,45.827183
29,6.85691,45.826913
29,6.856921,45.826643
29,6.856931,45.826373
29,6.856941,45.826103
29,6.856555,45.826096
29,6.856566,45.825826
29,6.856576,45.825557
29,6.856587,45.825287
29,6.856972,45.825294
29,6.856983,45.825024
29,6.856993,45.824754
29,6.856607,45.824747
29,6.856618,45.824477
29,6.857004,45.824484
29,6.857014,45.824215
29,6.8574,45.824222
29,6.857786,45.824229
29,6.857796,45.823959
29,6.858182,45.823967
29,6.858192,45.823697
29,6.858578,45.823704
29,6.858589,45.823434
29,6.858975,45.823441
29,6.858985,45.823172
29,6.859371,45.823179
29,6.859757,45.823186
29,6.859767,45.822916
29,6.859778,45.822646
29,6.859392,45.822639
29,6.859402,45.822369
29,6.859412,45.822099
29,6.859423,45.82183
29,6.859433,45.82156
29,6.859443,45.82129
29,6.859057,45.821283
29,6.858672,45.821275
29,6.858682,45.821006
29,6.858296,45.820998
29,6.858306,45.820729
29,6.858317,45.820459
29,6.858327,45.820189
29,6.857941,45.820182
29,6.857951,45.819912
29,6.857566,45.819905
29,6.857576,45.819635
29,6.857586,45.819365
29,6.8572,45.819358
29,6.857211,45.819088
29,6.857221,45.818818
29,6.856835,45.818811
29,6.856449,45.818804
29,6.856063,45.818796
29,6.855677,45.818789
29,6.855688,45.818519
29,6.855698,45.818249
29,6.855708,45.81798
29,6.855719,45.81771
29,6.855729,45.81744
29,6.856115,45.817447
29,6.856125,45.817177
29,6.856511,45.817185
29,6.856897,45.817192
29,6.857283,45.817199
29,6.857273,45.817469
29,6.857659,45.817476
29,6.858045,45.817483
29,6.85843,45.817491
29,6.858816,45.817498
29,6.859202,45.817505
29,6.859213,45.817235
29,6.859223,45.816965
29,6.859233,45.816696
29,6.859619,45.816703
29,6.85963,45.816433
29,6.860015,45.81644
29,6.860026,45.81617
29,6.860412,45.816178
29,6.860422,45.815908
29,6.860432,45.815638
29,6.860046,45.815631
29,6.859661,45.815624
29,6.859275,45.815616
29,6.859264,45.815886
29,6.859254,45.816156
29,6.858868,45.816149
29,6.858482,45.816141
29,6.858493,45.815872
29,6.858107,45.815864
29,6.858117,45.815595
29,6.857731,45.815587
29,6.857345,45.81558
29,6.857356,45.81531
29,6.857366,45.81504
29,6.857376,45.814771
29,6.857387,45.814501
29,6.857001,45.814494
29,6.856615,45.814486
29,6.856625,45.814216
29,6.856239,45.814209
29,6.85625,45.813939
29,6.85626,45.81367
29,6.855874,45.813662
29,6.855885,45.813393
29,6.855499,45.813385
29,6.855509,45.813115
29,6.855123,45.813108
29,6.854737,45.813101
29,6.854352,45.813094
29,6.854362,45.812824
29,6.853976,45.812817
29,6.853986,45.812547
29,6.853997,45.812277
29,6.853611,45.81227
29,6.853621,45.812
29,6.853235,45.811993
29,6.853246,45.811723
29,6.85286,45.811716
29,6.852474,45.811708
29,6.852484,45.811438
29,6.852495,45.811169
29,6.852109,45.811161
29,6.852119,45.810892
29,6.851733,45.810884
29,6.851348,45.810877
29,6.851358,45.810607
29,6.850972,45.8106
29,6.850586,45.810593
29,6.850597,45.810323
29,6.850211,45.810316
29,6.850221,45.810046
29,6.849835,45.810038
29,6.849846,45.809769
29,6.84946,45.809761
29,6.84947,45.809492
29,6.849084,45.809484
29,6.848699,45.809477
29,6.848709,45.809207
29,6.848323,45.8092
29,6.848334,45.80893
29,6.847948,45.808923
29,6.847958,45.808653
29,6.848344,45.80866
29,6.848354,45.80839
29,6.848365,45.808121
29,6.848375,45.807851
29,6.847989,45.807844
29,6.848,45.807574
29,6.847614,45.807566
29,6.847228,45.807559
29,6.846842,45.807552
29,6.846853,45.807282
29,6.846467,45.807275
29,6.846477,45.807005
29,6.846091,45.806998
29,6.845706,45.80699
29,6.845716,45.806721
29,6.84533,45.806713
29,6.845341,45.806443
29,6.844955,45.806436
29,6.844965,45.806166
29,6.844579,45.806159
29,6.844194,45.806152
29,6.844204,45.805882
29,6.843818,45.805875
29,6.843829,45.805605
29,6.843839,45.805335
29,6.843849,45.805065
29,6.84386,45.804795
29,6.84387,45.804526
29,6.844256,45.804533
29,6.844266,45.804263
29,6.844652,45.80427
29,6.844663,45.804
29,6.844673,45.803731
29,6.845059,45.803738
29,6.845069,45.803468
29,6.84508,45.803198
29,6.845465,45.803206
29,6.845476,45.802936
29,6.845862,45.802943
29,6.845872,45.802673
29,6.846258,45.80268
29,6.846268,45.802411
29,6.846654,45.802418
29,6.846664,45.802148
29,6.846675,45.801878
29,6.847061,45.801885
29,6.847071,45.801616
29,6.847457,45.801623
29,6.847467,45.801353
29,6.847853,45.80136
29,6.847863,45.801091
29,6.848249,45.801098
29,6.84826,45.800828
29,6.848645,45.800835
29,6.848656,45.800565
29,6.849042,45.800573
29,6.849052,45.800303
29,6.849438,45.80031
29,6.849448,45.80004
29,6.849834,45.800048
29,6.849844,45.799778
29,6.849855,45.799508
29,6.85024,45.799515
29,6.850251,45.799245
29,6.850261,45.798975
29,6.850647,45.798983
29,6.850657,45.798713
29,6.851043,45.79872
29,6.851053,45.79845
29,6.851064,45.798181
29,6.85145,45.798188
29,6.85146,45.797918
29,6.85147,45.797648
29,6.851856,45.797655
29,6.851866,45.797386
29,6.851877,45.797116
29,6.852263,45.797123
29,6.852273,45.796853
29,6.852283,45.796583
29,6.852669,45.796591
29,6.852679,45.796321
29,6.85269,45.796051
29,6.853076,45.796058
29,6.853086,45.795788
29,6.853472,45.795796
29,6.853482,45.795526
29,6.853868,45.795533
29,6.853878,45.795263
29,6.854264,45.79527
29,6.854274,45.795001
29,6.85466,45.795008
29,6.85467,45.794738
29,6.855056,45.794745
29,6.855066,45.794475
29,6.855452,45.794483
29,6.855463,45.794213
29,6.855848,45.79422
29,6.855859,45.79395
29,6.856244,45.793957
29,6.856255,45.793688
29,6.85664,45.793695
29,6.856651,45.793425
29,6.856661,45.793155
29,6.857047,45.793162
29,6.857057,45.792893
29,6.857068,45.792623
29,6.857453,45.79263
29,6.857464,45.79236
29,6.857849,45.792367
29,6.85786,45.792098
29,6.858245,45.792105
29,6.858256,45.791835
29,6.858266,45.791565
29,6.858652,45.791572
29,6.858662,45.791303
29,6.859048,45.79131
29,6.859058,45.79104
29,6.859444,45.791047
29,6.859454,45.790777
29,6.85984,45.790785
29,6.85985,45.790515
29,6.860236,45.790522
29,6.860246,45.790252
29,6.860632,45.790259
29,6.860642,45.78999
29,6.861028,45.789997
29,6.861038,45.789727
29,6.861424,45.789734
29,6.861434,45.789464
29,6.86182,45.789472
29,6.86183,45.789202
29,6.861841,45.788932
29,6.862227,45.788939
29,6.862237,45.788669
29,6.862623,45.788677
29,6.862633,45.788407
29,6.863019,45.788414
29,6.863404,45.788421
29,6.863415,45.788151
29,6.8638,45.788158
29,6.863811,45.787889
29,6.864196,45.787896
29,6.864207,45.787626
29,6.864592,45.787633
29,6.864603,45.787363
29,6.864988,45.787371
29,6.864999,45.787101
29,6.865384,45.787108
29,6.86577,45.787115
29,6.86578,45.786845
29,6.866166,45.786853
29,6.866176,45.786583
29,6.866562,45.78659
29,6.866572,45.78632
29,6.866958,45.786327
29,6.866968,45.786058
29,6.867354,45.786065
29,6.86774,45.786072
29,6.86775,45.785802
29,6.868136,45.785809
29,6.868146,45.785539
29,6.868532,45.785547
29,6.868542,45.785277
29,6.868927,45.785284
29,6.869313,45.785291
29,6.869323,45.785021
29,6.869709,45.785029
29,6.870095,45.785036
29,6.870105,45.784766
29,6.870491,45.784773
29,6.870876,45.78478
29,6.871262,45.784787
29,6.871648,45.784795
29,6.872033,45.784802
29,6.872419,45.784809
29,6.872805,45.784816
29,6.87319,45.784823
29,6.87318,45.785093
29,6.873566,45.7851
29,6.873556,45.78537
29,6.873545,45.78564
29,6.873931,45.785647
29,6.873921,45.785917
29,6.874306,45.785924
29,6.874296,45.786194
29,6.874682,45.786201
29,6.874672,45.786471
29,6.875057,45.786478
29,6.875443,45.786486
29,6.875433,45.786755
29,6.875818,45.786763
29,6.875808,45.787032
29,6.876194,45.78704
29,6.876184,45.787309
29,6.876173,45.787579
29,6.876559,45.787586
29,6.876549,45.787856
29,6.876934,45.787863
29,6.87732,45.787871
29,6.87731,45.78814
29,6.877696,45.788148
29,6.877685,45.788417
29,6.878071,45.788425
29,6.878457,45.788432
29,6.878843,45.788439
29,6.879228,45.788446
29,6.879218,45.788716
29,6.879604,45.788723
29,6.879989,45.78873
29,6.880375,45.788737
29,6.880761,45.788745
29,6.881146,45.788752
29,6.881532,45.788759
29,6.881918,45.788766
29,6.882304,45.788773
29,6.882689,45.78878
29,6.882679,45.78905
29,6.883065,45.789057
29,6.883451,45.789064
29,6.883836,45.789072
29,6.884222,45.789079
29,6.884608,45.789086
29,6.884993,45.789093
29,6.884983,45.789363
29,6.885369,45.78937
29,6.885755,45.789377
29,6.88614,45.789384
29,6.886526,45.789391
29,6.886516,45.789661
29,6.886901,45.789668
29,6.887287,45.789675
29,6.887673,45.789683
29,6.887663,45.789952
29,6.888048,45.78996
29,6.888434,45.789967
29,6.888444,45.789697
29,6.88883,45.789704
29,6.88884,45.789434
29,6.889226,45.789441
29,6.889612,45.789448
29,6.889997,45.789456
29,6.890383,45.789463
29,6.890769,45.78947
29,6.890779,45.7892
29,6.890789,45.78893
29,6.890799,45.78866
29,6.89081,45.78839
29,6.89082,45.788121
29,6.89083,45.787851
29,6.890444,45.787844
29,6.890454,45.787574
29,6.890465,45.787304
29,6.890079,45.787297
29,6.890089,45.787027
29,6.889703,45.78702
29,6.889714,45.78675
29,6.889328,45.786743
29,6.888942,45.786736
29,6.888952,45.786466
29,6.888567,45.786459
29,6.888181,45.786452
29,6.887795,45.786445
29,6.88741,45.786437
29,6.887024,45.78643
29,6.886638,45.786423
29,6.886252,45.786416
29,6.885867,45.786409
29,6.885481,45.786402
29,6.885095,45.786395
29,6.88471,45.786387
29,6.884324,45.78638
29,6.883938,45.786373
29,6.883553,45.786366
29,6.883167,45.786359
29,6.882781,45.786352
29,6.882396,45.786345
29,6.88201,45.786337
29,6.881624,45.78633
29,6.881239,45.786323
29,6.880853,45.786316
29,6.880863,45.786046
29,6.880477,45.786039
29,6.880092,45.786032
29,6.880102,45.785762
29,6.880112,45.785492
29,6.879726,45.785485
29,6.879737,45.785215
29,6.879747,45.784945
29,6.879361,45.784938
29,6.879372,45.784668
29,6.879382,45.784399
29,6.878996,45.784391
29,6.879006,45.784122
29,6.879017,45.783852
29,6.879402,45.783859
29,6.879412,45.783589
29,6.879798,45.783596
29,6.880184,45.783603
29,6.880569,45.78361
29,6.880559,45.78388
29,6.880945,45.783887
29,6.881331,45.783895
29,6.881716,45.783902
29,6.881706,45.784172
29,6.882092,45.784179
29,6.882477,45.784186
29,6.882467,45.784456
29,6.882853,45.784463
29,6.883239,45.78447
29,6.883228,45.78474
29,6.883614,45.784747
29,6.884,45.784754
29,6.884385,45.784761
29,6.884396,45.784491
29,6.884406,45.784222
29,6.884416,45.783952
29,6.884426,45.783682
29,6.88404,45.783675
29,6.883655,45.783668
29,6.883665,45.783398
29,6.883279,45.783391
29,6.88329,45.783121
29,6.8833,45.782851
29,6.88331,45.782581
29,6.883696,45.782588
29,6.884081,45.782595
29,6.884071,45.782865
29,6.884457,45.782872
29,6.884842,45.78288
29,6.885228,45.782887
29,6.885218,45.783157
29,6.885604,45.783164
29,6.885989,45.783171
29,6.885979,45.783441
29,6.886365,45.783448
29,6.88675,45.783455
29,6.887136,45.783462
29,6.887126,45.783732
29,6.887512,45.783739
29,6.887501,45.784009
29,6.887887,45.784016
29,6.888273,45.784023
29,6.888262,45.784293
29,6.888648,45.7843
29,6.888638,45.78457
29,6.889024,45.784577
29,6.889409,45.784584
29,6.889399,45.784854
29,6.889785,45.784861
29,6.889775,45.785131
29,6.89016,45.785138
29,6.890546,45.785145
29,6.890932,45.785152
29,6.890922,45.785422
29,6.891307,45.785429
29,6.891693,45.785437
29,6.892079,45.785444
29,6.892068,45.785713
29,6.892454,45.785721
29,6.892444,45.78599
29,6.89283,45.785998
29,6.892819,45.786267
29,6.893205,45.786274
29,6.893591,45.786282
29,6.893581,45.786551
29,6.89357,45.786821
29,6.893956,45.786828
29,6.894342,45.786836
29,6.894728,45.786843
29,6.894738,45.786573
29,6.894748,45.786303
29,6.894758,45.786033
29,6.894372,45.786026
29,6.894383,45.785756
29,6.894393,45.785486
29,6.894007,45.785479
29,6.894017,45.785209
29,6.894027,45.78494
29,6.893642,45.784932
29,6.893652,45.784663
29,6.893266,45.784655
29,6.893276,45.784386
29,6.892891,45.784379
29,6.892901,45.784109
29,6.892515,45.784102
29,6.892525,45.783832
29,6.892535,45.783562
29,6.89215,45.783555
29,6.89216,45.783285
29,6.891774,45.783278
29,6.891784,45.783008
29,6.891399,45.783001
29,6.891409,45.782731
29,6.891023,45.782724
29,6.891033,45.782454
29,6.890648,45.782447
29,6.890658,45.782177
29,6.890272,45.78217
29,6.890283,45.7819
29,6.889897,45.781893
29,6.889907,45.781623
29,6.889521,45.781616
29,6.889136,45.781609
29,6.88875,45.781602
29,6.88876,45.781332
29,6.888375,45.781325
29,6.887989,45.781318
29,6.887999,45.781048
29,6.887613,45.781041
29,6.887228,45.781034
29,6.887238,45.780764
29,6.886852,45.780757
29,6.886467,45.780749
29,6.886477,45.78048
29,6.886091,45.780473
29,6.886101,45.780203
29,6.885716,45.780196
29,6.88533,45.780188
29,6.884945,45.780181
29,6.884955,45.779911
29,6.884569,45.779904
29,6.884183,45.779897
29,6.884194,45.779627
29,6.883808,45.77962
29,6.883422,45.779613
29,6.883037,45.779606
29,6.882651,45.779599
29,6.882265,45.779592
29,6.88188,45.779584
29,6.88189,45.779315
29,6.881504,45.779307
29,6.881119,45.7793
29,6.880733,45.779293
29,6.880347,45.779286
29,6.880337,45.779556
29,6.879952,45.779549
29,6.879566,45.779541
29,6.87918,45.779534
29,6.87917,45.779804
29,6.878784,45.779797
29,6.878399,45.77979
29,6.878013,45.779783
29,6.878003,45.780052
29,6.877617,45.780045
29,6.877232,45.780038
29,6.876846,45.780031
29,6.87646,45.780024
29,6.876075,45.780017
29,6.875689,45.780009
29,6.875699,45.77974
29,6.875314,45.779732
29,6.875324,45.779463
29,6.875334,45.779193
29,6.874949,45.779186
29,6.874563,45.779178
29,6.874177,45.779171
29,6.873792,45.779164
29,6.873406,45.779157
29,6.873396,45.779427
29,6.87301,45.77942
29,6.872624,45.779412
29,6.872239,45.779405
29,6.871853,45.779398
29,6.871468,45.779391
29,6.871457,45.779661
29,6.871072,45.779653
29,6.871061,45.779923
29,6.870676,45.779916
29,6.87029,45.779909
29,6.869904,45.779902
29,6.869519,45.779895
29,6.869529,45.779625
29,6.869143,45.779618
29,6.868758,45.77961
29,6.868372,45.779603
29,6.868362,45.779873
29,6.867976,45.779866
29,6.867591,45.779859
29,6.86758,45.780128
29,6.867195,45.780121
29,6.866809,45.780114
29,6.866799,45.780384
29,6.866413,45.780377
29,6.866027,45.780369
29,6.865642,45.780362
29,6.865632,45.780632
29,6.865246,45.780625
29,6.865236,45.780895
29,6.86485,45.780887
29,6.864464,45.78088
29,6.864454,45.78115
29,6.864068,45.781143
29,6.863683,45.781136
29,6.863297,45.781128
29,6.863287,45.781398
29,6.862901,45.781391
29,6.862891,45.781661
29,6.862505,45.781654
29,6.862119,45.781646
29,6.862109,45.781916
29,6.861723,45.781909
29,6.861713,45.782179
29,6.861327,45.782172
29,6.860942,45.782164
29,6.860932,45.782434
29,6.860546,45.782427
29,6.860536,45.782697
29,6.86015,45.78269
29,6.86014,45.782959
29,6.859754,45.782952
29,6.859744,45.783222
29,6.859358,45.783215
29,6.859348,45.783485
29,6.858962,45.783477
29,6.858952,45.783747
29,6.858566,45.78374
29,6.858556,45.78401
29,6.858545,45.78428
29,6.85816,45.784272
29,6.858149,45.784542
29,6.857764,45.784535
29,6.857753,45.784805
29,6.857368,45.784798
29,6.857357,45.785068
29,6.856972,45.78506
29,6.856961,45.78533
29,6.856951,45.7856
29,6.856565,45.785593
29,6.856555,45.785863
29,6.856169,45.785855
29,6.856159,45.786125
29,6.856148,45.786395
29,6.855763,45.786388
29,6.855752,45.786658
29,6.855367,45.78665
29,6.855356,45.78692
29,6.855346,45.78719
29,6.85496,45.787183
29,6.85495,45.787453
29,6.854564,45.787445
29,6.854554,45.787715
29,6.854544,45.787985
29,6.854158,45.787978
29,6.854148,45.788248
29,6.853762,45.78824
29,6.853751,45.78851
29,6.853741,45.78878
29,6.853355,45.788773
29,6.853345,45.789043
29,6.853335,45.789312
29,6.852949,45.789305
29,6.852939,45.789575
29,6.852553,45.789568
29,6.852543,45.789838
29,6.852532,45.790107
29,6.852146,45.7901
29,6.852136,45.79037
29,6.85175,45.790363
29,6.85174,45.790633
29,6.851354,45.790625
29,6.851344,45.790895
29,6.850958,45.790888
29,6.850948,45.791158
29,6.850562,45.79115
29,6.850552,45.79142
29,6.850166,45.791413
29,6.850156,45.791683
29,6.84977,45.791676
29,6.84976,45.791945
29,6.849374,45.791938
29,6.849363,45.792208
29,6.848978,45.792201
29,6.848967,45.792471
29,6.848957,45.79274
29,6.848571,45.792733
29,6.848561,45.793003
29,6.84855,45.793273
29,6.848165,45.793265
29,6.848154,45.793535
29,6.847769,45.793528
29,6.847758,45.793798
29,6.847373,45.793791
29,6.847362,45.79406
29,6.846976,45.794053
29,6.846966,45.794323
29,6.84658,45.794316
29,6.84657,45.794586
29,6.846184,45.794578
29,6.846174,45.794848
29,6.846163,45.795118
29,6.845778,45.795111
29,6.845767,45.79538
29,6.845757,45.79565
29,6.845371,45.795643
29,6.845361,45.795913
29,6.844975,45.795906
29,6.844964,45.796175
29,6.844579,45.796168
29,6.844568,45.796438
29,6.844183,45.796431
29,6.844172,45.796701
29,6.843786,45.796693
29,6.843776,45.796963
29,6.84339,45.796956
29,6.84338,45.797226
29,6.842994,45.797218
29,6.842984,45.797488
29,6.842598,45.797481
29,6.842588,45.797751
29,6.842202,45.797743
29,6.842191,45.798013
29,6.842181,45.798283
29,6.841795,45.798276
29,6.841785,45.798546
29,6.841399,45.798538
29,6.841389,45.798808
29,6.841003,45.798801
29,6.840992,45.799071
29,6.840607,45.799063
29,6.840596,45.799333
29,6.84021,45.799326
29,6.8402,45.799596
29,6.839814,45.799588
29,6.839804,45.799858
29,6.839418,45.799851
29,6.839408,45.800121
29,6.839022,45.800113
29,6.839011,45.800383
29,6.838626,45.800376
29,6.838615,45.800646
29,6.838605,45.800916
29,6.838219,45.800908
29,6.838208,45.801178
29,6.837823,45.801171
29,6.837812,45.801441
29,6.837802,45.801711
29,6.837416,45.801703
29,6.837406,45.801973
29,6.83702,45.801966
29,6.837009,45.802236
29,6.836624,45.802228
29,6.836613,45.802498
29,6.836227,45.802491
29,6.835842,45.802484
29,6.835456,45.802476
29,6.83507,45.802469
29,6.834684,45.802462
29,6.834298,45.802454
29,6.834309,45.802184
29,6.833923,45.802177
29,6.833537,45.80217
29,6.833151,45.802162
29,6.833141,45.802432
29,6.832755,45.802425
29,6.832745,45.802695
29,6.833131,45.802702
29,6.83312,45.802972
29,6.833506,45.802979
29,6.833495,45.803249
29,6.833881,45.803256
29,6.833871,45.803526
29,6.83386,45.803796
29,6.83385,45.804066
29,6.833464,45.804059
29,6.833454,45.804328
29,6.833068,45.804321
29,6.833057,45.804591
29,6.832672,45.804584
29,6.832286,45.804576
29,6.832275,45.804846
29,6.831889,45.804839
29,6.831504,45.804831
29,6.831118,45.804824
29,6.831128,45.804554
29,6.830742,45.804547
29,6.830357,45.80454
29,6.829971,45.804532
29,6.829585,45.804525
29,6.829199,45.804518
29,6.82921,45.804248
29,6.828824,45.80424
29,6.828438,45.804233
29,6.828052,45.804226
29,6.828063,45.803956
29,6.827677,45.803949
29,6.827688,45.803679
29,6.827302,45.803671
29,6.827312,45.803402
29,6.826926,45.803394
29,6.826541,45.803387
29,6.826551,45.803117
29,6.826165,45.80311
29,6.82578,45.803102
29,6.82579,45.802833
29,6.825404,45.802825
29,6.825019,45.802818
29,6.825029,45.802548
29,6.824643,45.802541
29,6.824257,45.802533
29,6.823872,45.802526
29,6.823882,45.802256
29,6.823496,45.802249
29,6.823111,45.802242
29,6.823121,45.801972
29,6.822735,45.801964
29,6.82235,45.801957
29,6.821964,45.80195
29,6.821578,45.801942
29,6.821589,45.801672
29,6.821203,45.801665
29,6.821213,45.801395
29,6.820827,45.801388
29,6.820442,45.801381
29,6.820056,45.801373
29,6.820045,45.801643
29,6.820431,45.80165
29,6.820817,45.801658
29,6.820806,45.801928
29,6.820421,45.80192
29,6.820035,45.801913
29,6.820024,45.802183
29,6.819639,45.802175
29,6.819628,45.802445
29,6.819618,45.802715
29,6.819607,45.802985
29,6.819993,45.802992
29,6.819982,45.803262
29,6.820368,45.803269
29,6.820358,45.803539
29,6.820743,45.803547
29,6.820733,45.803816
29,6.821119,45.803824
29,6.821504,45.803831
29,6.82189,45.803838
29,6.822276,45.803846
29,6.822662,45.803853
29,6.823048,45.80386
29,6.823037,45.80413
29,6.823423,45.804138
29,6.823412,45.804407
29,6.823402,45.804677
29,6.823016,45.80467
29,6.823005,45.80494
29,6.823391,45.804947
29,6.823381,45.805217
29,6.823767,45.805224
29,6.824152,45.805232
29,6.824538,45.805239
29,6.824924,45.805246
29,6.82531,45.805254
29,6.825299,45.805524
29,6.825685,45.805531
29,6.825675,45.805801
29,6.82606,45.805808
29,6.82605,45.806078
29,6.826436,45.806085
29,6.826425,45.806355
29,6.826811,45.806362
29,6.826801,45.806632
29,6.827186,45.80664
29,6.827572,45.806647
29,6.827562,45.806917
29,6.827947,45.806924
29,6.828333,45.806931
29,6.828323,45.807201
29,6.828709,45.807209
29,6.828698,45.807478
29,6.828688,45.807748
29,6.828677,45.808018
29,6.828291,45.808011
29,6.828281,45.808281
29,6.827895,45.808273
29,6.827885,45.808543
29,6.827499,45.808536
29,6.827113,45.808528
29,6.827102,45.808798
29,6.826717,45.808791
29,6.826331,45.808783
29,6.82632,45.809053
29,6.825934,45.809046
29,6.825549,45.809039
29,6.825538,45.809308
29,6.825152,45.809301
29,6.824766,45.809294
29,6.824756,45.809564
29,6.82437,45.809556
29,6.82436,45.809826
29,6.824349,45.810096
29,6.823963,45.810089
29,6.823953,45.810358
29,6.823942,45.810628
29,6.823556,45.810621
29,6.823546,45.810891
29,6.82316,45.810883
29,6.823149,45.811153
29,6.823139,45.811423
29,6.822753,45.811416
29,6.822743,45.811685
29,6.822357,45.811678
29,6.822346,45.811948
29,6.82196,45.811941
29,6.82195,45.81221
29,6.821564,45.812203
29,6.821178,45.812196
29,6.820792,45.812188
29,6.820406,45.812181
29,6.820021,45.812174
29,6.82001,45.812443
29,6.819624,45.812436
29,6.819238,45.812429
29,6.818852,45.812421
29,6.818842,45.812691
29,6.818831,45.812961
29,6.818446,45.812954
29,6.81806,45.812946
29,6.817674,45.812939
29,6.817663,45.813209
29,6.817277,45.813201
29,6.817267,45.813471
29,6.817256,45.813741
29,6.817642,45.813748
29,6.817632,45.814018
29,6.818018,45.814025
29,6.818007,45.814295
29,6.818393,45.814303
29,6.818382,45.814572
29,6.818372,45.814842
29,6.818361,45.815112
29,6.817975,45.815105
29,6.817965,45.815375
29,6.817579,45.815367
29,6.817193,45.81536
29,6.816807,45.815352
29,6.816421,45.815345
29,6.816035,45.815338
29,6.816025,45.815608
29,6.815639,45.8156
29,6.815253,45.815593
29,6.815264,45.815323
29,6.814878,45.815316
29,6.814888,45.815046
29,6.814503,45.815038
29,6.814513,45.814769
29,6.814127,45.814761
29,6.814138,45.814491
29,6.813752,45.814484
29,6.813762,45.814214
29,6.813377,45.814207
29,6.813387,45.813937
29,6.813001,45.813929
29,6.812876,45.813927
29,6.812288,45.813514
29,6.810669,45.813102
29,6.810491,45.813479
29,6.811285,45.814066
29,6.811838,45.814447
29,6.811823,45.814447
29,6.811812,45.814717
29,6.812198,45.814724
29,6.812187,45.814994
29,6.812177,45.815264
29,6.812563,45.815271
29,6.812552,45.815541
29,6.812938,45.815548
29,6.812927,45.815818
29,6.812917,45.816088
29,6.813303,45.816095
29,6.813292,45.816365
29,6.813678,45.816373
29,6.813667,45.816642
29,6.813657,45.816912
29,6.813646,45.817182
29,6.81326,45.817175
29,6.812874,45.817167
29,6.812489,45.81716
29,6.812478,45.81743
29,6.812092,45.817422
29,6.812082,45.817692
29,6.812071,45.817962
29,6.81206,45.818232
29,6.812446,45.818239
29,6.812436,45.818509
29,6.812822,45.818516
29,6.812811,45.818786
29,6.812425,45.818779
29,6.812415,45.819049
29,6.812029,45.819041
29,6.812018,45.819311
29,6.812008,45.819581
29,6.812393,45.819588
29,6.812779,45.819596
29,6.813165,45.819603
29,6.813551,45.819611
29,6.813937,45.819618
29,6.813948,45.819348
29,6.814334,45.819355
29,6.814719,45.819363
29,6.81473,45.819093
29,6.815116,45.8191
29,6.815105,45.81937
29,6.815491,45.819378
29,6.815481,45.819647
29,6.81547,45.819917
29,6.81546,45.820187
29,6.815845,45.820194
29,6.815835,45.820464
29,6.815824,45.820734
29,6.815814,45.821004
29,6.815803,45.821274
29,6.815793,45.821544
29,6.815782,45.821813
29,6.815772,45.822083
29,6.815761,45.822353
29,6.81575,45.822623
29,6.81574,45.822893
29,6.816126,45.8229
29,6.816115,45.82317
29,6.816105,45.82344
29,6.816094,45.82371
29,6.81648,45.823717
29,6.81647,45.823987
29,6.816459,45.824257
29,6.816845,45.824264
29,6.816834,45.824534
29,6.816824,45.824804
29,6.816813,45.825073
29,6.817199,45.825081
29,6.817189,45.825351
29,6.817178,45.82562
29,6.817168,45.82589
29,6.817554,45.825898
29,6.817543,45.826167
29,6.817929,45.826175
29,6.817918,45.826445
29,6.817908,45.826714
29,6.817897,45.826984
29,6.817887,45.827254
29,6.817876,45.827524
29,6.81749,45.827517
29,6.81748,45.827786
29,6.817866,45.827794
29,6.817855,45.828064
29,6.818241,45.828071
29,6.818627,45.828078
29,6.818616,45.828348
29,6.819002,45.828356
29,6.818992,45.828625
29,6.818981,45.828895
29,6.818595,45.828888
29,6.818585,45.829158
29,6.818574,45.829427
29,6.81896,45.829435
29,6.81895,45.829705
29,6.818939,45.829974
29,6.819325,45.829982
29,6.819315,45.830252
29,6.819701,45.830259
29,6.81969,45.830529
29,6.819679,45.830799
29,6.819293,45.830791
29,6.819283,45.831061
29,6.819272,45.831331
29,6.819262,45.831601
29,6.819251,45.831871
29,6.819241,45.83214
29,6.818855,45.832133
29,6.818844,45.832403
29,6.818458,45.832396
29,6.818072,45.832388
29,6.817686,45.832381
29,6.817676,45.832651
29,6.81729,45.832643
29,6.817279,45.832913
29,6.817269,45.833183
29,6.817258,45.833453
29,6.817248,45.833722
29,6.817634,45.83373
29,6.817623,45.834
29,6.818009,45.834007
29,6.818395,45.834014
29,6.818781,45.834022
29,6.819167,45.834029
29,6.819178,45.833759
29,6.819564,45.833767
29,6.81995,45.833774
29,6.819939,45.834044
29,6.820325,45.834051
29,6.820314,45.834321
29,6.8207,45.834328
29,6.82069,45.834598
29,6.821076,45.834606
29,6.821065,45.834875
29,6.821055,45.835145
29,6.821441,45.835153
29,6.82143,45.835422
29,6.821816,45.83543
29,6.821806,45.8357
29,6.822192,45.835707
29,6.822181,45.835977
29,6.822171,45.836247
29,6.82216,45.836517
29,6.82215,45.836786
29,6.821764,45.836779
29,6.821378,45.836772
29,6.820992,45.836764
29,6.820606,45.836757
29,6.820414,45.836753
29,6.820318,45.836751
29,6.821134,45.837026
29,6.822105,45.837473
29,6.822679,45.837603
29,6.822891,45.837585
29,6.822901,45.837341
29,6.822911,45.837071
29,6.823297,45.837078
29,6.823683,45.837086
29,6.824069,45.837093
29,6.824455,45.8371
29,6.824445,45.83737
29,6.824831,45.837377
29,6.82482,45.837647
29,6.825206,45.837655
29,6.8252,45.837817
29,6.825832,45.837997
29,6.826986,45.838114
29,6.82815,45.837969
29,6.828673,45.837901
29,6.828675,45.837862
29,6.82867,45.837862
29,6.828675,45.83786
29,6.828681,45.837721
29,6.829049,45.837732
29,6.829069,45.837713
29,6.829077,45.837458
29,6.829088,45.837188
29,6.829098,45.836919
29,6.829484,45.836926
29,6.829495,45.836656
29,6.829505,45.836386
29,6.829119,45.836379
29,6.82913,45.836109
29,6.828744,45.836102
29,6.828754,45.835832
29,6.828368,45.835825
29,6.828379,45.835555
29,6.828765,45.835562
29,6.828775,45.835292
29,6.829161,45.8353
29,6.829547,45.835307
29,6.829933,45.835314
29,6.829923,45.835584
29,6.829912,45.835854
29,6.830298,45.835861
29,6.830288,45.836131
29,6.830277,45.836401
29,6.830663,45.836408
29,6.831049,45.836416
29,6.83106,45.836146
29,6.83107,45.835876
29,6.831456,45.835883
29,6.831467,45.835613
29,6.831853,45.835621
29,6.831863,45.835351
29,6.832249,45.835358
29,6.832635,45.835366
29,6.833021,45.835373
29,6.833407,45.83538
29,6.833793,45.835388
29,6.833804,45.835118
29,6.833814,45.834848
29,6.8342,45.834855
29,6.834211,45.834585
29,6.834221,45.834316
29,6.834607,45.834323
29,6.834618,45.834053
29,6.834628,45.833783
29,6.835014,45.833791
29,6.835025,45.833521
29,6.835411,45.833528
29,6.835421,45.833258
29,6.835807,45.833266
29,6.836193,45.833273
29,6.836183,45.833543
29,6.836569,45.83355
29,6.836558,45.83382
29,6.836944,45.833827
29,6.836934,45.834097
29,6.83732,45.834104
29,6.837309,45.834374
29,6.837299,45.834644
29,6.837685,45.834651
29,6.837674,45.834921
29,6.83806,45.834928
29,6.838446,45.834936
29,6.838436,45.835206
29,6.838822,45.835213
29,6.838811,45.835483
29,6.838425,45.835475
29,6.838415,45.835745
29,6.838029,45.835738
29,6.838019,45.836008
29,6.837632,45.836
29,6.837622,45.83627
29,6.837236,45.836263
29,6.837226,45.836533
29,6.837215,45.836803
29,6.836829,45.836795
29,6.836819,45.837065
29,6.836433,45.837058
29,6.836422,45.837328
29,6.836036,45.83732
29,6.83565,45.837313
29,6.835264,45.837306
29,6.834878,45.837298
29,6.834492,45.837291
29,6.834106,45.837284
29,6.83372,45.837276
29,6.833435,45.837271
29,6.834085,45.837796
29,6.835026,45.838124
29,6.835706,45.838161
29,6.8362,45.838622
29,6.836787,45.839276
29,6.837654,45.839769
29,6.838504,45.839833
29,6.839349,45.839992
29,6.839945,45.840456
29,6.839575,45.840816
29,6.8404,45.841274
29,6.841104,45.841401
29,6.841175,45.841443
29,6.841375,45.841352
29,6.841428,45.840876
29,6.841713,45.840548
29,6.842635,45.840494
29,6.8429,45.84069
29,6.842909,45.840741
29,6.843633,45.840613
29,6.845091,45.840389
29,6.84618,45.839882
29,6.846658,45.839452
29,6.846731,45.839291
29,6.846317,45.839295
29,6.846236,45.839296
29,6.846222,45.839133
29,6.84601,45.839129
29,6.846021,45.838859
29,6.845635,45.838852
29,6.845645,45.838582
29,6.845259,45.838575
29,6.844873,45.838567
29,6.844487,45.83856
29,6.844101,45.838553
29,6.844091,45.838823
29,6.843705,45.838815
29,6.843694,45.839085
29,6.843684,45.839355
29,6.843673,45.839625
29,6.843287,45.839618
29,6.843277,45.839887
29,6.843266,45.840157
29,6.84288,45.84015
29,6.84287,45.84042
29,6.842484,45.840413
29,6.842098,45.840405
29,6.842108,45.840135
29,6.841722,45.840128
29,6.841733,45.839858
29,6.842119,45.839866
29,6.842129,45.839596
29,6.842515,45.839603
29,6.842526,45.839333
29,6.842536,45.839063
29,6.842546,45.838794
29,6.842557,45.838524
29,6.842567,45.838254
29,6.842578,45.837984
29,6.842192,45.837977
29,6.842202,45.837707
29,6.842213,45.837437
29,6.841827,45.83743
29,6.841441,45.837423
29,6.841451,45.837153
29,6.841065,45.837145
29,6.841075,45.836876
29,6.840689,45.836868
29,6.8407,45.836599
29,6.840314,45.836591
29,6.840324,45.836321
29,6.840335,45.836052
29,6.840721,45.836059
29,6.841107,45.836066
29,6.841493,45.836073
29,6.841482,45.836343
29,6.841868,45.836351
29,6.841858,45.83662
29,6.841847,45.83689
29,6.842233,45.836898
29,6.842223,45.837167
29,6.842609,45.837175
29,6.842599,45.837444
29,6.842985,45.837452
29,6.843371,45.837459
29,6.843757,45.837466
29,6.843767,45.837196
29,6.844153,45.837204
29,6.844164,45.836934
29,6.844174,45.836664
29,6.844184,45.836394
29,6.844195,45.836124
29,6.844581,45.836132
29,6.844967,45.836139
29,6.845353,45.836146
29,6.845739,45.836154
29,6.845749,45.835884
29,6.846135,45.835891
29,6.846521,45.835898
29,6.846511,45.836168
29,6.846897,45.836175
29,6.846887,45.836445
29,6.847273,45.836453
29,6.847262,45.836722
29,6.847648,45.83673
29,6.847638,45.836999
29,6.848024,45.837007
29,6.848013,45.837277
29,6.848003,45.837546
29,6.848389,45.837554
29,6.848379,45.837824
29,6.848368,45.838093
29,6.848358,45.838363
29,6.847972,45.838356
29,6.847961,45.838626
29,6.847959,45.838689
29,6.848288,45.838551
29,6.848512,45.838592
29,6.848506,45.838632
29,6.848718,45.838598
29,6.849033,45.838401
29,6.849433,45.838183
29,6.85008,45.837754
29,6.85058,45.837585
29,6.851108,45.837595
29,6.851701,45.837689
29,6.85231,45.837344
29,6.85265,45.836933
29,6.853101,45.83671
29,6.853434,45.836478
29,6.853725,45.835995
29,6.853992,45.835679
29,6.854383,45.835281
29,6.854795,45.835265
29,6.854241,45.834533
29,6.852703,45.833766
29,6.851644,45.833025
29,6.851268,45.833017
29,6.850882,45.83301
29,6.850496,45.833003
29,6.850506,45.832733
29,6.85012,45.832726
29,6.849734,45.832719
29,6.849745,45.832449
29,6.849359,45.832442
29,6.848973,45.832434
29,6.848587,45.832427
29,6.848201,45.83242
29,6.848211,45.83215
29,6.847825,45.832143
29,6.847836,45.831873
29,6.848222,45.83188
29,6.848232,45.83161
29,6.848242,45.83134
29,6.847856,45.831333
29,6.847867,45.831063
29,6.847481,45.831056
29,6.847491,45.830786
29,6.847105,45.830779
29,6.847116,45.830509
29,6.84673,45.830502
29,6.84674,45.830232
29,6.84675,45.829962
29,6.846364,45.829955
29,6.845978,45.829948
29,6.845968,45.830217
29,6.845582,45.83021
29,6.845196,45.830203
29,6.84481,45.830196
29,6.844821,45.829926
29,6.844831,45.829656
29,6.844841,45.829386
29,6.844852,45.829116
29,6.844862,45.828846
29,6.844873,45.828577
29,6.844487,45.828569
29,6.844497,45.828299
29,6.844111,45.828292
29,6.844122,45.828022
29,6.843736,45.828015
29,6.84335,45.828008
29,6.84336,45.827738
29,6.842974,45.827731
29,6.842588,45.827723
29,6.842202,45.827716
29,6.841816,45.827709
29,6.84143,45.827702
29,6.841044,45.827694
29,6.840658,45.827687
29,6.840272,45.82768
29,6.839886,45.827672
29,6.839897,45.827403
29,6.839511,45.827395
29,6.839125,45.827388
29,6.839135,45.827118
29,6.838749,45.827111
29,6.83876,45.826841
29,6.838374,45.826834
29,6.838384,45.826564
29,6.838395,45.826294
29,6.838405,45.826024
29,6.838019,45.826017
29,6.83803,45.825747
29,6.83804,45.825477
29,6.838051,45.825207
29,6.837665,45.8252
29,6.837675,45.82493
29,6.837289,45.824923
29,6.8373,45.824653
29,6.83731,45.824383
29,6.837321,45.824113
29,6.837331,45.823844
29,6.836945,45.823836
29,6.836955,45.823567
29,6.836966,45.823297
29,6.836976,45.823027
29,6.836987,45.822757
29,6.837373,45.822764
29,6.837375,45.822704
29,6.838147,45.822725
29,6.838145,45.822779
29,6.838531,45.822786
29,6.83852,45.823056
29,6.83851,45.823326
29,6.838896,45.823333
29,6.838885,45.823603
29,6.839271,45.82361
29,6.839657,45.823618
29,6.840043,45.823625
29,6.840033,45.823895
29,6.840418,45.823902
29,6.840408,45.824172
29,6.840794,45.824179
29,6.84118,45.824186
29,6.841169,45.824456
29,6.841555,45.824464
29,6.841545,45.824733
29,6.841535,45.825003
29,6.84192,45.825011
29,6.84191,45.82528
29,6.842296,45.825288
29,6.842682,45.825295
29,6.842692,45.825025
29,6.843078,45.825032
29,6.843089,45.824763
29,6.843475,45.82477
29,6.843485,45.8245
29,6.843496,45.82423
29,6.84311,45.824223
29,6.84312,45.823953
29,6.84313,45.823683
29,6.843141,45.823413
29,6.843151,45.823144
29,6.842765,45.823136
29,6.842776,45.822867
29,6.84239,45.822859
29,6.8424,45.822589
29,6.842014,45.822582
29,6.842025,45.822312
29,6.841639,45.822305
29,6.841253,45.822298
29,6.840867,45.82229
29,6.840481,45.822283
29,6.840095,45.822276
29,6.839709,45.822269
29,6.839611,45.822267
30,6.859471,45.81049
30,6.859085,45.810482
30,6.858699,45.810475
30,6.858689,45.810745
30,6.858679,45.811015
30,6.858668,45.811285
30,6.859054,45.811292
30,6.859044,45.811562
30,6.85943,45.811569
30,6.859419,45.811839
30,6.859805,45.811846
30,6.859816,45.811576
30,6.860202,45.811583
30,6.860212,45.811313
30,6.860222,45.811044
30,6.859836,45.811036
30,6.859847,45.810767
30,6.859461,45.810759
30,6.859471,45.81049
31,6.863901,45.805712
31,6.863515,45.805705
31,6.863505,45.805975
31,6.863119,45.805967
31,6.862734,45.80596
31,6.862723,45.80623
31,6.862337,45.806223
31,6.861952,45.806216
31,6.861941,45.806485
31,6.861555,45.806478
31,6.86117,45.806471
31,6.861159,45.806741
31,6.861149,45.807011
31,6.861535,45.807018
31,6.861921,45.807025
31,6.862306,45.807032
31,6.862692,45.80704
31,6.862703,45.80677
31,6.863088,45.806777
31,6.863474,45.806784
31,6.863485,45.806514
31,6.86387,45.806522
31,6.863881,45.806252
31,6.864266,45.806259
31,6.864277,45.805989
31,6.863891,45.805982
31,6.863901,45.805712
32,6.875094,45.79566
32,6.874708,45.795653
32,6.874323,45.795646
32,6.874312,45.795915
32,6.873927,45.795908
32,6.873916,45.796178
32,6.873906,45.796448
32,6.873896,45.796718
32,6.87351,45.79671
32,6.8735,45.79698
32,6.87349,45.79725
32,6.873479,45.79752
32,6.873469,45.79779
32,6.873459,45.79806
32,6.873449,45.798329
32,6.873438,45.798599
32,6.873428,45.798869
32,6.873418,45.799139
32,6.873407,45.799409
32,6.873397,45.799679
32,6.873387,45.799948
32,6.873001,45.799941
32,6.872991,45.800211
32,6.872605,45.800204
32,6.872595,45.800474
32,6.872585,45.800744
32,6.872199,45.800736
32,6.872188,45.801006
32,6.872178,45.801276
32,6.871792,45.801269
32,6.871782,45.801539
32,6.871772,45.801809
32,6.871386,45.801801
32,6.871376,45.802071
32,6.871366,45.802341
32,6.871355,45.802611
32,6.871345,45.802881
32,6.871335,45.803151
32,6.870949,45.803143
32,6.870939,45.803413
32,6.870928,45.803683
32,6.870542,45.803676
32,6.870532,45.803946
32,6.870146,45.803938
32,6.870136,45.804208
32,6.870126,45.804478
32,6.86974,45.804471
32,6.86973,45.804741
32,6.869719,45.805011
32,6.869709,45.80528
32,6.869699,45.80555
32,6.869689,45.80582
32,6.869303,45.805813
32,6.869292,45.806083
32,6.869282,45.806353
32,6.869272,45.806622
32,6.869262,45.806892
32,6.868876,45.806885
32,6.868865,45.807155
32,6.868855,45.807425
32,6.868845,45.807695
32,6.868459,45.807687
32,6.868449,45.807957
32,6.868438,45.808227
32,6.868428,45.808497
32,6.868042,45.80849
32,6.868032,45.808759
32,6.868418,45.808767
32,6.868408,45.809036
32,6.868397,45.809306
32,6.868011,45.809299
32,6.868001,45.809569
32,6.867615,45.809562
32,6.867605,45.809832
32,6.867595,45.810101
32,6.867584,45.810371
32,6.867574,45.810641
32,6.867564,45.810911
32,6.86795,45.810918
32,6.867939,45.811188
32,6.867929,45.811458
32,6.867919,45.811728
32,6.867908,45.811997
32,6.867898,45.812267
32,6.868284,45.812274
32,6.868274,45.812544
32,6.868263,45.812814
32,6.868649,45.812821
32,6.868639,45.813091
32,6.868629,45.813361
32,6.868618,45.813631
32,6.868608,45.813901
32,6.868222,45.813893
32,6.868212,45.814163
32,6.867826,45.814156
32,6.867816,45.814426
32,6.867805,45.814696
32,6.867795,45.814966
32,6.868181,45.814973
32,6.868171,45.815243
32,6.868557,45.81525
32,6.868546,45.81552
32,6.868932,45.815527
32,6.868922,45.815797
32,6.868912,45.816067
32,6.868526,45.816059
32,6.868515,45.816329
32,6.868505,45.816599
32,6.868495,45.816869
32,6.868484,45.817139
32,6.86887,45.817146
32,6.86886,45.817416
32,6.869246,45.817423
32,6.869256,45.817153
32,6.869642,45.81716
32,6.869632,45.81743
32,6.870018,45.817437
32,6.870007,45.817707
32,6.870393,45.817714
32,6.870383,45.817984
32,6.870373,45.818254
32,6.870362,45.818524
32,6.869977,45.818517
32,6.869966,45.818786
32,6.86958,45.818779
32,6.869194,45.818772
32,6.869184,45.819042
32,6.868798,45.819035
32,6.868788,45.819305
32,6.869174,45.819312
32,6.869164,45.819582
32,6.869549,45.819589
32,6.869539,45.819859
32,6.869529,45.820128
32,6.869915,45.820136
32,6.869905,45.820405
32,6.87029,45.820413
32,6.87028,45.820682
32,6.870666,45.82069
32,6.870656,45.82096
32,6.871042,45.820967
32,6.871031,45.821237
32,6.871417,45.821244
32,6.871407,45.821514
32,6.871793,45.821521
32,6.872179,45.821528
32,6.872169,45.821798
32,6.872555,45.821805
32,6.872544,45.822075
32,6.87293,45.822082
32,6.872941,45.821812
32,6.873326,45.821819
32,6.873337,45.82155
32,6.873347,45.82128
32,6.872961,45.821272
32,6.872971,45.821003
32,6.872982,45.820733
32,6.872992,45.820463
32,6.872606,45.820456
32,6.872616,45.820186
32,6.87223,45.820179
32,6.872241,45.819909
32,6.872251,45.819639
32,6.872637,45.819646
32,6.873023,45.819653
32,6.873409,45.819661
32,6.873795,45.819668
32,6.873784,45.819938
32,6.87417,45.819945
32,6.87418,45.819675
32,6.874566,45.819682
32,6.874577,45.819412
32,6.874587,45.819143
32,6.874597,45.818873
32,6.874607,45.818603
32,6.874618,45.818333
32,6.875004,45.81834
32,6.875014,45.81807
32,6.875024,45.817801
32,6.875034,45.817531
32,6.875045,45.817261
32,6.875055,45.816991
32,6.875065,45.816721
32,6.875076,45.816451
32,6.875086,45.816182
32,6.875096,45.815912
32,6.875106,45.815642
32,6.875492,45.815649
32,6.875502,45.815379
32,6.875513,45.815109
32,6.875523,45.81484
32,6.875533,45.81457
32,6.875147,45.814563
32,6.874762,45.814555
32,6.874772,45.814286
32,6.874386,45.814278
32,6.874396,45.814009
32,6.874406,45.813739
32,6.874792,45.813746
32,6.874803,45.813476
32,6.875188,45.813483
32,6.875178,45.813753
32,6.875564,45.81376
32,6.87595,45.813767
32,6.876336,45.813775
32,6.876346,45.813505
32,6.876356,45.813235
32,6.876367,45.812965
32,6.876377,45.812695
32,6.875991,45.812688
32,6.876001,45.812418
32,6.876012,45.812148
32,6.875626,45.812141
32,6.875636,45.811871
32,6.875646,45.811602
32,6.875656,45.811332
32,6.875667,45.811062
32,6.875281,45.811055
32,6.875291,45.810785
32,6.874905,45.810778
32,6.874916,45.810508
32,6.874926,45.810238
32,6.875312,45.810245
32,6.875322,45.809975
32,6.875332,45.809706
32,6.875342,45.809436
32,6.875728,45.809443
32,6.875739,45.809173
32,6.875749,45.808903
32,6.875363,45.808896
32,6.874977,45.808889
32,6.874987,45.808619
32,6.874602,45.808612
32,6.874216,45.808605
32,6.874226,45.808335
32,6.874236,45.808065
32,6.874247,45.807795
32,6.874632,45.807802
32,6.874643,45.807533
32,6.874653,45.807263
32,6.874663,45.806993
32,6.875049,45.807
32,6.875059,45.80673
32,6.87507,45.80646
32,6.87508,45.806191
32,6.87509,45.805921
32,6.8751,45.805651
32,6.875486,45.805658
32,6.875496,45.805388
32,6.875507,45.805118
32,6.875517,45.804849
32,6.875527,45.804579
32,6.875537,45.804309
32,6.875923,45.804316
32,6.875934,45.804046
32,6.875944,45.803776
32,6.87633,45.803784
32,6.87634,45.803514
32,6.876726,45.803521
32,6.876736,45.803251
32,6.877122,45.803258
32,6.877132,45.802988
32,6.877518,45.802996
32,6.877528,45.802726
32,6.877538,45.802456
32,6.877549,45.802186
32,6.877559,45.801916
32,6.877569,45.801646
32,6.877579,45.801377
32,6.877965,45.801384
32,6.877975,45.801114
32,6.877986,45.800844
32,6.877996,45.800574
32,6.878382,45.800581
32,6.878392,45.800312
32,6.878402,45.800042
32,6.878412,45.799772
32,6.878423,45.799502
32,6.878433,45.799232
32,6.878443,45.798962
32,6.878829,45.79897
32,6.878839,45.7987
32,6.878453,45.798693
32,6.878464,45.798423
32,6.878474,45.798153
32,6.878088,45.798146
32,6.878098,45.797876
32,6.877713,45.797869
32,6.877327,45.797862
32,6.877337,45.797592
32,6.876951,45.797585
32,6.876961,45.797315
32,6.876576,45.797308
32,6.87619,45.7973
32,6.8762,45.797031
32,6.875814,45.797023
32,6.875825,45.796754
32,6.875439,45.796746
32,6.875449,45.796477
32,6.875459,45.796207
32,6.875074,45.7962
32,6.875084,45.79593
32,6.875094,45.79566
33,6.879658,45.807626
33,6.879273,45.807619
33,6.879262,45.807888
33,6.879252,45.808158
33,6.879638,45.808165
33,6.879628,45.808435
33,6.879617,45.808705
33,6.879607,45.808975
33,6.879597,45.809245
33,6.879983,45.809252
33,6.879973,45.809522
33,6.880358,45.809529
33,6.880348,45.809799
33,6.880734,45.809806
33,6.880724,45.810076
33,6.88111,45.810083
33,6.881496,45.81009
33,6.881485,45.81036
33,6.881871,45.810367
33,6.881861,45.810637
33,6.882247,45.810644
33,6.882257,45.810374
33,6.882267,45.810104
33,6.882653,45.810112
33,6.882663,45.809842
33,6.882674,45.809572
33,6.882684,45.809302
33,6.882298,45.809295
33,6.882308,45.809025
33,6.882318,45.808755
33,6.881933,45.808748
33,6.881943,45.808478
33,6.881557,45.808471
33,6.881171,45.808464
33,6.881161,45.808734
33,6.880775,45.808727
33,6.880785,45.808457
33,6.880399,45.80845
33,6.880014,45.808442
33,6.880024,45.808173
33,6.880034,45.807903
33,6.879648,45.807896
33,6.879658,45.807626
34,6.891082,45.801627
34,6.890696,45.80162
34,6.89031,45.801612
34,6.889925,45.801605
34,6.889914,45.801875
34,6.889529,45.801868
34,6.889539,45.801598
34,6.889153,45.801591
34,6.888767,45.801584
34,6.888381,45.801577
34,6.887996,45.80157
34,6.88761,45.801563
34,6.887224,45.801555
34,6.887214,45.801825
34,6.887204,45.802095
34,6.886818,45.802088
34,6.886808,45.802358
34,6.886797,45.802628
34,6.886787,45.802897
34,6.887173,45.802905
34,6.887163,45.803174
34,6.887153,45.803444
34,6.887538,45.803451
34,6.887528,45.803721
34,6.887914,45.803728
34,6.887904,45.803998
34,6.887894,45.804268
34,6.888279,45.804275
34,6.888269,45.804545
34,6.888259,45.804815
34,6.888645,45.804822
34,6.888635,45.805092
34,6.889021,45.805099
34,6.88901,45.805369
34,6.889396,45.805376
34,6.889386,45.805646
34,6.889376,45.805916
34,6.889366,45.806185
34,6.889355,45.806455
34,6.889345,45.806725
34,6.889335,45.806995
34,6.889325,45.807265
34,6.888939,45.807258
34,6.888929,45.807527
34,6.888919,45.807797
34,6.888533,45.80779
34,6.888523,45.80806
34,6.888512,45.80833
34,6.888126,45.808323
34,6.888116,45.808593
34,6.888106,45.808862
34,6.88772,45.808855
34,6.88771,45.809125
34,6.887324,45.809118
34,6.887314,45.809388
34,6.886928,45.809381
34,6.886918,45.80965
34,6.886532,45.809643
34,6.886522,45.809913
34,6.886512,45.810183
34,6.886126,45.810176
34,6.886116,45.810446
34,6.886105,45.810716
34,6.886095,45.810985
34,6.885709,45.810978
34,6.885699,45.811248
34,6.885689,45.811518
34,6.885679,45.811788
34,6.885668,45.812058
34,6.885283,45.81205
34,6.885272,45.81232
34,6.885262,45.81259
34,6.884876,45.812583
34,6.884866,45.812853
34,6.88448,45.812846
34,6.884094,45.812839
34,6.884105,45.812569
34,6.883719,45.812562
34,6.883333,45.812554
34,6.883323,45.812824
34,6.882937,45.812817
34,6.882926,45.813087
34,6.882916,45.813357
34,6.88253,45.81335
34,6.88252,45.813619
34,6.882134,45.813612
34,6.882124,45.813882
34,6.881738,45.813875
34,6.881728,45.814145
34,6.881342,45.814138
34,6.880956,45.81413
34,6.880946,45.8144
34,6.88056,45.814393
34,6.88055,45.814663
34,6.880164,45.814656
34,6.880154,45.814926
34,6.879768,45.814918
34,6.879758,45.815188
34,6.879372,45.815181
34,6.878986,45.815174
34,6.878975,45.815444
34,6.87859,45.815437
34,6.878579,45.815706
34,6.878193,45.815699
34,6.878183,45.815969
34,6.878173,45.816239
34,6.877787,45.816232
34,6.877777,45.816502
34,6.877391,45.816494
34,6.877381,45.816764
34,6.876995,45.816757
34,6.876984,45.817027
34,6.876974,45.817297
34,6.876964,45.817567
34,6.876578,45.817559
34,6.876568,45.817829
34,6.876558,45.818099
34,6.876547,45.818369
34,6.876537,45.818639
34,6.876527,45.818909
34,6.876913,45.818916
34,6.876902,45.819186
34,6.876892,45.819455
34,6.876882,45.819725
34,6.877268,45.819732
34,6.877258,45.820002
34,6.877247,45.820272
34,6.876861,45.820265
34,6.876851,45.820535
34,6.876841,45.820805
34,6.876455,45.820797
34,6.876445,45.821067
34,6.876434,45.821337
34,6.876424,45.821607
34,6.876414,45.821877
34,6.8768,45.821884
34,6.87679,45.822154
34,6.877175,45.822161
34,6.877165,45.822431
34,6.877551,45.822438
34,6.877561,45.822168
34,6.877947,45.822175
34,6.877958,45.821905
34,6.878344,45.821913
34,6.878354,45.821643
34,6.87874,45.82165
34,6.87875,45.82138
34,6.879136,45.821387
34,6.879146,45.821117
34,6.879532,45.821125
34,6.879542,45.820855
34,6.879928,45.820862
34,6.879939,45.820592
34,6.879949,45.820322
34,6.880335,45.820329
34,6.880721,45.820337
34,6.880731,45.820067
34,6.881117,45.820074
34,6.881127,45.819804
34,6.881513,45.819811
34,6.881523,45.819541
34,6.881533,45.819272
34,6.881919,45.819279
34,6.88193,45.819009
34,6.882315,45.819016
34,6.882701,45.819023
34,6.882712,45.818753
34,6.883098,45.818761
34,6.883108,45.818491
34,6.883494,45.818498
34,6.88388,45.818505
34,6.884265,45.818512
34,6.884276,45.818242
34,6.884662,45.81825
34,6.884672,45.81798
34,6.884682,45.81771
34,6.885068,45.817717
34,6.885078,45.817447
34,6.885464,45.817454
34,6.88585,45.817461
34,6.88584,45.817731
34,6.886226,45.817738
34,6.886612,45.817746
34,6.886622,45.817476
34,6.887008,45.817483
34,6.887394,45.81749
34,6.88778,45.817497
34,6.88779,45.817227
34,6.888176,45.817234
34,6.888186,45.816965
34,6.888572,45.816972
34,6.888582,45.816702
34,6.888968,45.816709
34,6.888978,45.816439
34,6.889364,45.816446
34,6.88975,45.816453
34,6.88976,45.816184
34,6.88977,45.815914
34,6.890156,45.815921
34,6.890166,45.815651
34,6.890177,45.815381
34,6.889791,45.815374
34,6.889801,45.815104
34,6.889811,45.814834
34,6.889821,45.814565
34,6.889831,45.814295
34,6.889842,45.814025
34,6.889852,45.813755
34,6.889862,45.813485
34,6.890248,45.813492
34,6.890258,45.813223
34,6.890268,45.812953
34,6.890278,45.812683
34,6.890289,45.812413
34,6.890299,45.812143
34,6.889913,45.812136
34,6.889923,45.811866
34,6.889933,45.811596
34,6.889944,45.811327
34,6.890329,45.811334
34,6.89034,45.811064
34,6.89035,45.810794
34,6.89036,45.810524
34,6.89037,45.810254
34,6.890756,45.810261
34,6.890766,45.809992
34,6.891152,45.809999
34,6.891162,45.809729
34,6.891548,45.809736
34,6.891558,45.809466
34,6.891568,45.809196
34,6.891954,45.809204
34,6.891965,45.808934
34,6.89235,45.808941
34,6.892361,45.808671
34,6.892371,45.808401
34,6.892757,45.808408
34,6.892767,45.808138
34,6.892777,45.807869
34,6.893163,45.807876
34,6.893173,45.807606
34,6.893183,45.807336
34,6.893569,45.807343
34,6.893579,45.807073
34,6.893965,45.80708
34,6.893975,45.806811
34,6.893985,45.806541
34,6.893995,45.806271
34,6.894006,45.806001
34,6.894016,45.805731
34,6.894026,45.805461
34,6.89364,45.805454
34,6.89365,45.805184
34,6.893661,45.804915
34,6.893671,45.804645
34,6.893681,45.804375
34,6.893691,45.804105
34,6.893701,45.803835
34,6.893711,45.803565
34,6.893326,45.803558
34,6.893336,45.803288
34,6.89295,45.803281
34,6.89296,45.803012
34,6.892574,45.803004
34,6.892585,45.802735
34,6.892199,45.802727
34,6.892209,45.802458
34,6.892219,45.802188
34,6.891833,45.802181
34,6.891843,45.801911
34,6.891458,45.801904
34,6.891072,45.801897
34,6.891082,45.801627
35,6.892907,45.824882
35,6.892521,45.824875
35,6.892135,45.824868
35,6.891749,45.824861
35,6.891739,45.825131
35,6.891729,45.825401
35,6.892115,45.825408
35,6.892105,45.825678
35,6.892095,45.825948
35,6.892481,45.825955
35,6.892867,45.825962
35,6.893252,45.825969
35,6.893263,45.825699
35,6.893273,45.825429
35,6.893283,45.825159
35,6.892897,45.825152
35,6.892907,45.824882
36,6.87186,45.836896
36,6.870996,45.837214
36,6.87051,45.837934
36,6.870002,45.838267
36,6.869582,45.83864
36,6.869664,45.83907
36,6.869896,45.839241
36,6.870808,45.839383
36,6.871694,45.839465
36,6.872542,45.839553
36,6.873032,45.83967
36,6.873034,45.839635
36,6.87342,45.839643
36,6.87343,45.839373
36,6.873816,45.83938
36,6.873806,45.83965
36,6.874192,45.839657
36,6.874187,45.839791
36,6.874674,45.839949
36,6.874952,45.839987
36,6.874954,45.839941
36,6.87534,45.839948
36,6.875726,45.839956
36,6.875716,45.840225
36,6.876102,45.840233
36,6.876091,45.840502
36,6.876081,45.840772
36,6.876071,45.841042
36,6.876457,45.841049
36,6.876447,45.841319
36,6.876833,45.841326
36,6.877219,45.841333
36,6.877229,45.841064
36,6.877615,45.841071
36,6.877625,45.840801
36,6.877636,45.840531
36,6.878022,45.840538
36,6.878032,45.840268
36,6.878418,45.840276
36,6.878428,45.840006
36,6.878814,45.840013
36,6.8792,45.84002
36,6.879586,45.840027
36,6.879576,45.840297
36,6.879962,45.840304
36,6.879952,45.840574
36,6.879942,45.840844
36,6.880328,45.840851
36,6.880318,45.841121
36,6.880704,45.841128
36,6.880693,45.841398
36,6.880683,45.841668
36,6.880673,45.841938
36,6.880663,45.842207
36,6.880652,45.842477
36,6.880266,45.84247
36,6.87988,45.842463
36,6.879494,45.842456
36,6.879484,45.842726
36,6.879474,45.842995
36,6.879463,45.843265
36,6.87985,45.843272
36,6.879839,45.843542
36,6.879829,45.843812
36,6.879819,45.844082
36,6.879433,45.844075
36,6.879422,45.844345
36,6.879412,45.844614
36,6.879402,45.844884
36,6.879392,45.845154
36,6.879006,45.845147
36,6.878995,45.845417
36,6.878985,45.845687
36,6.879371,45.845694
36,6.879361,45.845964
36,6.879747,45.845971
36,6.880133,45.845978
36,6.880519,45.845985
36,6.880905,45.845992
36,6.881291,45.845999
36,6.881677,45.846007
36,6.882064,45.846014
36,6.882074,45.845744
36,6.88246,45.845751
36,6.882846,45.845758
36,6.883232,45.845765
36,6.883618,45.845773
36,6.884004,45.84578
36,6.884015,45.84551
36,6.884401,45.845517
36,6.884411,45.845247
36,6.884797,45.845254
36,6.885183,45.845262
36,6.885569,45.845269
36,6.885559,45.845538
36,6.885945,45.845546
36,6.885935,45.845815
36,6.885925,45.846085
36,6.885914,45.846355
36,6.885904,45.846625
36,6.88629,45.846632
36,6.886676,45.846639
36,6.886687,45.846369
36,6.887073,45.846377
36,6.887083,45.846107
36,6.887093,45.845837
36,6.887479,45.845844
36,6.887489,45.845574
36,6.8875,45.845304
36,6.887886,45.845312
36,6.888272,45.845319
36,6.888282,45.845049
36,6.888668,45.845056
36,6.888678,45.844786
36,6.889064,45.844793
36,6.889075,45.844523
36,6.889461,45.844531
36,6.889471,45.844261
36,6.889857,45.844268
36,6.890243,45.844275
36,6.890525,45.84428
36,6.890632,45.844219
36,6.890639,45.844012
36,6.890982,45.844019
36,6.891036,45.84375
36,6.891429,45.843761
36,6.891432,45.843487
36,6.891442,45.843217
36,6.891828,45.843224
36,6.891838,45.842954
36,6.892225,45.842961
36,6.892186,45.843217
36,6.893003,45.842427
36,6.893027,45.842166
36,6.892641,45.842159
36,6.892651,45.841889
36,6.892662,45.841619
36,6.893048,45.841627
36,6.893434,45.841634
36,6.893444,45.841364
36,6.89383,45.841371
36,6.894216,45.841378
36,6.894602,45.841385
36,6.894612,45.841115
36,6.894998,45.841122
36,6.895384,45.84113
36,6.895771,45.841137
36,6.89576,45.841407
36,6.896146,45.841414
36,6.896136,45.841683
36,6.896126,45.841953
36,6.896512,45.84196
36,6.896502,45.84223
36,6.896888,45.842237
36,6.897274,45.842244
36,6.897264,45.842514
36,6.89765,45.842521
36,6.89766,45.842252
36,6.898046,45.842259
36,6.898432,45.842266
36,6.898818,45.842273
36,6.899205,45.84228
36,6.899591,45.842287
36,6.899977,45.842294
36,6.900363,45.842301
36,6.900749,45.842308
36,6.901135,45.842315
36,6.901521,45.842323
36,6.901531,45.842053
36,6.901917,45.84206
36,6.901927,45.84179
36,6.901938,45.84152
36,6.901948,45.84125
36,6.901958,45.84098
36,6.901968,45.840711
36,6.901978,45.840441
36,6.901592,45.840434
36,6.901602,45.840164
36,6.901988,45.840171
36,6.902374,45.840178
36,6.902364,45.840448
36,6.90275,45.840455
36,6.90274,45.840725
36,6.903126,45.840732
36,6.903512,45.840739
36,6.903898,45.840746
36,6.903888,45.841016
36,6.904274,45.841023
36,6.904264,45.841293
36,6.90465,45.8413
36,6.90464,45.84157
36,6.90463,45.84184
36,6.90462,45.842109
36,6.90461,45.842379
36,6.904996,45.842386
36,6.904986,45.842656
36,6.905372,45.842663
36,6.905382,45.842393
36,6.905768,45.842401
36,6.906154,45.842408
36,6.906164,45.842138
36,6.90655,45.842145
36,6.90656,45.841875
36,6.90657,45.841605
36,6.906581,45.841335
36,6.906591,45.841065
36,6.906601,45.840796
36,6.906611,45.840526
36,6.906225,45.840519
36,6.906235,45.840249
36,6.906245,45.839979
36,6.906255,45.839709
36,6.906641,45.839716
36,6.907027,45.839723
36,6.907413,45.83973
36,6.9078,45.839738
36,6.90781,45.839468
36,6.908196,45.839475
36,6.908206,45.839205
36,6.908592,45.839212
36,6.908602,45.838942
36,6.908988,45.838949
36,6.908998,45.838679
36,6.909384,45.838686
36,6.90977,45.838694
36,6.90978,45.838424
36,6.910166,45.838431
36,6.910177,45.838161
36,6.910563,45.838168
36,6.910949,45.838175
36,6.910959,45.837905
36,6.911345,45.837912
36,6.911731,45.837919
36,6.912117,45.837926
36,6.912127,45.837657
36,6.912513,45.837664
36,6.912899,45.837671
36,6.913285,45.837678
36,6.913295,45.837408
36,6.913681,45.837415
36,6.914067,45.837422
36,6.914077,45.837152
36,6.914463,45.837159
36,6.91485,45.837166
36,6.91486,45.836896
36,6.915246,45.836903
36,6.915256,45.836634
36,6.915266,45.836364
36,6.915276,45.836094
36,6.91489,45.836087
36,6.9149,45.835817
36,6.914514,45.83581
36,6.914524,45.83554
36,6.914138,45.835533
36,6.914148,45.835263
36,6.914158,45.834993
36,6.914168,45.834724
36,6.914554,45.834731
36,6.914564,45.834461
36,6.91495,45.834468
36,6.91496,45.834198
36,6.914574,45.834191
36,6.914584,45.833921
36,6.914198,45.833914
36,6.914209,45.833644
36,6.914219,45.833374
36,6.914229,45.833105
36,6.913843,45.833097
36,6.913853,45.832828
36,6.913863,45.832558
36,6.914249,45.832565
36,6.914635,45.832572
36,6.914645,45.832302
36,6.914655,45.832032
36,6.914269,45.832025
36,6.914279,45.831755
36,6.914289,45.831485
36,6.914299,45.831216
36,6.914309,45.830946
36,6.914319,45.830676
36,6.91433,45.830406
36,6.91434,45.830136
36,6.91435,45.829866
36,6.91436,45.829597
36,6.913974,45.82959
36,6.913984,45.82932
36,6.913994,45.82905
36,6.913608,45.829043
36,6.913222,45.829036
36,6.913232,45.828766
36,6.913242,45.828496
36,6.913252,45.828226
36,6.913262,45.827956
36,6.913272,45.827687
36,6.913658,45.827694
36,6.913668,45.827424
36,6.914054,45.827431
36,6.91444,45.827438
36,6.914826,45.827445
36,6.914836,45.827175
36,6.915222,45.827182
36,6.915608,45.827189
36,6.915619,45.826919
36,6.916005,45.826926
36,6.916015,45.826657
36,6.916025,45.826387
36,6.916411,45.826394
36,6.916421,45.826124
36,6.916807,45.826131
36,6.916817,45.825861
36,6.917203,45.825868
36,6.917213,45.825598
36,6.917599,45.825605
36,6.917609,45.825336
36,6.917995,45.825343
36,6.918005,45.825073
36,6.918015,45.824803
36,6.918401,45.82481
36,6.918411,45.82454
36,6.918421,45.82427
36,6.918035,45.824263
36,6.918045,45.823993
36,6.917659,45.823986
36,6.917273,45.823979
36,6.916887,45.823972
36,6.916501,45.823965
36,6.916115,45.823958
36,6.915729,45.823951
36,6.915343,45.823944
36,6.915353,45.823674
36,6.914968,45.823667
36,6.914582,45.82366
36,6.914196,45.823653
36,6.914206,45.823383
36,6.914216,45.823113
36,6.914226,45.822844
36,6.914612,45.822851
36,6.914622,45.822581
36,6.914632,45.822311
36,6.914642,45.822041
36,6.915028,45.822048
36,6.915038,45.821778
36,6.915424,45.821785
36,6.915434,45.821516
36,6.91582,45.821523
36,6.91583,45.821253
36,6.916216,45.82126
36,6.916226,45.82099
36,6.916612,45.820997
36,6.916622,45.820727
36,6.916632,45.820457
36,6.917018,45.820464
36,6.917028,45.820194
36,6.917414,45.820202
36,6.9178,45.820209
36,6.918186,45.820216
36,6.918196,45.819946
36,6.918582,45.819953
36,6.918592,45.819683
36,6.918978,45.81969
36,6.919364,45.819697
36,6.919374,45.819427
36,6.91976,45.819434
36,6.920146,45.819441
36,6.920156,45.819171
36,6.920542,45.819178
36,6.920928,45.819185
36,6.920938,45.818916
36,6.921324,45.818923
36,6.92171,45.81893
36,6.92172,45.81866
36,6.922106,45.818667
36,6.922491,45.818674
36,6.922501,45.818404
36,6.922887,45.818411
36,6.923273,45.818418
36,6.923283,45.818148
36,6.923669,45.818155
36,6.924055,45.818162
36,6.924065,45.817892
36,6.924451,45.817899
36,6.924837,45.817906
36,6.924847,45.817637
36,6.925233,45.817644
36,6.925619,45.817651
36,6.925629,45.817381
36,6.926015,45.817388
36,6.926401,45.817395
36,6.926787,45.817402
36,6.926797,45.817132
36,6.927183,45.817139
36,6.927569,45.817146
36,6.927954,45.817153
36,6.92834,45.81716
36,6.928726,45.817167
36,6.928736,45.816897
36,6.929122,45.816904
36,6.929508,45.816911
36,6.929894,45.816918
36,6.93028,45.816925
36,6.930666,45.816932
36,6.931052,45.816939
36,6.931062,45.816669
36,6.931448,45.816676
36,6.931834,45.816683
36,6.932219,45.81669
36,6.932605,45.816697
36,6.932991,45.816704
36,6.933377,45.816711
36,6.933763,45.816718
36,6.933773,45.816448
36,6.934159,45.816455
36,6.934545,45.816462
36,6.934931,45.816469
36,6.935317,45.816476
36,6.935703,45.816483
36,6.936089,45.81649
36,6.936474,45.816497
36,6.93686,45.816504
36,6.937246,45.816511
36,6.937632,45.816518
36,6.938018,45.816525
36,6.938404,45.816532
36,6.93879,45.816539
36,6.939176,45.816546
36,6.939562,45.816553
36,6.939948,45.81656
36,6.940334,45.816567
36,6.940719,45.816574
36,6.941105,45.816581
36,6.941491,45.816588
36,6.941481,45.816858
36,6.941867,45.816864
36,6.942253,45.816871
36,6.942639,45.816878
36,6.943025,45.816885
36,6.943411,45.816892
36,6.943797,45.816899
36,6.944183,45.816906
36,6.944569,45.816913
36,6.944955,45.81692
36,6.94534,45.816927
36,6.945726,45.816934
36,6.946112,45.816941
36,6.946498,45.816948
36,6.946884,45.816955
36,6.94727,45.816962
36,6.94728,45.816692
36,6.947666,45.816699
36,6.947676,45.816429
36,6.94729,45.816422
36,6.9473,45.816152
36,6.946914,45.816145
36,6.946528,45.816138
36,6.946142,45.816131
36,6.946152,45.815861
36,6.945766,45.815855
36,6.945776,45.815585
36,6.94539,45.815578
36,6.9454,45.815308
36,6.945786,45.815315
36,6.946172,45.815322
36,6.946558,45.815329
36,6.946944,45.815336
36,6.946954,45.815066
36,6.946964,45.814796
36,6.946578,45.814789
36,6.946588,45.814519
36,6.946202,45.814512
36,6.946212,45.814242
36,6.945826,45.814235
36,6.94544,45.814229
36,6.94545,45.813959
36,6.945064,45.813952
36,6.944678,45.813945
36,6.944688,45.813675
36,6.944302,45.813668
36,6.943916,45.813661
36,6.94353,45.813654
36,6.943144,45.813647
36,6.943154,45.813377
36,6.942768,45.81337
36,6.942382,45.813363
36,6.941997,45.813356
36,6.942006,45.813087
36,6.941621,45.81308
36,6.941235,45.813073
36,6.940849,45.813066
36,6.940463,45.813059
36,6.940077,45.813052
36,6.939691,45.813045
36,6.939305,45.813038
36,6.938919,45.813031
36,6.938929,45.812761
36,6.938543,45.812754
36,6.938158,45.812747
36,6.937772,45.81274
36,6.937386,45.812733
36,6.937,45.812726
36,6.936614,45.812719
36,6.936228,45.812712
36,6.935842,45.812705
36,6.935456,45.812698
36,6.935071,45.812691
36,6.934685,45.812684
36,6.934299,45.812677
36,6.934289,45.812947
36,6.933903,45.81294
36,6.933517,45.812933
36,6.933131,45.812926
36,6.932745,45.812919
36,6.932359,45.812912
36,6.931973,45.812905
36,6.931588,45.812898
36,6.931578,45.813168
36,6.931192,45.813161
36,6.930806,45.813154
36,6.93042,45.813147
36,6.930034,45.81314
36,6.929648,45.813133
36,6.929262,45.813126
36,6.928876,45.813119
36,6.92849,45.813112
36,6.928105,45.813105
36,6.927719,45.813098
36,6.927333,45.813091
36,6.927323,45.813361
36,6.926937,45.813354
36,6.926551,45.813347
36,6.926165,45.81334
36,6.925779,45.813333
36,6.925769,45.813603
36,6.925383,45.813596
36,6.924997,45.813589
36,6.924612,45.813582
36,6.924602,45.813852
36,6.924216,45.813845
36,6.92383,45.813838
36,6.92382,45.814108
36,6.923434,45.814101
36,6.923048,45.814094
36,6.922662,45.814087
36,6.922652,45.814356
36,6.922266,45.814349
36,6.92188,45.814342
36,6.92187,45.814612
36,6.921484,45.814605
36,6.921098,45.814598
36,6.920713,45.814591
36,6.920703,45.814861
36,6.920317,45.814854
36,6.919931,45.814847
36,6.919921,45.815117
36,6.919535,45.81511
36,6.919525,45.81538
36,6.919139,45.815373
36,6.918753,45.815366
36,6.918743,45.815635
36,6.918357,45.815628
36,6.918347,45.815898
36,6.917961,45.815891
36,6.917575,45.815884
36,6.917565,45.816154
36,6.917179,45.816147
36,6.917169,45.816417
36,6.916783,45.81641
36,6.916773,45.81668
36,6.916387,45.816672
36,6.916377,45.816942
36,6.915991,45.816935
36,6.915981,45.817205
36,6.915595,45.817198
36,6.915209,45.817191
36,6.915199,45.817461
36,6.914813,45.817454
36,6.914803,45.817724
36,6.914417,45.817717
36,6.914031,45.81771
36,6.914021,45.817979
36,6.913635,45.817972
36,6.913625,45.818242
36,6.913615,45.818512
36,6.913605,45.818782
36,6.913991,45.818789
36,6.913981,45.819059
36,6.914367,45.819066
36,6.914357,45.819336
36,6.914347,45.819606
36,6.913961,45.819598
36,6.913575,45.819591
36,6.913565,45.819861
36,6.913179,45.819854
36,6.913189,45.819584
36,6.912803,45.819577
36,6.912813,45.819307
36,6.912427,45.8193
36,6.912437,45.819031
36,6.912051,45.819024
36,6.911666,45.819016
36,6.911676,45.818747
36,6.91129,45.81874
36,6.910904,45.818733
36,6.910914,45.818463
36,6.910528,45.818456
36,6.910538,45.818186
36,6.910548,45.817916
36,6.910934,45.817923
36,6.910944,45.817653
36,6.910954,45.817383
36,6.910964,45.817113
36,6.910974,45.816844
36,6.910985,45.816574
36,6.91137,45.816581
36,6.911381,45.816311
36,6.910995,45.816304
36,6.910609,45.816297
36,6.910223,45.81629
36,6.909837,45.816283
36,6.909827,45.816553
36,6.909441,45.816546
36,6.909451,45.816276
36,6.909065,45.816269
36,6.909055,45.816538
36,6.908669,45.816531
36,6.908283,45.816524
36,6.907897,45.816517
36,6.907907,45.816247
36,6.907522,45.81624
36,6.907136,45.816233
36,6.907125,45.816503
36,6.90674,45.816496
36,6.906354,45.816489
36,6.905968,45.816482
36,6.905582,45.816475
36,6.905572,45.816745
36,6.905186,45.816738
36,6.905176,45.817007
36,6.905166,45.817277
36,6.90478,45.81727
36,6.90479,45.817
36,6.904404,45.816993
36,6.904414,45.816723
36,6.904028,45.816716
36,6.904038,45.816447
36,6.903652,45.816439
36,6.903642,45.816709
36,6.903256,45.816702
36,6.903246,45.816972
36,6.903236,45.817242
36,6.903226,45.817512
36,6.903612,45.817519
36,6.903602,45.817789
36,6.903592,45.818058
36,6.903206,45.818051
36,6.903196,45.818321
36,6.90281,45.818314
36,6.902424,45.818307
36,6.902414,45.818577
36,6.902028,45.81857
36,6.901642,45.818563
36,6.901256,45.818556
36,6.901266,45.818286
36,6.90088,45.818279
36,6.900494,45.818272
36,6.900484,45.818541
36,6.900098,45.818534
36,6.899712,45.818527
36,6.899326,45.81852
36,6.899316,45.81879
36,6.89893,45.818783
36,6.898544,45.818776
36,6.898158,45.818769
36,6.898148,45.819039
36,6.897762,45.819031
36,6.897752,45.819301
36,6.897366,45.819294
36,6.897356,45.819564
36,6.897346,45.819834
36,6.897336,45.820104
36,6.897722,45.820111
36,6.897711,45.820381
36,6.898097,45.820388
36,6.898483,45.820395
36,6.898869,45.820402
36,6.899255,45.820409
36,6.899245,45.820679
36,6.899631,45.820686
36,6.899621,45.820956
36,6.899611,45.821226
36,6.899225,45.821219
36,6.899215,45.821488
36,6.898829,45.821481
36,6.898443,45.821474
36,6.898433,45.821744
36,6.898047,45.821737
36,6.897661,45.82173
36,6.897275,45.821723
36,6.897285,45.821453
36,6.896899,45.821446
36,6.896909,45.821176
36,6.896523,45.821169
36,6.896137,45.821162
36,6.896147,45.820892
36,6.895762,45.820885
36,6.895772,45.820615
36,6.895386,45.820608
36,6.895396,45.820338
36,6.89501,45.820331
36,6.894624,45.820324
36,6.894614,45.820594
36,6.894228,45.820586
36,6.894218,45.820856
36,6.893832,45.820849
36,6.893822,45.821119
36,6.893436,45.821112
36,6.89305,45.821105
36,6.892664,45.821098
36,6.892654,45.821368
36,6.892268,45.82136
36,6.892258,45.82163
36,6.892247,45.8219
36,6.892633,45.821907
36,6.892623,45.822177
36,6.893009,45.822184
36,6.893395,45.822191
36,6.893781,45.822198
36,6.893771,45.822468
36,6.894157,45.822475
36,6.894147,45.822745
36,6.894136,45.823015
36,6.894126,45.823285
36,6.894116,45.823555
36,6.894502,45.823562
36,6.894888,45.823569
36,6.895274,45.823576
36,6.89566,45.823583
36,6.89567,45.823313
36,6.896056,45.82332
36,6.896066,45.823051
36,6.896452,45.823058
36,6.896838,45.823065
36,6.896828,45.823335
36,6.896818,45.823604
36,6.896432,45.823597
36,6.896422,45.823867
36,6.896036,45.82386
36,6.896025,45.82413
36,6.895639,45.824123
36,6.895629,45.824393
36,6.895619,45.824662
36,6.895233,45.824655
36,6.895223,45.824925
36,6.895213,45.825195
36,6.894827,45.825188
36,6.894817,45.825458
36,6.894431,45.825451
36,6.894421,45.82572
36,6.89441,45.82599
36,6.894024,45.825983
36,6.894014,45.826253
36,6.893628,45.826246
36,6.893618,45.826516
36,6.893608,45.826786
36,6.893222,45.826778
36,6.893212,45.827048
36,6.892826,45.827041
36,6.892816,45.827311
36,6.89243,45.827304
36,6.892419,45.827574
36,6.892033,45.827567
36,6.892023,45.827836
36,6.891637,45.827829
36,6.891627,45.828099
36,6.891241,45.828092
36,6.890855,45.828085
36,6.890845,45.828355
36,6.890459,45.828348
36,6.890073,45.82834
36,6.889687,45.828333
36,6.889677,45.828603
36,6.889291,45.828596
36,6.889281,45.828866
36,6.888895,45.828859
36,6.888509,45.828852
36,6.888123,45.828844
36,6.887737,45.828837
36,6.887351,45.82883
36,6.887361,45.82856
36,6.887371,45.828291
36,6.887381,45.828021
36,6.887392,45.827751
36,6.887006,45.827744
36,6.887016,45.827474
36,6.88663,45.827467
36,6.88664,45.827197
36,6.886254,45.82719
36,6.886264,45.82692
36,6.886274,45.82665
36,6.885889,45.826643
36,6.885899,45.826373
36,6.885513,45.826366
36,6.885523,45.826096
36,6.885533,45.825826
36,6.885543,45.825556
36,6.885929,45.825564
36,6.88594,45.825294
36,6.88595,45.825024
36,6.88596,45.824754
36,6.885574,45.824747
36,6.885584,45.824477
36,6.885198,45.82447
36,6.885209,45.8242
36,6.884823,45.824193
36,6.884833,45.823923
36,6.884447,45.823916
36,6.884061,45.823909
36,6.884071,45.823639
36,6.884081,45.823369
36,6.884092,45.823099
36,6.884102,45.82283
36,6.884488,45.822837
36,6.884498,45.822567
36,6.884884,45.822574
36,6.884894,45.822304
36,6.884904,45.822034
36,6.884518,45.822027
36,6.884133,45.82202
36,6.884122,45.82229
36,6.883736,45.822283
36,6.88335,45.822276
36,6.88334,45.822545
36,6.88333,45.822815
36,6.88332,45.823085
36,6.882934,45.823078
36,6.882924,45.823348
36,6.882538,45.823341
36,6.882152,45.823333
36,6.882141,45.823603
36,6.881756,45.823596
36,6.881745,45.823866
36,6.881735,45.824136
36,6.882121,45.824143
36,6.882111,45.824413
36,6.882497,45.82442
36,6.882486,45.82469
36,6.882872,45.824697
36,6.882862,45.824967
36,6.882852,45.825237
36,6.882466,45.825229
36,6.882456,45.825499
36,6.88207,45.825492
36,6.88208,45.825222
36,6.881694,45.825215
36,6.881704,45.824945
36,6.881318,45.824938
36,6.880932,45.824931
36,6.880943,45.824661
36,6.880953,45.824391
36,6.880567,45.824384
36,6.880577,45.824114
36,6.880191,45.824107
36,6.880201,45.823837
36,6.879816,45.82383
36,6.87943,45.823823
36,6.879044,45.823816
36,6.879054,45.823546
36,6.878668,45.823539
36,6.878678,45.823269
36,6.878292,45.823262
36,6.878303,45.822992
36,6.877917,45.822985
36,6.877531,45.822978
36,6.877541,45.822708
36,6.877155,45.822701
36,6.877145,45.82297
36,6.876759,45.822963
36,6.876373,45.822956
36,6.875987,45.822949
36,6.875601,45.822942
36,6.875215,45.822935
36,6.874829,45.822927
36,6.874443,45.82292
36,6.874433,45.82319
36,6.874047,45.823183
36,6.874037,45.823453
36,6.874026,45.823723
36,6.874412,45.82373
36,6.874402,45.824
36,6.874392,45.824269
36,6.874381,45.824539
36,6.874371,45.824809
36,6.874361,45.825079
36,6.874351,45.825349
36,6.874737,45.825356
36,6.874726,45.825626
36,6.875112,45.825633
36,6.875498,45.82564
36,6.875884,45.825647
36,6.875894,45.825377
36,6.87628,45.825385
36,6.87627,45.825654
36,6.876656,45.825662
36,6.876646,45.825931
36,6.877032,45.825939
36,6.877022,45.826208
36,6.877011,45.826478
36,6.877397,45.826485
36,6.877783,45.826493
36,6.877773,45.826762
36,6.878159,45.82677
36,6.878545,45.826777
36,6.878931,45.826784
36,6.879317,45.826791
36,6.879327,45.826521
36,6.879713,45.826528
36,6.879723,45.826259
36,6.879734,45.825989
36,6.879744,45.825719
36,6.879754,45.825449
36,6.88014,45.825456
36,6.880526,45.825463
36,6.880912,45.825471
36,6.880902,45.82574
36,6.880891,45.82601
36,6.880881,45.82628
36,6.880871,45.82655
36,6.881257,45.826557
36,6.881643,45.826564
36,6.881633,45.826834
36,6.882019,45.826841
36,6.882008,45.827111
36,6.882394,45.827118
36,6.882384,45.827388
36,6.882374,45.827658
36,6.88276,45.827665
36,6.88275,45.827935
36,6.883136,45.827942
36,6.883125,45.828212
36,6.883115,45.828482
36,6.883501,45.828489
36,6.883491,45.828759
36,6.883481,45.829029
36,6.883867,45.829036
36,6.883856,45.829306
36,6.883846,45.829575
36,6.884232,45.829583
36,6.884222,45.829852
36,6.884212,45.830122
36,6.883826,45.830115
36,6.883815,45.830385
36,6.883805,45.830655
36,6.883419,45.830648
36,6.883409,45.830917
36,6.883399,45.831187
36,6.883013,45.83118
36,6.883003,45.83145
36,6.882992,45.83172
36,6.882606,45.831713
36,6.88222,45.831705
36,6.881834,45.831698
36,6.881448,45.831691
36,6.881062,45.831684
36,6.880676,45.831677
36,6.88029,45.83167
36,6.88028,45.831939
36,6.880666,45.831947
36,6.880656,45.832216
36,6.881042,45.832224
36,6.881032,45.832493
36,6.881021,45.832763
36,6.881407,45.83277
36,6.881397,45.83304
36,6.881783,45.833047
36,6.882169,45.833055
36,6.882179,45.832785
36,6.88219,45.832515
36,6.882576,45.832522
36,6.882586,45.832252
36,6.882972,45.832259
36,6.882962,45.832529
36,6.883348,45.832536
36,6.883337,45.832806
36,6.883723,45.832813
36,6.883713,45.833083
36,6.884099,45.83309
36,6.884089,45.83336
36,6.884475,45.833367
36,6.884465,45.833637
36,6.884851,45.833644
36,6.884841,45.833914
36,6.885227,45.833921
36,6.885613,45.833928
36,6.885999,45.833936
36,6.886385,45.833943
36,6.886374,45.834213
36,6.88676,45.83422
36,6.88675,45.83449
36,6.88674,45.834759
36,6.887126,45.834767
36,6.887116,45.835036
36,6.887502,45.835044
36,6.887888,45.835051
36,6.887898,45.834781
36,6.888284,45.834788
36,6.88867,45.834795
36,6.889056,45.834802
36,6.889442,45.834809
36,6.889452,45.83454
36,6.889838,45.834547
36,6.889828,45.834817
36,6.889818,45.835086
36,6.889808,45.835356
36,6.889798,45.835626
36,6.889412,45.835619
36,6.889401,45.835889
36,6.889015,45.835882
36,6.888629,45.835874
36,6.888243,45.835867
36,6.887857,45.83586
36,6.887471,45.835853
36,6.887085,45.835846
36,6.886699,45.835839
36,6.886313,45.835832
36,6.886303,45.836101
36,6.885917,45.836094
36,6.885907,45.836364
36,6.885896,45.836634
36,6.88551,45.836627
36,6.8855,45.836897
36,6.88549,45.837166
36,6.885104,45.837159
36,6.884718,45.837152
36,6.884708,45.837422
36,6.884322,45.837415
36,6.884311,45.837685
36,6.884301,45.837955
36,6.884291,45.838224
36,6.883905,45.838217
36,6.883519,45.83821
36,6.883529,45.83794
36,6.883143,45.837933
36,6.882757,45.837926
36,6.882371,45.837919
36,6.882361,45.838189
36,6.881975,45.838181
36,6.881589,45.838174
36,6.881202,45.838167
36,6.881213,45.837897
36,6.880827,45.83789
36,6.880837,45.83762
36,6.880847,45.83735
36,6.880461,45.837343
36,6.880471,45.837073
36,6.880482,45.836804
36,6.880096,45.836796
36,6.87971,45.836789
36,6.879324,45.836782
36,6.879313,45.837052
36,6.878927,45.837045
36,6.878541,45.837038
36,6.878155,45.83703
36,6.878165,45.836761
36,6.877779,45.836753
36,6.877393,45.836746
36,6.877007,45.836739
36,6.877018,45.836469
36,6.877028,45.836199
36,6.877414,45.836207
36,6.877424,45.835937
36,6.877434,45.835667
36,6.877445,45.835397
36,6.877059,45.83539
36,6.877069,45.83512
36,6.876683,45.835113
36,6.876297,45.835106
36,6.875911,45.835099
36,6.875525,45.835091
36,6.875139,45.835084
36,6.874753,45.835077
36,6.874367,45.83507
36,6.874088,45.835065
36,6.874007,45.835269
36,6.873819,45.835718
36,6.873594,45.836262
36,6.873238,45.836684
36,6.872679,45.836692
36,6.87186,45.836896
37,6.905391,45.831863
37,6.905005,45.831856
37,6.904619,45.831849
37,6.904609,45.832118
37,6.904599,45.832388
37,6.904213,45.832381
37,6.904202,45.832651
37,6.903816,45.832644
37,6.903826,45.832374
37,6.90344,45.832367
37,6.903054,45.83236
37,6.902668,45.832353
37,6.902658,45.832623
37,6.902648,45.832892
37,6.903034,45.8329
37,6.90342,45.832907
37,6.903806,45.832914
37,6.904192,45.832921
37,6.904578,45.832928
37,6.904588,45.832658
37,6.904974,45.832665
37,6.904985,45.832395
37,6.905371,45.832402
37,6.905381,45.832133
37,6.905391,45.831863
38,6.922741,45.83272
38,6.922355,45.832713
38,6.921969,45.832706
38,6.921959,45.832975
38,6.921573,45.832968
38,6.921563,45.833238
38,6.921177,45.833231
38,6.920791,45.833224
38,6.920781,45.833494
38,6.920395,45.833487
38,6.920385,45.833757
38,6.919999,45.83375
38,6.919989,45.83402
38,6.919979,45.834289
38,6.919593,45.834282
38,6.919583,45.834552
38,6.919573,45.834822
38,6.919563,45.835092
38,6.919552,45.835362
38,6.919542,45.835632
38,6.919928,45.835639
38,6.919918,45.835909
38,6.920304,45.835916
38,6.920294,45.836185
38,6.919908,45.836178
38,6.919898,45.836448
38,6.919512,45.836441
38,6.919126,45.836434
38,6.91874,45.836427
38,6.91873,45.836697
38,6.918344,45.83669
38,6.918334,45.83696
38,6.917948,45.836953
38,6.917938,45.837223
38,6.917928,45.837492
38,6.917918,45.837762
38,6.917908,45.838032
38,6.917522,45.838025
38,6.917512,45.838295
38,6.917125,45.838288
38,6.917115,45.838558
38,6.916729,45.838551
38,6.916719,45.83882
38,6.916709,45.83909
38,6.916323,45.839083
38,6.916313,45.839353
38,6.915927,45.839346
38,6.915917,45.839616
38,6.915907,45.839886
38,6.915521,45.839879
38,6.915511,45.840149
38,6.915501,45.840418
38,6.915887,45.840425
38,6.915877,45.840695
38,6.916263,45.840702
38,6.916649,45.840709
38,6.916659,45.84044
38,6.917045,45.840447
38,6.917431,45.840454
38,6.917817,45.840461
38,6.917827,45.840191
38,6.918213,45.840198
38,6.918223,45.839928
38,6.918609,45.839935
38,6.918995,45.839942
38,6.919381,45.839949
38,6.919768,45.839956
38,6.919778,45.839686
38,6.920164,45.839693
38,6.920174,45.839423
38,6.92056,45.839431
38,6.92057,45.839161
38,6.92058,45.838891
38,6.920194,45.838884
38,6.920204,45.838614
38,6.920214,45.838344
38,6.9206,45.838351
38,6.920986,45.838358
38,6.921372,45.838365
38,6.921758,45.838372
38,6.921768,45.838102
38,6.921778,45.837833
38,6.921788,45.837563
38,6.922174,45.83757
38,6.922184,45.8373
38,6.922194,45.83703
38,6.922581,45.837037
38,6.922591,45.836767
38,6.922601,45.836497
38,6.922611,45.836228
38,6.922225,45.836221
38,6.922235,45.835951
38,6.922245,45.835681
38,6.921859,45.835674
38,6.921869,45.835404
38,6.921879,45.835134
38,6.921889,45.834864
38,6.921899,45.834594
38,6.922285,45.834601
38,6.922295,45.834332
38,6.922681,45.834339
38,6.922691,45.834069
38,6.922701,45.833799
38,6.923087,45.833806
38,6.923097,45.833536
38,6.923107,45.833266
38,6.923117,45.832996
38,6.922731,45.832989
38,6.922741,45.83272
39,6.9315,45.836119
39,6.931114,45.836112
39,6.930728,45.836105
39,6.930342,45.836098
39,6.930332,45.836368
39,6.929945,45.836361
39,6.929935,45.836631
39,6.929925,45.8369
39,6.929915,45.83717
39,6.929529,45.837163
39,6.929519,45.837433
39,6.929133,45.837426
39,6.929123,45.837696
39,6.928737,45.837689
39,6.928727,45.837959
39,6.928341,45.837952
39,6.928331,45.838222
39,6.927945,45.838215
39,6.927935,45.838484
39,6.927549,45.838477
39,6.927539,45.838747
39,6.927153,45.83874
39,6.927163,45.83847
39,6.926777,45.838463
39,6.926391,45.838456
39,6.926401,45.838187
39,6.926015,45.83818
39,6.925629,45.838173
39,6.925639,45.837903
39,6.925253,45.837896
39,6.924867,45.837889
39,6.924857,45.838159
39,6.924471,45.838152
39,6.924461,45.838421
39,6.924075,45.838414
39,6.923688,45.838407
39,6.923678,45.838677
39,6.923292,45.83867
39,6.922906,45.838663
39,6.92252,45.838656
39,6.92251,45.838926
39,6.922124,45.838919
39,6.922114,45.839189
39,6.921728,45.839182
39,6.921718,45.839452
39,6.921708,45.839721
39,6.921698,45.839991
39,6.921688,45.840261
39,6.921678,45.840531
39,6.921668,45.840801
39,6.921282,45.840794
39,6.921272,45.841064
39,6.921262,45.841333
39,6.920875,45.841326
39,6.920865,45.841596
39,6.920855,45.841866
39,6.920469,45.841859
39,6.920459,45.842129
39,6.920073,45.842122
39,6.919687,45.842115
39,6.919677,45.842385
39,6.919291,45.842378
39,6.919281,45.842647
39,6.919271,45.842917
39,6.919261,45.843187
39,6.919251,45.843457
39,6.919241,45.843727
39,6.919231,45.843997
39,6.918844,45.84399
39,6.918834,45.844259
39,6.918824,45.844529
39,6.91921,45.844536
39,6.9192,45.844806
39,6.919586,45.844813
39,6.919973,45.84482
39,6.920359,45.844827
39,6.920745,45.844834
39,6.921131,45.844841
39,6.921517,45.844848
39,6.921527,45.844579
39,6.921913,45.844586
39,6.922299,45.844593
39,6.922685,45.8446
39,6.922675,45.844869
39,6.923061,45.844876
39,6.923051,45.845146
39,6.923041,45.845416
39,6.922655,45.845409
39,6.922645,45.845679
39,6.922259,45.845672
39,6.922249,45.845942
39,6.922239,45.846212
39,6.922625,45.846219
39,6.922615,45.846488
39,6.923001,45.846496
39,6.923387,45.846503
39,6.923773,45.84651
39,6.924159,45.846517
39,6.924546,45.846524
39,6.924932,45.846531
39,6.924942,45.846261
39,6.925328,45.846268
39,6.925338,45.845998
39,6.925348,45.845728
39,6.925734,45.845735
39,6.925744,45.845465
39,6.92613,45.845472
39,6.92614,45.845202
39,6.926526,45.845209
39,6.926912,45.845216
39,6.926922,45.844947
39,6.927308,45.844954
39,6.927319,45.844684
39,6.927705,45.844691
39,6.927715,45.844421
39,6.928101,45.844428
39,6.928111,45.844158
39,6.928497,45.844165
39,6.928883,45.844172
39,6.928893,45.843902
39,6.929279,45.843909
39,6.929289,45.843639
39,6.929675,45.843646
39,6.930061,45.843653
39,6.930447,45.84366
39,6.930833,45.843667
39,6.93122,45.843674
39,6.931606,45.843681
39,6.931616,45.843412
39,6.931626,45.843142
39,6.931636,45.842872
39,6.931646,45.842602
39,6.931656,45.842332
39,6.932042,45.842339
39,6.932052,45.842069
39,6.932062,45.8418
39,6.932072,45.84153
39,6.932458,45.841537
39,6.932468,45.841267
39,6.932478,45.840997
39,6.932488,45.840727
39,6.932102,45.84072
39,6.932112,45.84045
39,6.932122,45.84018
39,6.931736,45.840173
39,6.931746,45.839904
39,6.931756,45.839634
39,6.931766,45.839364
39,6.931776,45.839094
39,6.931786,45.838824
39,6.931796,45.838554
39,6.931806,45.838285
39,6.931816,45.838015
39,6.931826,45.837745
39,6.932212,45.837752
39,6.932222,45.837482
39,6.932232,45.837212
39,6.932242,45.836942
39,6.932252,45.836673
39,6.932262,45.836403
39,6.931876,45.836396
39,6.93149,45.836389
39,6.9315,45.836119
40,6.942506,45.841448
40,6.94212,45.841441
40,6.941734,45.841434
40,6.941724,45.841704
40,6.941714,45.841974
40,6.941704,45.842244
40,6.941694,45.842514
40,6.941308,45.842507
40,6.941298,45.842776
40,6.940912,45.842769
40,6.940902,45.843039
40,6.940516,45.843032
40,6.940506,45.843302
40,6.94012,45.843295
40,6.939734,45.843288
40,6.939724,45.843558
40,6.939714,45.843828
40,6.939704,45.844098
40,6.939318,45.844091
40,6.939308,45.844361
40,6.939298,45.844631
40,6.939684,45.844637
40,6.939674,45.844907
40,6.94006,45.844914
40,6.94007,45.844644
40,6.940456,45.844651
40,6.940842,45.844658
40,6.941228,45.844665
40,6.941614,45.844672
40,6.941624,45.844402
40,6.94201,45.844409
40,6.942397,45.844416
40,6.942406,45.844147
40,6.942793,45.844153
40,6.942803,45.843884
40,6.943189,45.843891
40,6.943199,45.843621
40,6.943209,45.843351
40,6.943218,45.843081
40,6.943228,45.842811
40,6.943238,45.842541
40,6.943624,45.842548
40,6.943634,45.842278
40,6.943644,45.842009
40,6.943258,45.842002
40,6.942872,45.841995
40,6.942882,45.841725
40,6.942496,45.841718
40,6.942506,45.841448
41,6.950129,45.844285
41,6.949742,45.844278
41,6.949356,45.844272
41,6.949346,45.844541
41,6.949336,45.844811
41,6.949327,45.845081
41,6.949317,45.845351
41,6.949703,45.845358
41,6.949693,45.845628
41,6.950079,45.845635
41,6.950089,45.845365
41,6.950475,45.845372
41,6.950485,45.845102
41,6.950871,45.845109
41,6.950881,45.844839
41,6.950495,45.844832
41,6.950505,45.844562
41,6.950119,45.844555
41,6.950129,45.844285
42,6.954712,45.845718
42,6.954326,45.845711
42,6.95394,45.845704
42,6.953554,45.845697
42,6.953168,45.84569
42,6.953158,45.84596
42,6.952772,45.845953
42,6.952386,45.845946
42,6.952376,45.846216
42,6.952366,45.846486
42,6.952356,45.846756
42,6.952346,45.847025
42,6.95196,45.847018
42,6.95195,45.847288
42,6.951564,45.847281
42,6.951554,45.847551
42,6.951544,45.847821
42,6.951534,45.848091
42,6.951524,45.848361
42,6.951514,45.848631
42,6.951128,45.848624
42,6.950742,45.848617
42,6.950356,45.84861
42,6.950366,45.84834
42,6.94998,45.848333
42,6.94999,45.848063
42,6.949604,45.848056
42,6.949614,45.847786
42,6.949227,45.847779
42,6.948841,45.847773
42,6.948831,45.848042
42,6.948445,45.848035
42,6.948435,45.848305
42,6.948049,45.848298
42,6.948039,45.848568
42,6.948029,45.848838
42,6.948019,45.849108
42,6.947633,45.849101
42,6.947623,45.849371
42,6.947613,45.849641
42,6.947603,45.84991
42,6.947217,45.849904
42,6.947207,45.850173
42,6.947197,45.850443
42,6.947584,45.85045
42,6.947574,45.85072
42,6.94796,45.850727
42,6.94795,45.850997
42,6.94794,45.851267
42,6.948326,45.851274
42,6.948316,45.851543
42,6.948702,45.85155
42,6.948692,45.85182
42,6.949079,45.851827
42,6.949069,45.852097
42,6.949455,45.852104
42,6.949445,45.852374
42,6.949831,45.852381
42,6.949821,45.852651
42,6.949811,45.85292
42,6.949801,45.85319
42,6.949791,45.85346
42,6.950178,45.853467
42,6.950168,45.853737
42,6.950554,45.853744
42,6.950544,45.854014
42,6.950158,45.854007
42,6.950148,45.854277
42,6.949762,45.85427
42,6.949375,45.854263
42,6.949366,45.854533
42,6.949356,45.854802
42,6.949346,45.855072
42,6.949732,45.855079
42,6.950118,45.855086
42,6.950504,45.855093
42,6.95089,45.8551
42,6.951277,45.855107
42,6.951286,45.854837
42,6.951673,45.854844
42,6.951683,45.854574
42,6.951692,45.854304
42,6.952079,45.854311
42,6.952089,45.854041
42,6.952098,45.853771
42,6.951712,45.853765
42,6.951722,45.853495
42,6.951336,45.853488
42,6.951346,45.853218
42,6.95096,45.853211
42,6.95097,45.852941
42,6.95098,45.852671
42,6.95099,45.852401
42,6.950999,45.852132
42,6.951009,45.851862
42,6.951019,45.851592
42,6.951029,45.851322
42,6.951415,45.851329
42,6.951425,45.851059
42,6.951811,45.851066
42,6.951821,45.850796
42,6.952207,45.850803
42,6.952217,45.850533
42,6.952604,45.85054
42,6.952594,45.85081
42,6.95298,45.850817
42,6.95297,45.851087
42,6.953356,45.851094
42,6.953346,45.851364
42,6.953336,45.851633
42,6.953722,45.85164
42,6.953712,45.85191
42,6.954099,45.851917
42,6.954089,45.852187
42,6.954079,45.852457
42,6.954465,45.852464
42,6.954455,45.852734
42,6.954445,45.853003
42,6.954831,45.85301
42,6.954821,45.85328
42,6.955208,45.853287
42,6.955198,45.853557
42,6.955584,45.853564
42,6.955574,45.853834
42,6.95596,45.853841
42,6.95595,45.854111
42,6.956336,45.854117
42,6.956327,45.854387
42,6.956317,45.854657
42,6.956703,45.854664
42,6.957089,45.854671
42,6.957079,45.854941
42,6.957465,45.854948
42,6.957455,45.855218
42,6.957842,45.855224
42,6.957832,45.855494
42,6.958218,45.855501
42,6.958604,45.855508
42,6.958614,45.855238
42,6.959,45.855245
42,6.959386,45.855252
42,6.959377,45.855522
42,6.959763,45.855529
42,6.960149,45.855536
42,6.960159,45.855266
42,6.960545,45.855273
42,6.960931,45.85528
42,6.960941,45.85501
42,6.961327,45.855017
42,6.961337,45.854747
42,6.961723,45.854754
42,6.961733,45.854484
42,6.961347,45.854477
42,6.961357,45.854207
42,6.960971,45.8542
42,6.96098,45.85393
42,6.96099,45.853661
42,6.961,45.853391
42,6.960614,45.853384
42,6.960624,45.853114
42,6.960238,45.853107
42,6.959852,45.8531
42,6.959861,45.85283
42,6.959871,45.85256
42,6.959881,45.852291
42,6.959891,45.852021
42,6.959901,45.851751
42,6.959911,45.851481
42,6.959921,45.851211
42,6.95993,45.850941
42,6.95994,45.850672
42,6.95995,45.850402
42,6.959564,45.850395
42,6.959574,45.850125
42,6.959584,45.849855
42,6.959594,45.849585
42,6.959604,45.849315
42,6.959217,45.849309
42,6.959227,45.849039
42,6.958841,45.849032
42,6.958455,45.849025
42,6.958445,45.849295
42,6.958059,45.849288
42,6.957673,45.849281
42,6.957683,45.849011
42,6.957693,45.848741
42,6.957702,45.848471
42,6.957712,45.848202
42,6.957722,45.847932
42,6.958108,45.847939
42,6.958118,45.847669
42,6.958128,45.847399
42,6.958138,45.847129
42,6.958148,45.846859
42,6.957762,45.846852
42,6.957752,45.847122
42,6.957366,45.847115
42,6.95698,45.847108
42,6.956594,45.847101
42,6.956603,45.846832
42,6.956217,45.846825
42,6.956227,45.846555
42,6.955841,45.846548
42,6.955851,45.846278
42,6.955465,45.846271
42,6.955475,45.846001
42,6.955089,45.845994
42,6.954702,45.845988
42,6.954712,45.845718
43,6.954287,45.857321
43,6.953901,45.857314
43,6.953514,45.857307
43,6.953505,45.857577
43,6.953495,45.857847
43,6.953108,45.85784
43,6.953099,45.85811
43,6.953089,45.85838
43,6.952702,45.858373
43,6.952692,45.858643
43,6.952683,45.858912
43,6.952296,45.858905
43,6.952286,45.859175
43,6.9519,45.859168
43,6.95189,45.859438
43,6.951504,45.859431
43,6.951494,45.859701
43,6.951484,45.859971
43,6.951871,45.859978
43,6.951861,45.860248
43,6.952247,45.860255
43,6.952257,45.859985
43,6.952643,45.859992
43,6.952653,45.859722
43,6.952663,45.859452
43,6.952673,45.859182
43,6.953059,45.859189
43,6.953445,45.859196
43,6.953831,45.859203
43,6.954218,45.85921
43,6.954227,45.85894
43,6.954614,45.858947
43,6.954624,45.858677
43,6.954633,45.858407
43,6.954643,45.858137
43,6.954653,45.857868
43,6.954267,45.857861
43,6.954277,45.857591
43,6.954287,45.857321
44,6.982196,45.865648
44,6.982187,45.865918
44,6.982573,45.865925
44,6.982563,45.866195
44,6.982553,45.866464
44,6.98294,45.866471
44,6.98293,45.866741
44,6.983316,45.866748
44,6.983306,45.867018
44,6.983693,45.867025
44,6.983683,45.867294
44,6.984069,45.867301
44,6.984059,45.867571
44,6.984446,45.867578
44,6.984436,45.867848
44,6.984426,45.868118
44,6.984416,45.868387
44,6.984407,45.868657
44,6.984793,45.868664
44,6.984783,45.868934
44,6.985169,45.868941
44,6.98516,45.869211
44,6.985546,45.869217
44,6.985932,45.869224
44,6.986318,45.869231
44,6.986705,45.869238
44,6.987091,45.869245
44,6.987477,45.869252
44,6.987487,45.868982
44,6.987873,45.868988
44,6.987883,45.868719
44,6.988269,45.868725
44,6.988279,45.868456
44,6.988665,45.868462
44,6.988675,45.868193
44,6.988685,45.867923
44,6.988299,45.867916
44,6.987912,45.867909
44,6.987526,45.867902
44,6.98714,45.867895
44,6.986754,45.867889
44,6.986763,45.867619
44,6.986377,45.867612
44,6.986387,45.867342
44,6.986396,45.867072
44,6.986406,45.866802
44,6.986416,45.866533
44,6.986802,45.866539
44,6.986812,45.86627
44,6.987198,45.866276
44,6.987585,45.866283
44,6.987594,45.866013
44,6.987981,45.86602
44,6.98799,45.86575
44,6.988,45.86548
44,6.987614,45.865474
44,6.987623,45.865204
44,6.987237,45.865197
44,6.986851,45.86519
44,6.986465,45.865183
44,6.986078,45.865177
44,6.985692,45.86517
44,6.985682,45.86544
44,6.985296,45.865433
44,6.98491,45.865426
44,6.984524,45.865419
44,6.984533,45.865149
44,6.984147,45.865142
44,6.984157,45.864873
44,6.983771,45.864866
44,6.98378,45.864596
44,6.983394,45.864589
44,6.983404,45.864319
44,6.983018,45.864312
44,6.983027,45.864043
44,6.982641,45.864036
44,6.982651,45.863766
44,6.982265,45.863759
44,6.981878,45.863752
44,6.981492,45.863745
44,6.981106,45.863739
44,6.981116,45.863469
44,6.980729,45.863462
44,6.980343,45.863455
44,6.980353,45.863185
44,6.979967,45.863178
44,6.979977,45.862909
44,6.979986,45.862639
44,6.979996,45.862369
44,6.980006,45.862099
44,6.980016,45.861829
44,6.980025,45.861559
44,6.980412,45.861566
44,6.980421,45.861296
44,6.980431,45.861027
44,6.980441,45.860757
44,6.980451,45.860487
44,6.980461,45.860217
44,6.98047,45.859947
44,6.98048,45.859677
44,6.98049,45.859407
44,6.980876,45.859414
44,6.980886,45.859144
44,6.980896,45.858875
44,6.981282,45.858881
44,6.981292,45.858612
44,6.981301,45.858342
44,6.981688,45.858349
44,6.981697,45.858079
44,6.981707,45.857809
44,6.981717,45.857539
44,6.982103,45.857546
44,6.982113,45.857276
44,6.982499,45.857283
44,6.982509,45.857013
44,6.982519,45.856743
44,6.982905,45.85675
44,6.982915,45.85648
44,6.983301,45.856487
44,6.98331,45.856217
44,6.98332,45.855947
44,6.983706,45.855954
44,6.984093,45.855961
44,6.984083,45.856231
44,6.984073,45.8565
44,6.984063,45.85677
44,6.984054,45.85704
44,6.984044,45.85731
44,6.984034,45.85758
44,6.984024,45.85785
44,6.984015,45.85812
44,6.984401,45.858126
44,6.984391,45.858396
44,6.984381,45.858666
44,6.984372,45.858936
44,6.984362,45.859206
44,6.984352,45.859476
44,6.984738,45.859482
44,6.985124,45.859489
44,6.985115,45.859759
44,6.985501,45.859766
44,6.985511,45.859496
44,6.98552,45.859226
44,6.985907,45.859233
44,6.985916,45.858963
44,6.985926,45.858693
44,6.986312,45.8587
44,6.986322,45.85843
44,6.986332,45.85816
44,6.986342,45.857891
44,6.986728,45.857897
44,6.986738,45.857628
44,6.986747,45.857358
44,6.986757,45.857088
44,6.986371,45.857081
44,6.986381,45.856811
44,6.985994,45.856804
44,6.986004,45.856535
44,6.986014,45.856265
44,6.9864,45.856271
44,6.98641,45.856002
44,6.98642,45.855732
44,6.986806,45.855739
44,6.986815,45.855469
44,6.986825,45.855199
44,6.987211,45.855206
44,6.987221,45.854936
44,6.987231,45.854666
44,6.987241,45.854396
44,6.98725,45.854126
44,6.98726,45.853856
44,6.98727,45.853587
44,6.986884,45.85358
44,6.986497,45.853573
44,6.986507,45.853303
44,6.986121,45.853296
44,6.985735,45.85329
44,6.985349,45.853283
44,6.985339,45.853553
44,6.984953,45.853546
44,6.984567,45.853539
44,6.984576,45.853269
44,6.98419,45.853262
44,6.9842,45.852992
44,6.984586,45.852999
44,6.984596,45.852729
44,6.98421,45.852723
44,6.984219,45.852453
44,6.983833,45.852446
44,6.983447,45.852439
44,6.983437,45.852709
44,6.983051,45.852702
44,6.983041,45.852972
44,6.982655,45.852965
44,6.982645,45.853235
44,6.982636,45.853505
44,6.982626,45.853775
44,6.982616,45.854045
44,6.982606,45.854314
44,6.98222,45.854308
44,6.98221,45.854577
44,6.982201,45.854847
44,6.981815,45.85484
44,6.981805,45.85511
44,6.981795,45.85538
44,6.981409,45.855373
44,6.981023,45.855367
44,6.980636,45.85536
44,6.980646,45.85509
44,6.98026,45.855083
44,6.979874,45.855076
44,6.979488,45.855069
44,6.979478,45.855339
44,6.979468,45.855609
44,6.979458,45.855879
44,6.979449,45.856149
44,6.979062,45.856142
44,6.979053,45.856412
44,6.979043,45.856682
44,6.979033,45.856951
44,6.978647,45.856945
44,6.978637,45.857214
44,6.978627,45.857484
44,6.978617,45.857754
44,6.978608,45.858024
44,6.978598,45.858294
44,6.978588,45.858564
44,6.978578,45.858834
44,6.978569,45.859103
44,6.978559,45.859373
44,6.978549,45.859643
44,6.978539,45.859913
44,6.978529,45.860183
44,6.978143,45.860176
44,6.978133,45.860446
44,6.977747,45.860439
44,6.977361,45.860432
44,6.977371,45.860162
44,6.977381,45.859892
44,6.97739,45.859623
44,6.9774,45.859353
44,6.977014,45.859346
44,6.977024,45.859076
44,6.977033,45.858806
44,6.977043,45.858536
44,6.977053,45.858267
44,6.977063,45.857997
44,6.977073,45.857727
44,6.976686,45.85772
44,6.976696,45.85745
44,6.97631,45.857443
44,6.975924,45.857436
44,6.975934,45.857167
44,6.975547,45.85716
44,6.975557,45.85689
44,6.975171,45.856883
44,6.975181,45.856613
44,6.975191,45.856343
44,6.9752,45.856074
44,6.97521,45.855804
44,6.97522,45.855534
44,6.97523,45.855264
44,6.97524,45.854994
44,6.975249,45.854724
44,6.975259,45.854454
44,6.975645,45.854461
44,6.975655,45.854191
44,6.975665,45.853922
44,6.975675,45.853652
44,6.976061,45.853659
44,6.976071,45.853389
44,6.976457,45.853396
44,6.976467,45.853126
44,6.976853,45.853133
44,6.976863,45.852863
44,6.977249,45.85287
44,6.977259,45.8526
44,6.977645,45.852607
44,6.978031,45.852613
44,6.978041,45.852344
44,6.978427,45.85235
44,6.978437,45.852081
44,6.978823,45.852087
44,6.979209,45.852094
44,6.979219,45.851824
44,6.979605,45.851831
44,6.979615,45.851561
44,6.979625,45.851291
44,6.979634,45.851022
44,6.979644,45.850752
44,6.979654,45.850482
44,6.979268,45.850475
44,6.979277,45.850205
44,6.978891,45.850198
44,6.978901,45.849929
44,6.978515,45.849922
44,6.978525,45.849652
44,6.978534,45.849382
44,6.978148,45.849375
44,6.978158,45.849105
44,6.977772,45.849098
44,6.977782,45.848829
44,6.977396,45.848822
44,6.977405,45.848552
44,6.977019,45.848545
44,6.976633,45.848538
44,6.976623,45.848808
44,6.976237,45.848801
44,6.975851,45.848794
44,6.975841,45.849064
44,6.975455,45.849057
44,6.975069,45.849051
44,6.974683,45.849044
44,6.974673,45.849314
44,6.974287,45.849307
44,6.973901,45.8493
44,6.973515,45.849293
44,6.973505,45.849563
44,6.973495,45.849833
44,6.973109,45.849826
44,6.973099,45.850096
44,6.972713,45.850089
44,6.972703,45.850359
44,6.972693,45.850629
44,6.972307,45.850622
44,6.972297,45.850892
44,6.971911,45.850885
44,6.971901,45.851155
44,6.971515,45.851148
44,6.971129,45.851141
44,6.971119,45.851411
44,6.971109,45.851681
44,6.970723,45.851674
44,6.970713,45.851944
44,6.970704,45.852213
44,6.970694,45.852483
44,6.970308,45.852476
44,6.970298,45.852746
44,6.969912,45.852739
44,6.969902,45.853009
44,6.969516,45.853002
44,6.969506,45.853272
44,6.969496,45.853542
44,6.969486,45.853812
44,6.969476,45.854082
44,6.969466,45.854352
44,6.969457,45.854621
44,6.96907,45.854615
44,6.969061,45.854884
44,6.969051,45.855154
44,6.969041,45.855424
44,6.969031,45.855694
44,6.969021,45.855964
44,6.968635,45.855957
44,6.968625,45.856227
44,6.968239,45.85622
44,6.968229,45.85649
44,6.968219,45.85676
44,6.967833,45.856753
44,6.967823,45.857023
44,6.967437,45.857016
44,6.967427,45.857286
44,6.967041,45.857279
44,6.967031,45.857549
44,6.966645,45.857542
44,6.966635,45.857812
44,6.966625,45.858081
44,6.966616,45.858351
44,6.966606,45.858621
44,6.96622,45.858614
44,6.96621,45.858884
44,6.9662,45.859154
44,6.96619,45.859424
44,6.965804,45.859417
44,6.965794,45.859687
44,6.965784,45.859957
44,6.965774,45.860226
44,6.966161,45.860233
44,6.966547,45.86024
44,6.966933,45.860247
44,6.966923,45.860517
44,6.967309,45.860524
44,6.967696,45.860531
44,6.968082,45.860537
44,6.968092,45.860268
44,6.968478,45.860274
44,6.968488,45.860005
44,6.968498,45.859735
44,6.968884,45.859742
44,6.968894,45.859472
44,6.96928,45.859479
44,6.96929,45.859209
44,6.969676,45.859216
44,6.970062,45.859223
44,6.970072,45.858953
44,6.970458,45.85896
44,6.970844,45.858966
44,6.970834,45.859236
44,6.971221,45.859243
44,6.971211,45.859513
44,6.971201,45.859783
44,6.971587,45.85979
44,6.971577,45.86006
44,6.971568,45.860329
44,6.971558,45.860599
44,6.971548,45.860869
44,6.971538,45.861139
44,6.971528,45.861409
44,6.971142,45.861402
44,6.971132,45.861672
44,6.971122,45.861942
44,6.971113,45.862211
44,6.971103,45.862481
44,6.971489,45.862488
44,6.971479,45.862758
44,6.971469,45.863028
44,6.97146,45.863298
44,6.97145,45.863568
44,6.971064,45.863561
44,6.971054,45.863831
44,6.971044,45.8641
44,6.971034,45.86437
44,6.97142,45.864377
44,6.971411,45.864647
44,6.971797,45.864654
44,6.971787,45.864924
44,6.972173,45.864931
44,6.972163,45.8652
44,6.97255,45.865207
44,6.972936,45.865214
44,6.972926,45.865484
44,6.973312,45.865491
44,6.973303,45.865761
44,6.973689,45.865767
44,6.974075,45.865774
44,6.974065,45.866044
44,6.974452,45.866051
44,6.974442,45.866321
44,6.974828,45.866328
44,6.975214,45.866335
44,6.975601,45.866341
44,6.975987,45.866348
44,6.976373,45.866355
44,6.976363,45.866625
44,6.97675,45.866632
44,6.977136,45.866639
44,6.977522,45.866645
44,6.977532,45.866376
44,6.977918,45.866382
44,6.978304,45.866389
44,6.978691,45.866396
44,6.9787,45.866126
44,6.97871,45.865856
44,6.97872,45.865587
44,6.978334,45.86558
44,6.978344,45.86531
44,6.977957,45.865303
44,6.977967,45.865033
44,6.977581,45.865026
44,6.977591,45.864757
44,6.977204,45.86475
44,6.977214,45.86448
44,6.977224,45.86421
44,6.977234,45.86394
44,6.977243,45.86367
44,6.97763,45.863677
44,6.97764,45.863407
44,6.978026,45.863414
44,6.978016,45.863684
44,6.978402,45.863691
44,6.978392,45.863961
44,6.978779,45.863968
44,6.978769,45.864237
44,6.978759,45.864507
44,6.979145,45.864514
44,6.979136,45.864784
44,6.979522,45.864791
44,6.979512,45.865061
44,6.979502,45.86533
44,6.979493,45.8656
44,6.979483,45.86587
44,6.979473,45.86614
44,6.979463,45.86641
44,6.979453,45.86668
44,6.979444,45.86695
44,6.979434,45.867219
44,6.979424,45.867489
44,6.97981,45.867496
44,6.979801,45.867766
44,6.980187,45.867773
44,6.980573,45.86778
44,6.980563,45.868049
44,6.98095,45.868056
44,6.981336,45.868063
44,6.981722,45.86807
44,6.981732,45.8678
44,6.982118,45.867807
44,6.982128,45.867537
44,6.981742,45.86753
44,6.981751,45.86726
44,6.981761,45.86699
44,6.981771,45.866721
44,6.981781,45.866451
44,6.981791,45.866181
44,6.9818,45.865911
44,6.98181,45.865641
44,6.982196,45.865648
45,6.996509,45.854559
45,6.996123,45.854552
45,6.995737,45.854546
45,6.995351,45.854539
45,6.994964,45.854532
45,6.994578,45.854525
45,6.994568,45.854795
45,6.994182,45.854788
45,6.994173,45.855058
45,6.994163,45.855328
45,6.994153,45.855598
45,6.994539,45.855605
45,6.99453,45.855874
45,6.99452,45.856144
45,6.99451,45.856414
45,6.994501,45.856684
45,6.994491,45.856954
45,6.994481,45.857224
45,6.994095,45.857217
45,6.994085,45.857487
45,6.993699,45.85748
45,6.993689,45.85775
45,6.99368,45.85802
45,6.99367,45.85829
45,6.99366,45.858559
45,6.993274,45.858553
45,6.993264,45.858822
45,6.993255,45.859092
45,6.992868,45.859086
45,6.992859,45.859355
45,6.992849,45.859625
45,6.992839,45.859895
45,6.992829,45.860165
45,6.992443,45.860158
45,6.992434,45.860428
45,6.992047,45.860421
45,6.992038,45.860691
45,6.992028,45.860961
45,6.992018,45.861231
45,6.991632,45.861224
45,6.991622,45.861494
45,6.991612,45.861764
45,6.991999,45.86177
45,6.991989,45.86204
45,6.992375,45.862047
45,6.992365,45.862317
45,6.992752,45.862324
45,6.993138,45.862331
45,6.993148,45.862061
45,6.993534,45.862067
45,6.993544,45.861798
45,6.99393,45.861804
45,6.99394,45.861535
45,6.993949,45.861265
45,6.993959,45.860995
45,6.993969,45.860725
45,6.993978,45.860455
45,6.993988,45.860185
45,6.993998,45.859915
45,6.994384,45.859922
45,6.994394,45.859652
45,6.994403,45.859383
45,6.99479,45.859389
45,6.994799,45.859119
45,6.994809,45.85885
45,6.995195,45.858856
45,6.995205,45.858587
45,6.995591,45.858593
45,6.995601,45.858323
45,6.995611,45.858054
45,6.99562,45.857784
45,6.996007,45.857791
45,6.996016,45.857521
45,6.996026,45.857251
45,6.996036,45.856981
45,6.996045,45.856711
45,6.996432,45.856718
45,6.996441,45.856448
45,6.996451,45.856178
45,6.996461,45.855908
45,6.99647,45.855639
45,6.99648,45.855369
45,6.996866,45.855375
45,6.996876,45.855106
45,6.996886,45.854836
45,6.996499,45.854829
45,6.996509,45.854559
46,6.998623,45.860267
46,6.998237,45.86026
46,6.99785,45.860253
46,6.997464,45.860246
46,6.997454,45.860516
46,6.997068,45.860509
46,6.997059,45.860779
46,6.997049,45.861049
46,6.997039,45.861319
46,6.996653,45.861312
46,6.996643,45.861582
46,6.996257,45.861575
46,6.996267,45.861305
46,6.99588,45.861299
46,6.995494,45.861292
46,6.995485,45.861562
46,6.995475,45.861832
46,6.995465,45.862101
46,6.995455,45.862371
46,6.995446,45.862641
46,6.995436,45.862911
46,6.99505,45.862904
46,6.99504,45.863174
46,6.99503,45.863444
46,6.995021,45.863714
46,6.995011,45.863984
46,6.995001,45.864253
46,6.994992,45.864523
46,6.995378,45.86453
46,6.995368,45.8648
46,6.995754,45.864807
46,6.995745,45.865077
46,6.996131,45.865083
46,6.996517,45.86509
46,6.996527,45.86482
46,6.996913,45.864827
46,6.996923,45.864557
46,6.996933,45.864287
46,6.996942,45.864017
46,6.997328,45.864024
46,6.997338,45.863754
46,6.997348,45.863485
46,6.997734,45.863491
46,6.997744,45.863221
46,6.997753,45.862952
46,6.997763,45.862682
46,6.997773,45.862412
46,6.997783,45.862142
46,6.998169,45.862149
46,6.998178,45.861879
46,6.998565,45.861886
46,6.998574,45.861616
46,6.998584,45.861346
46,6.99897,45.861353
46,6.99898,45.861083
46,6.99899,45.860813
46,6.998999,45.860543
46,6.998613,45.860536
46,6.998623,45.860267
47,6.995484,45.872354
47,6.995866,45.872383
47,6.996249,45.872412
47,6.996265,45.872106
47,6.996651,45.872113
47,6.997038,45.87212
47,6.997424,45.872127
47,6.997414,45.872396
47,6.997405,45.872666
47,6.997791,45.872673
47,6.997781,45.872943
47,6.998167,45.87295
47,6.998554,45.872956
47,6.99894,45.872963
47,6.999326,45.87297
47,6.999713,45.872977
47,6.999722,45.872707
47,7.000109,45.872714
47,7.000495,45.87272
47,7.000505,45.872451
47,7.000891,45.872457
47,7.000881,45.872727
47,7.001268,45.872734
47,7.001258,45.873004
47,7.001248,45.873274
47,7.001239,45.873543
47,7.000852,45.873537
47,7.000843,45.873807
47,7.000833,45.874076
47,7.001219,45.874083
47,7.00121,45.874353
47,7.001596,45.87436
47,7.001586,45.87463
47,7.001973,45.874636
47,7.002359,45.874643
47,7.002745,45.87465
47,7.002736,45.87492
47,7.003122,45.874927
47,7.003508,45.874933
47,7.003895,45.87494
47,7.003904,45.87467
47,7.004291,45.874677
47,7.004677,45.874684
47,7.005063,45.87469
47,7.00545,45.874697
47,7.00544,45.874967
47,7.00543,45.875237
47,7.005421,45.875507
47,7.005034,45.8755
47,7.005025,45.87577
47,7.004638,45.875763
47,7.004252,45.875756
47,7.004262,45.875486
47,7.003875,45.87548
47,7.003489,45.875473
47,7.003479,45.875743
47,7.003093,45.875736
47,7.002707,45.875729
47,7.002697,45.875999
47,7.002311,45.875992
47,7.002301,45.876262
47,7.001915,45.876256
47,7.001905,45.876525
47,7.001519,45.876519
47,7.001132,45.876512
47,7.001122,45.876782
47,7.000736,45.876775
47,7.00035,45.876768
47,6.999963,45.876761
47,6.999954,45.877031
47,6.999567,45.877024
47,6.999558,45.877294
47,6.999171,45.877288
47,6.999162,45.877557
47,6.998775,45.877551
47,6.998766,45.877821
47,6.998756,45.87809
47,6.998746,45.87836
47,6.999133,45.878367
47,6.999123,45.878637
47,6.999509,45.878644
47,6.9995,45.878913
47,6.999886,45.87892
47,7.000272,45.878927
47,7.000659,45.878934
47,7.000649,45.879204
47,7.000639,45.879473
47,7.00063,45.879743
47,7.001016,45.87975
47,7.001006,45.88002
47,7.001393,45.880027
47,7.001779,45.880033
47,7.002165,45.88004
47,7.002175,45.87977
47,7.002185,45.8795
47,7.002194,45.879231
47,7.002204,45.878961
47,7.002214,45.878691
47,7.002223,45.878421
47,7.00261,45.878428
47,7.002619,45.878158
47,7.003006,45.878165
47,7.003392,45.878171
47,7.003779,45.878178
47,7.004165,45.878185
47,7.004155,45.878455
47,7.004542,45.878462
47,7.004532,45.878731
47,7.004522,45.879001
47,7.004513,45.879271
47,7.004503,45.879541
47,7.004889,45.879548
47,7.00488,45.879818
47,7.005266,45.879824
47,7.005652,45.879831
47,7.006039,45.879838
47,7.006425,45.879845
47,7.006811,45.879851
47,7.006802,45.880121
47,7.006792,45.880391
47,7.006406,45.880384
47,7.006396,45.880654
47,7.006386,45.880924
47,7.006377,45.881194
47,7.006367,45.881464
47,7.005981,45.881457
47,7.005594,45.88145
47,7.005604,45.88118
47,7.005218,45.881174
47,7.005227,45.880904
47,7.004841,45.880897
47,7.004831,45.881167
47,7.004822,45.881437
47,7.004812,45.881707
47,7.004802,45.881976
47,7.004416,45.88197
47,7.004406,45.88224
47,7.00402,45.882233
47,7.00401,45.882503
47,7.004001,45.882772
47,7.004387,45.882779
47,7.004377,45.883049
47,7.004764,45.883056
47,7.00515,45.883063
47,7.005536,45.883069
47,7.005923,45.883076
47,7.005913,45.883346
47,7.0063,45.883353
47,7.006686,45.883359
47,7.007072,45.883366
47,7.007459,45.883373
47,7.007845,45.88338
47,7.007855,45.88311
47,7.008241,45.883117
47,7.008628,45.883123
47,7.008637,45.882853
47,7.009024,45.88286
47,7.00941,45.882867
47,7.0094,45.883137
47,7.009787,45.883143
47,7.009777,45.883413
47,7.010163,45.88342
47,7.010154,45.88369
47,7.010144,45.88396
47,7.010531,45.883966
47,7.010521,45.884236
47,7.010907,45.884243
47,7.011294,45.88425
47,7.01168,45.884257
47,7.01169,45.883987
47,7.012076,45.883993
47,7.012086,45.883724
47,7.012472,45.88373
47,7.012482,45.88346
47,7.012491,45.883191
47,7.012501,45.882921
47,7.012511,45.882651
47,7.012124,45.882644
47,7.012134,45.882374
47,7.012144,45.882104
47,7.012153,45.881835
47,7.012163,45.881565
47,7.012172,45.881295
47,7.012182,45.881025
47,7.012568,45.881032
47,7.012578,45.880762
47,7.012964,45.880769
47,7.012974,45.880499
47,7.01336,45.880505
47,7.013747,45.880512
47,7.014133,45.880519
47,7.014143,45.880249
47,7.014529,45.880256
47,7.014539,45.879986
47,7.014925,45.879993
47,7.014935,45.879723
47,7.015321,45.879729
47,7.015331,45.87946
47,7.01534,45.87919
47,7.01535,45.87892
47,7.01536,45.87865
47,7.015369,45.87838
47,7.015379,45.87811
47,7.015765,45.878117
47,7.015775,45.877847
47,7.015784,45.877577
47,7.015794,45.877308
47,7.015804,45.877038
47,7.015813,45.876768
47,7.015823,45.876498
47,7.015832,45.876228
47,7.015842,45.875958
47,7.015456,45.875952
47,7.015465,45.875682
47,7.015079,45.875675
47,7.015089,45.875405
47,7.014702,45.875398
47,7.014712,45.875129
47,7.014326,45.875122
47,7.014335,45.874852
47,7.013949,45.874845
47,7.013958,45.874575
47,7.014345,45.874582
47,7.014354,45.874312
47,7.014741,45.874319
47,7.015127,45.874326
47,7.015513,45.874332
47,7.015523,45.874063
47,7.015909,45.874069
47,7.015919,45.873799
47,7.015928,45.87353
47,7.015938,45.87326
47,7.015948,45.87299
47,7.015957,45.87272
47,7.016344,45.872727
47,7.016353,45.872457
47,7.016363,45.872187
47,7.016749,45.872194
47,7.016759,45.871924
47,7.016768,45.871654
47,7.016778,45.871384
47,7.016788,45.871114
47,7.017174,45.871121
47,7.017183,45.870851
47,7.017193,45.870581
47,7.017579,45.870588
47,7.017589,45.870318
47,7.017599,45.870048
47,7.017608,45.869778
47,7.017618,45.869509
47,7.017231,45.869502
47,7.017222,45.869772
47,7.016836,45.869765
47,7.016449,45.869758
47,7.016063,45.869752
47,7.015677,45.869745
47,7.01529,45.869738
47,7.0153,45.869468
47,7.014914,45.869462
47,7.014923,45.869192
47,7.014933,45.868922
47,7.014943,45.868652
47,7.014556,45.868645
47,7.014566,45.868375
47,7.014575,45.868106
47,7.014189,45.868099
47,7.014199,45.867829
47,7.014208,45.867559
47,7.014218,45.867289
47,7.014604,45.867296
47,7.014614,45.867026
47,7.014624,45.866756
47,7.014633,45.866486
47,7.014643,45.866217
47,7.014652,45.865947
47,7.014266,45.86594
47,7.01388,45.865933
47,7.013494,45.865927
47,7.013107,45.86592
47,7.013117,45.86565
47,7.013126,45.86538
47,7.013136,45.86511
47,7.013522,45.865117
47,7.013532,45.864847
47,7.013542,45.864577
47,7.013551,45.864308
47,7.013561,45.864038
47,7.01357,45.863768
47,7.013184,45.863761
47,7.013194,45.863491
47,7.01358,45.863498
47,7.013966,45.863505
47,7.013976,45.863235
47,7.013986,45.862965
47,7.013995,45.862695
47,7.013609,45.862688
47,7.013223,45.862682
47,7.013213,45.862952
47,7.012827,45.862945
47,7.012817,45.863215
47,7.012431,45.863208
47,7.012045,45.863201
47,7.012035,45.863471
47,7.011649,45.863464
47,7.011639,45.863734
47,7.011253,45.863727
47,7.010867,45.863721
47,7.01048,45.863714
47,7.010094,45.863707
47,7.010085,45.863977
47,7.009698,45.86397
47,7.009312,45.863964
47,7.008926,45.863957
47,7.00854,45.86395
47,7.008153,45.863943
47,7.007767,45.863937
47,7.007777,45.863667
47,7.00739,45.86366
47,7.0074,45.86339
47,7.00741,45.86312
47,7.007419,45.862851
47,7.007033,45.862844
47,7.006647,45.862837
47,7.006637,45.863107
47,7.006251,45.8631
47,7.006241,45.86337
47,7.005855,45.863363
47,7.005845,45.863633
47,7.005459,45.863626
47,7.005073,45.86362
47,7.005063,45.86389
47,7.004677,45.863883
47,7.004667,45.864153
47,7.004281,45.864146
47,7.004271,45.864416
47,7.003885,45.864409
47,7.003875,45.864679
47,7.003489,45.864672
47,7.003103,45.864665
47,7.003093,45.864935
47,7.002707,45.864928
47,7.002697,45.865198
47,7.002311,45.865192
47,7.002301,45.865461
47,7.001915,45.865455
47,7.001905,45.865725
47,7.001519,45.865718
47,7.00151,45.865988
47,7.0015,45.866257
47,7.001114,45.866251
47,7.001104,45.866521
47,7.000718,45.866514
47,7.000331,45.866507
47,7.000322,45.866777
47,6.999935,45.86677
47,6.999549,45.866763
47,6.999163,45.866757
47,6.998777,45.86675
47,6.998786,45.86648
47,6.998796,45.86621
47,6.998806,45.86594
47,6.998419,45.865934
47,6.998429,45.865664
47,6.998043,45.865657
47,6.998033,45.865927
47,6.997647,45.86592
47,6.997637,45.86619
47,6.997627,45.86646
47,6.997618,45.86673
47,6.997232,45.866723
47,6.997222,45.866993
47,6.996836,45.866986
47,6.996826,45.867256
47,6.99644,45.867249
47,6.996053,45.867242
47,6.996044,45.867512
47,6.995657,45.867505
47,6.995271,45.867498
47,6.995261,45.867768
47,6.994875,45.867761
47,6.994865,45.868031
47,6.994856,45.868301
47,6.995242,45.868308
47,6.995232,45.868578
47,6.995619,45.868585
47,6.995609,45.868854
47,6.995599,45.869124
47,6.995589,45.869394
47,6.99558,45.869664
47,6.99557,45.869934
47,6.995184,45.869927
47,6.994797,45.86992
47,6.994411,45.869914
47,6.994401,45.870183
47,6.994015,45.870177
47,6.994005,45.870446
47,6.993996,45.870716
47,6.993609,45.87071
47,6.9936,45.870979
47,6.993213,45.870973
47,6.993204,45.871242
47,6.993194,45.871512
47,6.99358,45.871519
47,6.993571,45.871789
47,6.993957,45.871796
47,6.994343,45.871802
47,6.994333,45.872072
47,6.99472,45.872079
47,6.994712,45.87229
47,6.995484,45.872354
48,7.021356,45.873084
48,7.02097,45.873077
48,7.02096,45.873347
48,7.020574,45.87334
48,7.020188,45.873333
48,7.020178,45.873603
48,7.020168,45.873873
48,7.019782,45.873866
48,7.019773,45.874136
48,7.019763,45.874406
48,7.019377,45.874399
48,7.019367,45.874669
48,7.019357,45.874939
48,7.019348,45.875209
48,7.018962,45.875202
48,7.018575,45.875196
48,7.018189,45.875189
48,7.017803,45.875182
48,7.017793,45.875452
48,7.017783,45.875722
48,7.017397,45.875715
48,7.017387,45.875985
48,7.017378,45.876255
48,7.017368,45.876525
48,7.017359,45.876795
48,7.017349,45.877064
48,7.017339,45.877334
48,7.016953,45.877328
48,7.016943,45.877597
48,7.016934,45.877867
48,7.016924,45.878137
48,7.016915,45.878407
48,7.016528,45.8784
48,7.016519,45.87867
48,7.016132,45.878663
48,7.016123,45.878933
48,7.016113,45.879203
48,7.016103,45.879473
48,7.016094,45.879743
48,7.016084,45.880013
48,7.016075,45.880283
48,7.016065,45.880552
48,7.016055,45.880822
48,7.016046,45.881092
48,7.015659,45.881085
48,7.01565,45.881355
48,7.01564,45.881625
48,7.015631,45.881895
48,7.015621,45.882165
48,7.015611,45.882435
48,7.015602,45.882705
48,7.015988,45.882711
48,7.015979,45.882981
48,7.015969,45.883251
48,7.015583,45.883244
48,7.015196,45.883238
48,7.015187,45.883507
48,7.0148,45.883501
48,7.014791,45.883771
48,7.014404,45.883764
48,7.014018,45.883757
48,7.014008,45.884027
48,7.013622,45.88402
48,7.013612,45.88429
48,7.013603,45.88456
48,7.013593,45.88483
48,7.013583,45.8851
48,7.013574,45.88537
48,7.01396,45.885376
48,7.01395,45.885646
48,7.014337,45.885653
48,7.014723,45.88566
48,7.014733,45.88539
48,7.015119,45.885396
48,7.015506,45.885403
48,7.015515,45.885133
48,7.015525,45.884863
48,7.015911,45.88487
48,7.015921,45.8846
48,7.016307,45.884607
48,7.016694,45.884614
48,7.01708,45.88462
48,7.01709,45.884351
48,7.017476,45.884357
48,7.017863,45.884364
48,7.017872,45.884094
48,7.018259,45.884101
48,7.018268,45.883831
48,7.018655,45.883838
48,7.018664,45.883568
48,7.01905,45.883575
48,7.01906,45.883305
48,7.018674,45.883298
48,7.018683,45.883028
48,7.018693,45.882758
48,7.018306,45.882752
48,7.018316,45.882482
48,7.018326,45.882212
48,7.018335,45.881942
48,7.017949,45.881935
48,7.017959,45.881665
48,7.017968,45.881396
48,7.017978,45.881126
48,7.018364,45.881132
48,7.018374,45.880863
48,7.01876,45.880869
48,7.01877,45.880599
48,7.018779,45.88033
48,7.018789,45.88006
48,7.018798,45.87979
48,7.019185,45.879797
48,7.019194,45.879527
48,7.019581,45.879533
48,7.01959,45.879264
48,7.019977,45.87927
48,7.019986,45.879
48,7.020373,45.879007
48,7.020382,45.878737
48,7.020769,45.878744
48,7.020778,45.878474
48,7.021165,45.878481
48,7.021174,45.878211
48,7.021184,45.877941
48,7.02157,45.877948
48,7.02158,45.877678
48,7.021589,45.877408
48,7.021599,45.877138
48,7.021608,45.876868
48,7.021618,45.876598
48,7.021232,45.876592
48,7.021241,45.876322
48,7.020855,45.876315
48,7.020469,45.876309
48,7.020459,45.876578
48,7.020073,45.876572
48,7.020063,45.876842
48,7.020053,45.877111
48,7.020044,45.877381
48,7.019657,45.877375
48,7.019271,45.877368
48,7.019281,45.877098
48,7.01929,45.876828
48,7.0193,45.876558
48,7.01931,45.876288
48,7.019319,45.876019
48,7.019705,45.876025
48,7.019715,45.875755
48,7.019725,45.875486
48,7.019734,45.875216
48,7.020121,45.875222
48,7.020507,45.875229
48,7.020516,45.874959
48,7.020526,45.874689
48,7.020912,45.874696
48,7.020922,45.874426
48,7.021308,45.874433
48,7.021318,45.874163
48,7.021327,45.873893
48,7.021337,45.873623
48,7.021347,45.873354
48,7.021356,45.873084
49,7.032784,45.877871
49,7.032398,45.877865
49,7.032011,45.877858
49,7.031625,45.877851
49,7.031239,45.877845
49,7.031229,45.878115
49,7.030843,45.878108
49,7.030833,45.878378
49,7.030447,45.878371
49,7.03006,45.878365
49,7.03007,45.878095
49,7.029684,45.878088
49,7.029297,45.878081
49,7.029288,45.878351
49,7.028901,45.878345
49,7.028892,45.878614
49,7.028505,45.878608
49,7.028119,45.878601
49,7.028109,45.878871
49,7.027723,45.878864
49,7.027714,45.879134
49,7.027327,45.879127
49,7.027318,45.879397
49,7.026931,45.879391
49,7.026545,45.879384
49,7.026159,45.879377
49,7.026149,45.879647
49,7.025763,45.87964
49,7.025753,45.87991
49,7.025367,45.879904
49,7.025357,45.880173
49,7.025348,45.880443
49,7.024961,45.880437
49,7.024952,45.880706
49,7.024565,45.8807
49,7.024556,45.88097
49,7.024546,45.88124
49,7.02416,45.881233
49,7.02415,45.881503
49,7.023764,45.881496
49,7.023754,45.881766
49,7.023745,45.882036
49,7.023735,45.882306
49,7.023726,45.882575
49,7.023716,45.882845
49,7.023706,45.883115
49,7.02332,45.883108
49,7.02331,45.883378
49,7.023301,45.883648
49,7.023291,45.883918
49,7.023678,45.883925
49,7.023668,45.884195
49,7.024054,45.884201
49,7.024441,45.884208
49,7.024827,45.884215
49,7.025214,45.884221
49,7.0256,45.884228
49,7.02561,45.883958
49,7.025996,45.883965
49,7.026006,45.883695
49,7.026015,45.883425
49,7.026025,45.883155
49,7.026411,45.883162
49,7.026421,45.882892
49,7.02643,45.882622
49,7.02644,45.882352
49,7.026449,45.882082
49,7.026836,45.882089
49,7.026845,45.881819
49,7.027232,45.881826
49,7.027241,45.881556
49,7.027628,45.881563
49,7.027637,45.881293
49,7.028024,45.8813
49,7.02841,45.881306
49,7.028419,45.881036
49,7.028806,45.881043
49,7.028815,45.880773
49,7.029202,45.88078
49,7.029211,45.88051
49,7.029598,45.880517
49,7.029607,45.880247
49,7.029617,45.879977
49,7.030003,45.879984
49,7.030013,45.879714
49,7.030399,45.87972
49,7.030409,45.879451
49,7.030795,45.879457
49,7.031181,45.879464
49,7.031568,45.879471
49,7.031954,45.879477
49,7.031964,45.879207
49,7.03235,45.879214
49,7.032359,45.878944
49,7.032746,45.878951
49,7.032755,45.878681
49,7.032765,45.878411
49,7.032774,45.878141
49,7.032784,45.877871
50,7.030175,45.875126
50,7.029789,45.87512
50,7.029402,45.875113
50,7.029393,45.875383
50,7.029006,45.875376
50,7.02862,45.875369
50,7.02861,45.875639
50,7.028224,45.875633
50,7.028215,45.875902
50,7.027828,45.875896
50,7.027819,45.876166
50,7.027809,45.876436
50,7.0278,45.876705
50,7.028186,45.876712
50,7.028572,45.876719
50,7.028582,45.876449
50,7.028968,45.876456
50,7.028978,45.876186
50,7.029364,45.876192
50,7.02975,45.876199
50,7.030137,45.876206
50,7.030523,45.876212
50,7.030533,45.875942
50,7.030919,45.875949
50,7.030928,45.875679
50,7.030542,45.875673
50,7.030552,45.875403
50,7.030165,45.875396
50,7.030175,45.875126
51,7.008985,45.88394
51,7.008599,45.883933
51,7.008212,45.883926
51,7.007826,45.883919
51,7.007439,45.883913
51,7.00743,45.884182
51,7.00742,45.884452
51,7.007807,45.884459
51,7.007797,45.884729
51,7.008183,45.884736
51,7.008174,45.885005
51,7.007787,45.884999
51,7.007401,45.884992
51,7.00741,45.884722
51,7.007024,45.884715
51,7.007034,45.884446
51,7.006647,45.884439
51,7.006657,45.884169
51,7.006271,45.884162
51,7.005884,45.884155
51,7.005498,45.884149
51,7.005488,45.884419
51,7.005102,45.884412
51,7.005092,45.884682
51,7.004706,45.884675
51,7.004696,45.884945
51,7.005082,45.884952
51,7.005073,45.885221
51,7.005459,45.885228
51,7.00545,45.885498
51,7.005836,45.885505
51,7.005826,45.885775
51,7.005817,45.886044
51,7.006203,45.886051
51,7.006193,45.886321
51,7.00658,45.886328
51,7.00657,45.886598
51,7.00656,45.886867
51,7.006947,45.886874
51,7.006937,45.887144
51,7.007324,45.887151
51,7.00771,45.887158
51,7.008096,45.887164
51,7.008483,45.887171
51,7.008493,45.886901
51,7.008879,45.886908
51,7.009265,45.886915
51,7.009275,45.886645
51,7.009661,45.886652
51,7.010048,45.886658
51,7.010057,45.886388
51,7.010444,45.886395
51,7.010453,45.886125
51,7.010463,45.885855
51,7.010473,45.885586
51,7.010482,45.885316
51,7.010096,45.885309
51,7.010106,45.885039
51,7.009719,45.885032
51,7.009729,45.884763
51,7.009739,45.884493
51,7.009352,45.884486
51,7.009362,45.884216
51,7.008975,45.884209
51,7.008985,45.88394
52,7.007266,45.88877
52,7.006879,45.888763
52,7.00687,45.889033
52,7.006483,45.889026
52,7.006474,45.889296
52,7.006464,45.889566
52,7.006454,45.889836
52,7.006445,45.890106
52,7.006831,45.890112
52,7.007217,45.890119
52,7.007604,45.890126
52,7.007614,45.889856
52,7.007623,45.889586
52,7.007633,45.889316
52,7.007642,45.889047
52,7.007256,45.88904
52,7.007266,45.88877
53,6.998003,45.893699
53,6.9976,45.893895
53,6.997586,45.894271
53,6.997788,45.894275
53,6.997778,45.894544
53,6.997576,45.894541
53,6.997572,45.894666
53,6.998354,45.894694
53,6.998335,45.894946
53,6.998735,45.894958
53,6.998735,45.894699
53,6.99951,45.894712
53,6.999496,45.894983
53,6.999888,45.894986
53,6.999859,45.895531
53,7.000252,45.895528
53,7.000247,45.895795
53,7.000634,45.895808
53,7.000615,45.896076
53,7.001003,45.896089
53,7.002879,45.896138
53,7.00295,45.895852
53,7.003338,45.895856
53,7.003362,45.895315
53,7.00374,45.895321
53,7.003764,45.893978
53,7.00337,45.893902
53,7.00342,45.893691
53,7.003125,45.893343
53,7.00286,45.893362
53,7.002691,45.893414
53,7.001095,45.893386
53,7.00033,45.89336
53,7.000319,45.893907
53,6.999923,45.893901
53,6.999156,45.893894
53,6.999129,45.893622
53,6.998382,45.893609
53,6.998363,45.893873
53,6.998003,45.89388
53,6.998003,45.893699
54,6.998735,45.894958
54,6.998335,45.894946
54,6.998354,45.894694
54,6.997572,45.894666
54,6.997576,45.894541
54,6.997005,45.894531
54,6.997015,45.894261
54,6.997586,45.894271
54,6.9976,45.893895
54,6.998003,45.893699
54,6.998004,45.893074
54,6.998391,45.893087
54,6.998411,45.89281
54,6.998042,45.892791
54,6.99807,45.892521
54,6.997664,45.892514
54,6.997683,45.89225
54,6.997268,45.892242
54,6.997325,45.891173
54,6.99655,45.891153
54,6.996522,45.891417
54,6.996135,45.891397
54,6.996134,45.891681
54,6.995386,45.891668
54,6.995387,45.891133
54,6.995009,45.891113
54,6.99499,45.891396
54,6.994621,45.891377
54,6.994611,45.891661
54,6.993836,45.89164
54,6.993855,45.891119
54,6.993053,45.891085
54,6.99309,45.890828
54,6.992694,45.890802
54,6.992684,45.891072
54,6.992287,45.891078
54,6.99224,45.891612
54,6.992645,45.891639
54,6.992627,45.891884
54,6.993024,45.891897
54,6.993042,45.892162
54,6.993808,45.892169
54,6.993808,45.892433
54,6.994598,45.892458
54,6.994564,45.892723
54,6.994951,45.89273
54,6.994921,45.893561
54,6.994515,45.893548
54,6.994515,45.893812
54,6.994119,45.893792
54,6.994118,45.894063
54,6.993731,45.89405
54,6.993711,45.894604
54,6.994098,45.894624
54,6.9941,45.894849
54,6.994526,45.894972
54,6.994079,45.895158
54,6.993691,45.895158
54,6.993692,45.894868
54,6.993296,45.894861
54,6.992557,45.894848
54,6.992576,45.89432
54,6.992152,45.894306
54,6.992181,45.893771
54,6.989893,45.893712
54,6.989883,45.893466
54,6.989516,45.893457
54,6.989526,45.893197
54,6.989127,45.893195
54,6.989146,45.892912
54,6.98875,45.892918
54,6.98874,45.893183
54,6.988714,45.893449
54,6.989102,45.893479
54,6.989135,45.893716
54,6.98949,45.893734
54,6.989455,45.894011
54,6.989449,45.894184
54,6.989451,45.894352
54,6.98945,45.894612
54,6.989459,45.894825
54,6.989425,45.895073
54,6.989797,45.895083
54,6.989816,45.895341
54,6.990217,45.89537
54,6.990216,45.895619
54,6.990198,45.89589
54,6.99095,45.895921
54,6.990944,45.8961
54,6.990957,45.896187
54,6.990956,45.896441
54,6.99132,45.896447
54,6.991331,45.896604
54,6.991318,45.896725
54,6.991698,45.896743
54,6.991693,45.896881
54,6.991695,45.896999
54,6.992069,45.897015
54,6.992063,45.897289
54,6.992016,45.898352
54,6.992431,45.898359
54,6.992393,45.898636
54,6.99278,45.898649
54,6.99278,45.898914
54,6.993187,45.898901
54,6.99313,45.899197
54,6.993546,45.899191
54,6.993508,45.899461
54,6.994311,45.899482
54,6.994284,45.899727
54,6.995059,45.899747
54,6.995086,45.899489
54,6.995595,45.899313
54,6.995846,45.898763
54,6.995107,45.898671
54,6.995107,45.898413
54,6.994742,45.898166
54,6.994348,45.89809
54,6.994395,45.897697
54,6.993934,45.897643
54,6.994001,45.89731
54,6.993623,45.897304
54,6.993633,45.897033
54,6.993245,45.897026
54,6.993255,45.896504
54,6.993652,45.896511
54,6.993652,45.896756
54,6.994408,45.896795
54,6.994427,45.897041
54,6.994796,45.897041
54,6.994776,45.897324
54,6.996327,45.897351
54,6.996317,45.897628
54,6.997101,45.897648
54,6.997102,45.897371
54,6.997458,45.897432
54,6.997851,45.897342
54,6.99794,45.897621
54,6.998615,45.897656
54,6.999561,45.897649
54,6.999888,45.897771
54,7.000183,45.897702
54,7.000184,45.897432
54,6.999796,45.897412
54,6.999807,45.897128
54,6.99941,45.897128
54,6.999491,45.895514
54,6.999084,45.895517
54,6.999118,45.89497
54,6.998735,45.89496
54,6.998735,45.894958
55,7.012348,45.898039
55,7.011962,45.898032
55,7.011575,45.898026
55,7.011189,45.898019
55,7.010802,45.898012
55,7.010416,45.898006
55,7.010406,45.898275
55,7.01002,45.898269
55,7.01001,45.898539
55,7.01,45.898808
55,7.010387,45.898815
55,7.010377,45.899085
55,7.010764,45.899092
55,7.01115,45.899098
55,7.011537,45.899105
55,7.011546,45.898835
55,7.011933,45.898842
55,7.011943,45.898572
55,7.012329,45.898579
55,7.012339,45.898309
55,7.012348,45.898039
56,7.019353,45.896811
56,7.019453,45.896812
56,7.020112,45.897222
56,7.020107,45.897364
56,7.01972,45.897357
56,7.019711,45.897627
56,7.019324,45.89762
56,7.019315,45.89789
56,7.018928,45.897883
56,7.018542,45.897877
56,7.018532,45.898147
56,7.018146,45.89814
56,7.017759,45.898133
56,7.017373,45.898127
56,7.016986,45.89812
56,7.016996,45.89785
56,7.016609,45.897843
56,7.016223,45.897837
56,7.016213,45.898106
56,7.015827,45.8981
56,7.01544,45.898093
56,7.015431,45.898363
56,7.015044,45.898356
56,7.014658,45.898349
56,7.014648,45.898619
56,7.014261,45.898613
56,7.014252,45.898882
56,7.013865,45.898876
56,7.013479,45.898869
56,7.013469,45.899139
56,7.013083,45.899132
56,7.013073,45.899402
56,7.012687,45.899395
56,7.012677,45.899665
56,7.01229,45.899658
56,7.012281,45.899928
56,7.012271,45.900198
56,7.012262,45.900468
56,7.012648,45.900475
56,7.013035,45.900481
56,7.013421,45.900488
56,7.013808,45.900495
56,7.013798,45.900765
56,7.013788,45.901034
56,7.013402,45.901028
56,7.013392,45.901298
56,7.013006,45.901291
56,7.012996,45.901561
56,7.01261,45.901554
56,7.012223,45.901547
56,7.012233,45.901277
56,7.011846,45.901271
56,7.01146,45.901264
56,7.01145,45.901534
56,7.011064,45.901527
56,7.010677,45.90152
56,7.01029,45.901514
56,7.010281,45.901783
56,7.009894,45.901777
56,7.009508,45.90177
56,7.009498,45.90204
56,7.009112,45.902033
56,7.009102,45.902303
56,7.008715,45.902296
56,7.008706,45.902566
56,7.008319,45.902559
56,7.00831,45.902829
56,7.0083,45.903099
56,7.008686,45.903106
56,7.008677,45.903376
56,7.009063,45.903382
56,7.009073,45.903113
56,7.00946,45.903119
56,7.009846,45.903126
56,7.009856,45.902856
56,7.010242,45.902863
56,7.010629,45.90287
56,7.010619,45.903139
56,7.011006,45.903146
56,7.010996,45.903416
56,7.011383,45.903423
56,7.011373,45.903693
56,7.011759,45.903699
56,7.01175,45.903969
56,7.01174,45.904239
56,7.011354,45.904232
56,7.011344,45.904502
56,7.011731,45.904509
56,7.011721,45.904779
56,7.012107,45.904785
56,7.012494,45.904792
56,7.012484,45.905062
56,7.012871,45.905069
56,7.013257,45.905076
56,7.013267,45.904806
56,7.013654,45.904812
56,7.013663,45.904543
56,7.01405,45.904549
56,7.014059,45.904279
56,7.014446,45.904286
56,7.014832,45.904293
56,7.014823,45.904563
56,7.015209,45.904569
56,7.015596,45.904576
56,7.015982,45.904583
56,7.015992,45.904313
56,7.016379,45.90432
56,7.016388,45.90405
56,7.016775,45.904057
56,7.016784,45.903787
56,7.016794,45.903517
56,7.017181,45.903524
56,7.01719,45.903254
56,7.017577,45.90326
56,7.017963,45.903267
56,7.017973,45.902997
56,7.018359,45.903004
56,7.018369,45.902734
56,7.018755,45.902741
56,7.018765,45.902471
56,7.018775,45.902201
56,7.018784,45.901931
56,7.019171,45.901938
56,7.01918,45.901668
56,7.019567,45.901675
56,7.019576,45.901405
56,7.019963,45.901412
56,7.02035,45.901418
56,7.020359,45.901149
56,7.020746,45.901155
56,7.020755,45.900885
56,7.020765,45.900616
56,7.021151,45.900622
56,7.021161,45.900352
56,7.021547,45.900359
56,7.021557,45.900089
56,7.021944,45.900096
56,7.021953,45.899826
56,7.02234,45.899833
56,7.022349,45.899563
56,7.022359,45.899293
56,7.022745,45.8993
56,7.022755,45.89903
56,7.023141,45.899037
56,7.023151,45.898767
56,7.023537,45.898773
56,7.023547,45.898504
56,7.023557,45.898234
56,7.023943,45.89824
56,7.023953,45.897971
56,7.023962,45.897701
56,7.024349,45.897707
56,7.024358,45.897437
56,7.024745,45.897444
56,7.025131,45.897451
56,7.025518,45.897458
56,7.025904,45.897464
56,7.026291,45.897471
56,7.026677,45.897478
56,7.027064,45.897484
56,7.02745,45.897491
56,7.027837,45.897498
56,7.028223,45.897504
56,7.02861,45.897511
56,7.0286,45.897781
56,7.028591,45.898051
56,7.028204,45.898044
56,7.028195,45.898314
56,7.028185,45.898584
56,7.028175,45.898854
56,7.028166,45.899123
56,7.028156,45.899393
56,7.028147,45.899663
56,7.028137,45.899933
56,7.028128,45.900203
56,7.028118,45.900473
56,7.028109,45.900743
56,7.028099,45.901012
56,7.027713,45.901006
56,7.027326,45.900999
56,7.027336,45.900729
56,7.026949,45.900722
56,7.026959,45.900453
56,7.026968,45.900183
56,7.026582,45.900176
56,7.026591,45.899906
56,7.026205,45.8999
56,7.025818,45.899893
56,7.025432,45.899886
56,7.025045,45.89988
56,7.025036,45.900149
56,7.024649,45.900143
56,7.024263,45.900136
56,7.023876,45.900129
56,7.023866,45.900399
56,7.02348,45.900393
56,7.02347,45.900662
56,7.023084,45.900656
56,7.023074,45.900926
56,7.022688,45.900919
56,7.022678,45.901189
56,7.022669,45.901459
56,7.022659,45.901728
56,7.022273,45.901722
56,7.022263,45.901992
56,7.021876,45.901985
56,7.021867,45.902255
56,7.02148,45.902248
56,7.021471,45.902518
56,7.021084,45.902511
56,7.021075,45.902781
56,7.020688,45.902774
56,7.020678,45.903044
56,7.020292,45.903037
56,7.019905,45.903031
56,7.019519,45.903024
56,7.019132,45.903017
56,7.019123,45.903287
56,7.018736,45.903281
56,7.018727,45.90355
56,7.01834,45.903544
56,7.01833,45.903814
56,7.017944,45.903807
56,7.017934,45.904077
56,7.017925,45.904347
56,7.017538,45.90434
56,7.017529,45.90461
56,7.017519,45.90488
56,7.017132,45.904873
56,7.017123,45.905143
56,7.016736,45.905136
56,7.016727,45.905406
56,7.016717,45.905676
56,7.016331,45.905669
56,7.016321,45.905939
56,7.015934,45.905932
56,7.015925,45.906202
56,7.015538,45.906195
56,7.015529,45.906465
56,7.015519,45.906735
56,7.015509,45.907005
56,7.0155,45.907275
56,7.01549,45.907545
56,7.01548,45.907814
56,7.015471,45.908084
56,7.015461,45.908354
56,7.015452,45.908624
56,7.015838,45.908631
56,7.015829,45.9089
56,7.015819,45.90917
56,7.016206,45.909177
56,7.016196,45.909447
56,7.016582,45.909454
56,7.016573,45.909723
56,7.016563,45.909993
56,7.016554,45.910263
56,7.01694,45.91027
56,7.016931,45.91054
56,7.017317,45.910546
56,7.017704,45.910553
56,7.01809,45.91056
56,7.018477,45.910567
56,7.018863,45.910573
56,7.01925,45.91058
56,7.01926,45.91031
56,7.019646,45.910317
56,7.019656,45.910047
56,7.020042,45.910054
56,7.020033,45.910324
56,7.020419,45.91033
56,7.020806,45.910337
56,7.020816,45.910067
56,7.021202,45.910074
56,7.021589,45.91008
56,7.021598,45.909811
56,7.021985,45.909817
56,7.022371,45.909824
56,7.022362,45.910094
56,7.022748,45.910101
56,7.022739,45.91037
56,7.022729,45.91064
56,7.02272,45.91091
56,7.02271,45.91118
56,7.022701,45.91145
56,7.022691,45.91172
56,7.022681,45.91199
56,7.022672,45.912259
56,7.022662,45.912529
56,7.022653,45.912799
56,7.022266,45.912792
56,7.021879,45.912786
56,7.021493,45.912779
56,7.021106,45.912772
56,7.021097,45.913042
56,7.02071,45.913035
56,7.020323,45.913029
56,7.020314,45.913299
56,7.019927,45.913292
56,7.019918,45.913562
56,7.019908,45.913832
56,7.020295,45.913838
56,7.020285,45.914108
56,7.020275,45.914378
56,7.019889,45.914371
56,7.019879,45.914641
56,7.01987,45.914911
56,7.020256,45.914918
56,7.020247,45.915188
56,7.020633,45.915194
56,7.02102,45.915201
56,7.021029,45.914931
56,7.021416,45.914938
56,7.021426,45.914668
56,7.021812,45.914675
56,7.021822,45.914405
56,7.022208,45.914412
56,7.022595,45.914418
56,7.022982,45.914425
56,7.022991,45.914155
56,7.023378,45.914162
56,7.023764,45.914168
56,7.023755,45.914438
56,7.024142,45.914445
56,7.024151,45.914175
56,7.024538,45.914182
56,7.024547,45.913912
56,7.024934,45.913919
56,7.024943,45.913649
56,7.02533,45.913655
56,7.02534,45.913386
56,7.025726,45.913392
56,7.025736,45.913122
56,7.025745,45.912853
56,7.025755,45.912583
56,7.025765,45.912313
56,7.025774,45.912043
56,7.025784,45.911773
56,7.02617,45.91178
56,7.02618,45.91151
56,7.026189,45.91124
56,7.026576,45.911247
56,7.026586,45.910977
56,7.026972,45.910984
56,7.027359,45.91099
56,7.027349,45.91126
56,7.027736,45.911267
56,7.027745,45.910997
56,7.028132,45.911004
56,7.028518,45.91101
56,7.028528,45.91074
56,7.028915,45.910747
56,7.028924,45.910477
56,7.029311,45.910484
56,7.02932,45.910214
56,7.029707,45.910221
56,7.029716,45.909951
56,7.030103,45.909958
56,7.03049,45.909964
56,7.030876,45.909971
56,7.031263,45.909978
56,7.031272,45.909708
56,7.031659,45.909714
56,7.031668,45.909445
56,7.031678,45.909175
56,7.031688,45.908905
56,7.031697,45.908635
56,7.031707,45.908365
56,7.032093,45.908372
56,7.032103,45.908102
56,7.032489,45.908109
56,7.032499,45.907839
56,7.032885,45.907845
56,7.033272,45.907852
56,7.033281,45.907582
56,7.033668,45.907589
56,7.033678,45.907319
56,7.034064,45.907326
56,7.034074,45.907056
56,7.03446,45.907062
56,7.03447,45.906793
56,7.034479,45.906523
56,7.034093,45.906516
56,7.034102,45.906246
56,7.034112,45.905976
56,7.034498,45.905983
56,7.034508,45.905713
56,7.034894,45.90572
56,7.034904,45.90545
56,7.035291,45.905457
56,7.0353,45.905187
56,7.03531,45.904917
56,7.034923,45.90491
56,7.034933,45.90464
56,7.034942,45.904371
56,7.034556,45.904364
56,7.034565,45.904094
56,7.034179,45.904087
56,7.034188,45.903818
56,7.034198,45.903548
56,7.034207,45.903278
56,7.034217,45.903008
56,7.034226,45.902738
56,7.03384,45.902731
56,7.033849,45.902462
56,7.033859,45.902192
56,7.033868,45.901922
56,7.033878,45.901652
56,7.033887,45.901382
56,7.033897,45.901112
56,7.033906,45.900842
56,7.03352,45.900836
56,7.033529,45.900566
56,7.033143,45.900559
56,7.033152,45.900289
56,7.033162,45.90002
56,7.033171,45.89975
56,7.033181,45.89948
56,7.03319,45.89921
56,7.032804,45.899203
56,7.032814,45.898933
56,7.032823,45.898664
56,7.032437,45.898657
56,7.032446,45.898387
56,7.032456,45.898117
56,7.032842,45.898124
56,7.032852,45.897854
56,7.033238,45.897861
56,7.033248,45.897591
56,7.033257,45.897321
56,7.033644,45.897328
56,7.033653,45.897058
56,7.03404,45.897064
56,7.034049,45.896795
56,7.034059,45.896525
56,7.034068,45.896255
56,7.034078,45.895985
56,7.034087,45.895715
56,7.034097,45.895445
56,7.03371,45.895439
56,7.03372,45.895169
56,7.033333,45.895162
56,7.032947,45.895156
56,7.03256,45.895149
56,7.032174,45.895142
56,7.031788,45.895136
56,7.031401,45.895129
56,7.031392,45.895399
56,7.031005,45.895392
56,7.030619,45.895385
56,7.030232,45.895379
56,7.030242,45.895109
56,7.029855,45.895102
56,7.029865,45.894832
56,7.029478,45.894826
56,7.029488,45.894556
56,7.029497,45.894286
56,7.029884,45.894293
56,7.029893,45.894023
56,7.03028,45.894029
56,7.030666,45.894036
56,7.030676,45.893766
56,7.030685,45.893496
56,7.031072,45.893503
56,7.031081,45.893233
56,7.031091,45.892963
56,7.0311,45.892694
56,7.03111,45.892424
56,7.03112,45.892154
56,7.030733,45.892147
56,7.030347,45.89214
56,7.030356,45.891871
56,7.02997,45.891864
56,7.029979,45.891594
56,7.029593,45.891587
56,7.029206,45.891581
56,7.02882,45.891574
56,7.028829,45.891304
56,7.028839,45.891034
56,7.028849,45.890765
56,7.028462,45.890758
56,7.028076,45.890751
56,7.027689,45.890745
56,7.027303,45.890738
56,7.026916,45.890731
56,7.026907,45.891001
56,7.02652,45.890994
56,7.026134,45.890988
56,7.026143,45.890718
56,7.025757,45.890711
56,7.025371,45.890704
56,7.02538,45.890435
56,7.02539,45.890165
56,7.025776,45.890171
56,7.025786,45.889902
56,7.026172,45.889908
56,7.026182,45.889638
56,7.026191,45.889369
56,7.026201,45.889099
56,7.02621,45.888829
56,7.025824,45.888822
56,7.025833,45.888552
56,7.025447,45.888546
56,7.025457,45.888276
56,7.02507,45.888269
56,7.024684,45.888262
56,7.024693,45.887993
56,7.024307,45.887986
56,7.02392,45.887979
56,7.02393,45.887709
56,7.023544,45.887703
56,7.023157,45.887696
56,7.023167,45.887426
56,7.02278,45.887419
56,7.022771,45.887689
56,7.022384,45.887683
56,7.021998,45.887676
56,7.021612,45.887669
56,7.021621,45.887399
56,7.021235,45.887393
56,7.021244,45.887123
56,7.020858,45.887116
56,7.020471,45.887109
56,7.020085,45.887103
56,7.019699,45.887096
56,7.019312,45.887089
56,7.018926,45.887083
56,7.018916,45.887352
56,7.01853,45.887346
56,7.018143,45.887339
56,7.018153,45.887069
56,7.017766,45.887063
56,7.01738,45.887056
56,7.016994,45.887049
56,7.016607,45.887042
56,7.016221,45.887036
56,7.016211,45.887306
56,7.015825,45.887299
56,7.015815,45.887569
56,7.015429,45.887562
56,7.015042,45.887555
56,7.015033,45.887825
56,7.014646,45.887818
56,7.014637,45.888088
56,7.01425,45.888082
56,7.014241,45.888351
56,7.013854,45.888345
56,7.013845,45.888615
56,7.013835,45.888884
56,7.013825,45.889154
56,7.013439,45.889147
56,7.013429,45.889417
56,7.013043,45.889411
56,7.012656,45.889404
56,7.012647,45.889674
56,7.01226,45.889667
56,7.011874,45.88966
56,7.011488,45.889654
56,7.011101,45.889647
56,7.011091,45.889917
56,7.010705,45.88991
56,7.010319,45.889903
56,7.010309,45.890173
56,7.009922,45.890166
56,7.009913,45.890436
56,7.009903,45.890706
56,7.009517,45.890699
56,7.009507,45.890969
56,7.009121,45.890962
56,7.009111,45.891232
56,7.008725,45.891226
56,7.008338,45.891219
56,7.007952,45.891212
56,7.007942,45.891482
56,7.007556,45.891475
56,7.007546,45.891745
56,7.00716,45.891738
56,7.00715,45.892008
56,7.006763,45.892001
56,7.006377,45.891995
56,7.006367,45.892265
56,7.006358,45.892534
56,7.006348,45.892804
56,7.006734,45.892811
56,7.006725,45.893081
56,7.007111,45.893088
56,7.007102,45.893357
56,7.007092,45.893627
56,7.006705,45.893621
56,7.006696,45.89389
56,7.006686,45.89416
56,7.0063,45.894153
56,7.00629,45.894423
56,7.00628,45.894693
56,7.006667,45.8947
56,7.006657,45.89497
56,7.006648,45.89524
56,7.007034,45.895246
56,7.00742,45.895253
56,7.007807,45.89526
56,7.008193,45.895267
56,7.008203,45.894997
56,7.00859,45.895003
56,7.008599,45.894734
56,7.008986,45.89474
56,7.008995,45.894471
56,7.009382,45.894477
56,7.009768,45.894484
56,7.010155,45.894491
56,7.010145,45.894761
56,7.010135,45.89503
56,7.009749,45.895024
56,7.009739,45.895294
56,7.009353,45.895287
56,7.009343,45.895557
56,7.008957,45.89555
56,7.008947,45.89582
56,7.008561,45.895813
56,7.008551,45.896083
56,7.008541,45.896353
56,7.008155,45.896346
56,7.008145,45.896616
56,7.007759,45.896609
56,7.007372,45.896602
56,7.006986,45.896596
56,7.006995,45.896326
56,7.006609,45.896319
56,7.006599,45.896589
56,7.006213,45.896582
56,7.006203,45.896852
56,7.006193,45.897122
56,7.006184,45.897392
56,7.00657,45.897398
56,7.006957,45.897405
56,7.007343,45.897412
56,7.00773,45.897419
56,7.008116,45.897425
56,7.008503,45.897432
56,7.008493,45.897702
56,7.00888,45.897709
56,7.009266,45.897715
56,7.009652,45.897722
56,7.010039,45.897729
56,7.010049,45.897459
56,7.010435,45.897466
56,7.010445,45.897196
56,7.010831,45.897203
56,7.010841,45.896933
56,7.010851,45.896663
56,7.010464,45.896656
56,7.010474,45.896386
56,7.010483,45.896117
56,7.010493,45.895847
56,7.010503,45.895577
56,7.010889,45.895584
56,7.011276,45.89559
56,7.011266,45.89586
56,7.011652,45.895867
56,7.012039,45.895874
56,7.012425,45.89588
56,7.012435,45.895611
56,7.012821,45.895617
56,7.012831,45.895347
56,7.013218,45.895354
56,7.013227,45.895084
56,7.013614,45.895091
56,7.014,45.895098
56,7.01399,45.895368
56,7.014377,45.895374
56,7.014367,45.895644
56,7.014358,45.895914
56,7.014744,45.895921
56,7.014735,45.896191
56,7.015121,45.896197
56,7.015111,45.896467
56,7.015498,45.896474
56,7.015884,45.896481
56,7.015875,45.89675
56,7.016261,45.896757
56,7.016648,45.896764
56,7.017034,45.896771
56,7.017421,45.896777
56,7.017807,45.896784
56,7.018194,45.896791
56,7.01858,45.896797
56,7.018967,45.896804
56,7.019353,45.896811
57,7.059765,45.891294
57,7.059378,45.891287
57,7.058992,45.891281
57,7.058605,45.891274
57,7.058219,45.891268
57,7.058209,45.891537
57,7.057823,45.891531
57,7.057814,45.891801
57,7.057427,45.891794
57,7.057418,45.892064
57,7.057031,45.892057
57,7.057022,45.892327
57,7.056635,45.892321
57,7.056626,45.892591
57,7.056239,45.892584
57,7.05623,45.892854
57,7.055844,45.892847
57,7.055834,45.893117
57,7.055448,45.893111
57,7.055061,45.893104
57,7.055052,45.893374
57,7.054665,45.893367
57,7.054656,45.893637
57,7.054646,45.893907
57,7.054637,45.894177
57,7.054251,45.89417
57,7.054241,45.89444
57,7.054232,45.89471
57,7.054222,45.89498
57,7.053836,45.894973
57,7.053826,45.895243
57,7.053817,45.895513
57,7.053807,45.895783
57,7.053798,45.896053
57,7.053789,45.896323
57,7.053779,45.896592
57,7.05377,45.896862
57,7.05376,45.897132
57,7.053751,45.897402
57,7.053741,45.897672
57,7.053732,45.897942
57,7.053346,45.897935
57,7.053336,45.898205
57,7.05295,45.898198
57,7.05294,45.898468
57,7.052554,45.898462
57,7.052544,45.898732
57,7.052158,45.898725
57,7.052148,45.898995
57,7.051762,45.898988
57,7.051752,45.899258
57,7.051366,45.899251
57,7.051356,45.899521
57,7.051347,45.899791
57,7.05096,45.899785
57,7.050951,45.900054
57,7.050564,45.900048
57,7.050555,45.900318
57,7.050546,45.900588
57,7.050159,45.900581
57,7.05015,45.900851
57,7.049763,45.900844
57,7.049754,45.901114
57,7.049367,45.901108
57,7.049358,45.901377
57,7.048971,45.901371
57,7.048962,45.901641
57,7.048575,45.901634
57,7.048566,45.901904
57,7.048179,45.901897
57,7.047793,45.901891
57,7.047783,45.902161
57,7.047397,45.902154
57,7.04701,45.902147
57,7.047001,45.902417
57,7.046614,45.902411
57,7.046605,45.90268
57,7.046218,45.902674
57,7.046209,45.902944
57,7.045822,45.902937
57,7.045832,45.902667
57,7.045445,45.902661
57,7.045455,45.902391
57,7.045464,45.902121
57,7.045473,45.901851
57,7.045087,45.901844
57,7.045096,45.901575
57,7.04471,45.901568
57,7.044719,45.901298
57,7.044729,45.901028
57,7.045115,45.901035
57,7.045125,45.900765
57,7.045511,45.900772
57,7.045898,45.900778
57,7.045907,45.900508
57,7.046294,45.900515
57,7.046303,45.900245
57,7.045917,45.900238
57,7.045926,45.899969
57,7.04554,45.899962
57,7.04553,45.900232
57,7.045144,45.900225
57,7.044757,45.900219
57,7.044767,45.899949
57,7.04438,45.899942
57,7.043994,45.899936
57,7.043984,45.900205
57,7.043598,45.900199
57,7.043588,45.900469
57,7.043202,45.900462
57,7.043192,45.900732
57,7.042806,45.900725
57,7.042419,45.900719
57,7.042033,45.900712
57,7.041646,45.900705
57,7.041637,45.900975
57,7.04125,45.900969
57,7.041241,45.901238
57,7.041231,45.901508
57,7.041222,45.901778
57,7.040835,45.901772
57,7.040826,45.902041
57,7.040816,45.902311
57,7.04043,45.902305
57,7.04042,45.902574
57,7.040411,45.902844
57,7.040401,45.903114
57,7.040392,45.903384
57,7.040382,45.903654
57,7.040373,45.903924
57,7.040363,45.904194
57,7.040354,45.904463
57,7.040344,45.904733
57,7.040335,45.905003
57,7.039948,45.904997
57,7.039939,45.905266
57,7.039552,45.90526
57,7.039166,45.905253
57,7.038779,45.905247
57,7.038769,45.905516
57,7.038383,45.90551
57,7.038373,45.90578
57,7.037987,45.905773
57,7.037977,45.906043
57,7.037968,45.906313
57,7.037958,45.906583
57,7.037949,45.906852
57,7.037562,45.906846
57,7.037553,45.907116
57,7.037166,45.907109
57,7.037157,45.907379
57,7.03677,45.907372
57,7.036761,45.907642
57,7.036374,45.907635
57,7.036364,45.907905
57,7.035978,45.907899
57,7.035968,45.908168
57,7.035582,45.908162
57,7.035572,45.908432
57,7.035563,45.908702
57,7.035176,45.908695
57,7.035167,45.908965
57,7.03478,45.908958
57,7.034771,45.909228
57,7.034761,45.909498
57,7.034374,45.909491
57,7.034365,45.909761
57,7.033978,45.909754
57,7.033969,45.910024
57,7.033959,45.910294
57,7.033573,45.910287
57,7.033563,45.910557
57,7.033177,45.910551
57,7.033167,45.91082
57,7.03278,45.910814
57,7.032771,45.911084
57,7.032384,45.911077
57,7.032375,45.911347
57,7.031988,45.91134
57,7.031979,45.91161
57,7.031592,45.911603
57,7.031583,45.911873
57,7.031573,45.912143
57,7.031186,45.912136
57,7.031177,45.912406
57,7.031167,45.912676
57,7.030781,45.912669
57,7.030771,45.912939
57,7.030385,45.912933
57,7.030375,45.913203
57,7.030365,45.913472
57,7.030356,45.913742
57,7.030346,45.914012
57,7.030337,45.914282
57,7.030327,45.914552
57,7.030318,45.914822
57,7.030308,45.915092
57,7.029922,45.915085
57,7.029912,45.915355
57,7.029525,45.915348
57,7.029516,45.915618
57,7.029129,45.915611
57,7.02912,45.915881
57,7.028733,45.915874
57,7.028346,45.915868
57,7.02796,45.915861
57,7.02795,45.916131
57,7.027564,45.916124
57,7.027554,45.916394
57,7.027544,45.916664
57,7.027535,45.916934
57,7.027922,45.91694
57,7.027912,45.91721
57,7.027902,45.91748
57,7.028289,45.917487
57,7.02828,45.917757
57,7.02827,45.918027
57,7.02826,45.918296
57,7.028647,45.918303
57,7.028637,45.918573
57,7.029024,45.91858
57,7.029411,45.918586
57,7.029797,45.918593
57,7.029807,45.918323
57,7.030194,45.91833
57,7.030203,45.91806
57,7.03059,45.918067
57,7.030976,45.918073
57,7.031363,45.91808
57,7.031353,45.91835
57,7.031344,45.91862
57,7.031731,45.918626
57,7.031721,45.918896
57,7.031711,45.919166
57,7.032098,45.919173
57,7.032089,45.919442
57,7.032475,45.919449
57,7.032862,45.919456
57,7.033249,45.919462
57,7.033239,45.919732
57,7.033626,45.919739
57,7.034012,45.919746
57,7.034022,45.919476
57,7.034408,45.919482
57,7.034795,45.919489
57,7.035182,45.919496
57,7.035568,45.919502
57,7.035578,45.919233
57,7.035965,45.919239
57,7.035974,45.918969
57,7.035984,45.918699
57,7.035993,45.91843
57,7.03638,45.918436
57,7.036389,45.918166
57,7.036776,45.918173
57,7.037163,45.91818
57,7.037549,45.918186
57,7.03754,45.918456
57,7.037926,45.918463
57,7.037917,45.918733
57,7.037907,45.919003
57,7.038294,45.919009
57,7.038284,45.919279
57,7.038275,45.919549
57,7.038265,45.919819
57,7.038256,45.920089
57,7.038246,45.920358
57,7.038633,45.920365
57,7.038624,45.920635
57,7.038614,45.920905
57,7.038605,45.921175
57,7.038991,45.921181
57,7.038982,45.921451
57,7.039368,45.921458
57,7.039755,45.921464
57,7.039745,45.921734
57,7.040132,45.921741
57,7.040123,45.922011
57,7.040509,45.922017
57,7.040896,45.922024
57,7.041283,45.922031
57,7.041292,45.921761
57,7.041679,45.921767
57,7.042065,45.921774
57,7.042452,45.921781
57,7.042839,45.921787
57,7.042848,45.921517
57,7.043235,45.921524
57,7.043244,45.921254
57,7.043631,45.921261
57,7.043641,45.920991
57,7.04365,45.920721
57,7.044037,45.920728
57,7.044046,45.920458
57,7.044433,45.920465
57,7.044442,45.920195
57,7.044452,45.919925
57,7.044461,45.919655
57,7.044471,45.919385
57,7.04448,45.919115
57,7.04449,45.918845
57,7.044876,45.918852
57,7.044886,45.918582
57,7.044895,45.918312
57,7.045282,45.918319
57,7.045291,45.918049
57,7.045678,45.918056
57,7.045688,45.917786
57,7.045697,45.917516
57,7.045707,45.917246
57,7.046093,45.917253
57,7.046103,45.916983
57,7.046489,45.916989
57,7.04648,45.917259
57,7.04647,45.917529
57,7.046461,45.917799
57,7.046451,45.918069
57,7.046065,45.918062
57,7.046055,45.918332
57,7.046046,45.918602
57,7.046432,45.918609
57,7.046423,45.918878
57,7.046414,45.919148
57,7.046404,45.919418
57,7.046395,45.919688
57,7.046385,45.919958
57,7.046376,45.920228
57,7.046762,45.920234
57,7.046753,45.920504
57,7.047139,45.920511
57,7.047149,45.920241
57,7.047536,45.920248
57,7.047545,45.919978
57,7.047932,45.919984
57,7.047941,45.919714
57,7.048328,45.919721
57,7.048337,45.919451
57,7.048724,45.919458
57,7.048733,45.919188
57,7.048743,45.918918
57,7.04913,45.918925
57,7.049139,45.918655
57,7.049148,45.918385
57,7.049158,45.918115
57,7.049167,45.917845
57,7.049554,45.917852
57,7.049563,45.917582
57,7.04995,45.917589
57,7.04996,45.917319
57,7.049969,45.917049
57,7.049978,45.916779
57,7.050365,45.916786
57,7.050375,45.916516
57,7.050761,45.916522
57,7.050771,45.916253
57,7.051157,45.916259
57,7.051167,45.915989
57,7.051553,45.915996
57,7.051563,45.915726
57,7.051572,45.915456
57,7.051582,45.915186
57,7.051968,45.915193
57,7.051978,45.914923
57,7.051987,45.914653
57,7.051997,45.914383
57,7.052383,45.91439
57,7.052393,45.91412
57,7.052779,45.914127
57,7.052789,45.913857
57,7.052798,45.913587
57,7.052808,45.913317
57,7.052817,45.913047
57,7.052826,45.912777
57,7.052836,45.912508
57,7.052845,45.912238
57,7.052855,45.911968
57,7.052864,45.911698
57,7.053251,45.911705
57,7.05326,45.911435
57,7.05327,45.911165
57,7.053279,45.910895
57,7.053289,45.910625
57,7.052902,45.910619
57,7.052911,45.910349
57,7.052525,45.910342
57,7.052534,45.910072
57,7.052148,45.910066
57,7.052157,45.909796
57,7.051771,45.909789
57,7.05178,45.909519
57,7.051789,45.909249
57,7.051799,45.90898
57,7.051412,45.908973
57,7.051422,45.908703
57,7.051035,45.908697
57,7.051045,45.908427
57,7.051054,45.908157
57,7.051064,45.907887
57,7.05145,45.907894
57,7.051837,45.9079
57,7.051846,45.90763
57,7.052233,45.907637
57,7.052619,45.907643
57,7.052629,45.907374
57,7.053015,45.90738
57,7.053025,45.90711
57,7.053034,45.90684
57,7.053044,45.906571
57,7.052657,45.906564
57,7.052666,45.906294
57,7.052676,45.906024
57,7.052289,45.906018
57,7.052299,45.905748
57,7.052308,45.905478
57,7.052318,45.905208
57,7.052327,45.904938
57,7.052337,45.904668
57,7.052723,45.904675
57,7.052733,45.904405
57,7.053119,45.904412
57,7.053129,45.904142
57,7.053515,45.904148
57,7.053525,45.903879
57,7.053911,45.903885
57,7.05392,45.903615
57,7.054307,45.903622
57,7.054316,45.903352
57,7.054703,45.903359
57,7.054712,45.903089
57,7.055099,45.903095
57,7.055108,45.902826
57,7.055495,45.902832
57,7.055504,45.902562
57,7.055514,45.902292
57,7.0559,45.902299
57,7.05591,45.902029
57,7.055919,45.901759
57,7.055929,45.901489
57,7.056315,45.901496
57,7.056325,45.901226
57,7.056334,45.900956
57,7.056343,45.900686
57,7.056353,45.900417
57,7.056739,45.900423
57,7.056749,45.900153
57,7.056758,45.899883
57,7.056768,45.899614
57,7.056777,45.899344
57,7.056786,45.899074
57,7.056796,45.898804
57,7.056805,45.898534
57,7.056815,45.898264
57,7.056428,45.898258
57,7.056438,45.897988
57,7.056447,45.897718
57,7.056456,45.897448
57,7.056466,45.897178
57,7.056079,45.897172
57,7.056089,45.896902
57,7.056098,45.896632
57,7.056108,45.896362
57,7.056117,45.896092
57,7.056503,45.896099
57,7.056513,45.895829
57,7.056522,45.895559
57,7.056909,45.895566
57,7.056918,45.895296
57,7.057305,45.895302
57,7.057314,45.895032
57,7.057701,45.895039
57,7.05771,45.894769
57,7.058096,45.894776
57,7.058106,45.894506
57,7.058492,45.894512
57,7.058502,45.894243
57,7.058888,45.894249
57,7.058898,45.893979
57,7.059284,45.893986
57,7.059294,45.893716
57,7.059303,45.893446
57,7.059689,45.893453
57,7.059699,45.893183
57,7.059708,45.892913
57,7.060095,45.89292
57,7.060104,45.89265
57,7.060113,45.89238
57,7.060123,45.89211
57,7.059736,45.892103
57,7.059746,45.891834
57,7.059755,45.891564
57,7.059765,45.891294
58,7.063094,45.906741
58,7.062708,45.906735
58,7.062321,45.906728
58,7.062312,45.906998
58,7.062302,45.907268
58,7.062293,45.907538
58,7.062284,45.907808
58,7.062274,45.908078
58,7.061888,45.908071
58,7.061878,45.908341
58,7.061492,45.908334
58,7.061482,45.908604
58,7.061473,45.908874
58,7.061463,45.909144
58,7.061454,45.909414
58,7.061067,45.909407
58,7.061058,45.909677
58,7.060671,45.909671
58,7.060681,45.909401
58,7.060294,45.909394
58,7.059908,45.909388
58,7.059898,45.909657
58,7.059889,45.909927
58,7.059502,45.909921
58,7.059493,45.910191
58,7.059106,45.910184
58,7.059116,45.909914
58,7.058729,45.909908
58,7.058739,45.909638
58,7.058352,45.909631
58,7.058361,45.909361
58,7.057975,45.909355
58,7.057588,45.909348
58,7.057202,45.909342
58,7.057192,45.909611
58,7.056806,45.909605
58,7.056796,45.909875
58,7.05641,45.909868
58,7.056023,45.909862
58,7.056014,45.910131
58,7.055627,45.910125
58,7.055618,45.910395
58,7.055608,45.910665
58,7.055995,45.910671
58,7.055985,45.910941
58,7.055976,45.911211
58,7.055966,45.911481
58,7.056353,45.911487
58,7.056344,45.911757
58,7.056334,45.912027
58,7.056325,45.912297
58,7.056315,45.912567
58,7.056306,45.912837
58,7.056297,45.913106
58,7.056287,45.913376
58,7.0559,45.91337
58,7.055891,45.91364
58,7.055504,45.913633
58,7.055118,45.913626
58,7.054731,45.91362
58,7.054722,45.91389
58,7.054335,45.913883
58,7.054326,45.914153
58,7.053939,45.914146
58,7.05393,45.914416
58,7.053543,45.91441
58,7.053534,45.91468
58,7.053524,45.914949
58,7.053515,45.915219
58,7.053901,45.915226
58,7.054288,45.915232
58,7.054297,45.914963
58,7.054684,45.914969
58,7.054693,45.914699
58,7.05508,45.914706
58,7.05509,45.914436
58,7.055476,45.914443
58,7.055486,45.914173
58,7.055872,45.914179
58,7.056259,45.914186
58,7.056645,45.914192
58,7.056655,45.913923
58,7.057041,45.913929
58,7.057051,45.913659
58,7.057437,45.913666
58,7.057824,45.913673
58,7.058211,45.913679
58,7.058597,45.913686
58,7.058607,45.913416
58,7.058993,45.913422
58,7.05938,45.913429
58,7.059389,45.913159
58,7.059776,45.913166
58,7.060163,45.913172
58,7.060172,45.912902
58,7.060559,45.912909
58,7.060568,45.912639
58,7.060577,45.912369
58,7.060587,45.912099
58,7.0602,45.912093
58,7.06021,45.911823
58,7.059823,45.911816
58,7.059832,45.911546
58,7.059446,45.91154
58,7.059455,45.91127
58,7.059465,45.911
58,7.059474,45.91073
58,7.059861,45.910737
58,7.060247,45.910743
58,7.060634,45.91075
58,7.060643,45.91048
58,7.06103,45.910487
58,7.061416,45.910493
58,7.061803,45.9105
58,7.06219,45.910506
58,7.062576,45.910513
58,7.062586,45.910243
58,7.062972,45.91025
58,7.062982,45.90998
58,7.063368,45.909986
58,7.063378,45.909717
58,7.063387,45.909447
58,7.063773,45.909453
58,7.063783,45.909183
58,7.063792,45.908913
58,7.063802,45.908644
58,7.063811,45.908374
58,7.06382,45.908104
58,7.06383,45.907834
58,7.063839,45.907564
58,7.063453,45.907558
58,7.063462,45.907288
58,7.063471,45.907018
58,7.063085,45.907011
58,7.063094,45.906741
59,7.051359,45.925173
59,7.051619,45.925178
59,7.052005,45.925184
59,7.052015,45.924914
59,7.052402,45.924921
59,7.052788,45.924928
59,7.052798,45.924658
59,7.053184,45.924664
59,7.053571,45.924671
59,7.053958,45.924677
59,7.054426,45.924703
59,7.054731,45.924691
59,7.055118,45.924697
59,7.055504,45.924704
59,7.055498,45.924875
59,7.057029,45.924896
59,7.05728,45.924901
59,7.057829,45.924608
59,7.057834,45.924473
59,7.057843,45.924204
59,7.05823,45.92421
59,7.058617,45.924217
59,7.059003,45.924223
59,7.05939,45.92423
59,7.059777,45.924236
59,7.059758,45.924515
59,7.060154,45.924513
59,7.060541,45.924519
59,7.060928,45.924526
59,7.060918,45.924796
59,7.061305,45.924802
59,7.061691,45.924809
59,7.061678,45.925092
59,7.062069,45.925085
59,7.062063,45.925261
59,7.062152,45.925357
59,7.062446,45.925362
59,7.062417,45.92564
59,7.062823,45.925638
59,7.06321,45.925645
59,7.063201,45.925915
59,7.063587,45.925921
59,7.063974,45.925928
59,7.064361,45.925934
59,7.064351,45.926204
59,7.064738,45.926211
59,7.064729,45.926481
59,7.065115,45.926487
59,7.065502,45.926494
59,7.065493,45.926764
59,7.065879,45.92677
59,7.06587,45.92704
59,7.066257,45.927046
59,7.066643,45.927053
59,7.06703,45.92706
59,7.06704,45.92679
59,7.067049,45.92652
59,7.067058,45.92625
59,7.067068,45.92598
59,7.067454,45.925987
59,7.067464,45.925717
59,7.067077,45.92571
59,7.067086,45.92544
59,7.0667,45.925434
59,7.066709,45.925164
59,7.067096,45.925171
59,7.067482,45.925177
59,7.067492,45.924907
59,7.067501,45.924637
59,7.067115,45.924631
59,7.066728,45.924624
59,7.066341,45.924618
59,7.065954,45.924611
59,7.065964,45.924341
59,7.065577,45.924335
59,7.06519,45.924328
59,7.0652,45.924058
59,7.064813,45.924052
59,7.064823,45.923782
59,7.064436,45.923775
59,7.064445,45.923506
59,7.064059,45.923499
59,7.064068,45.923229
59,7.064077,45.922959
59,7.063691,45.922953
59,7.0637,45.922683
59,7.063313,45.922676
59,7.063323,45.922406
59,7.063332,45.922137
59,7.063719,45.922143
59,7.063728,45.921873
59,7.064115,45.92188
59,7.064124,45.92161
59,7.064511,45.921617
59,7.06452,45.921347
59,7.064907,45.921353
59,7.065294,45.92136
59,7.06568,45.921366
59,7.066067,45.921373
59,7.066058,45.921643
59,7.066444,45.921649
59,7.066454,45.921379
59,7.06684,45.921386
59,7.06685,45.921116
59,7.066859,45.920846
59,7.067246,45.920853
59,7.067632,45.920859
59,7.067623,45.921129
59,7.06801,45.921136
59,7.068396,45.921142
59,7.068387,45.921412
59,7.068774,45.921419
59,7.06916,45.921425
59,7.06917,45.921155
59,7.069179,45.920885
59,7.069566,45.920892
59,7.069952,45.920899
59,7.070339,45.920905
59,7.070348,45.920635
59,7.070735,45.920642
59,7.070744,45.920372
59,7.070358,45.920365
59,7.070367,45.920096
59,7.070377,45.919826
59,7.070386,45.919556
59,7.070395,45.919286
59,7.070405,45.919016
59,7.070414,45.918746
59,7.070027,45.91874
59,7.070037,45.91847
59,7.070046,45.9182
59,7.070055,45.91793
59,7.070065,45.91766
59,7.069678,45.917654
59,7.069291,45.917647
59,7.069301,45.917377
59,7.068914,45.917371
59,7.068924,45.917101
59,7.068933,45.916831
59,7.068942,45.916561
59,7.068556,45.916555
59,7.068565,45.916285
59,7.068574,45.916015
59,7.068961,45.916021
59,7.06897,45.915752
59,7.069357,45.915758
59,7.069366,45.915488
59,7.069753,45.915495
59,7.07014,45.915501
59,7.070149,45.915231
59,7.070536,45.915238
59,7.070545,45.914968
59,7.070554,45.914698
59,7.070564,45.914428
59,7.070177,45.914422
59,7.070186,45.914152
59,7.0698,45.914146
59,7.069413,45.914139
59,7.069027,45.914132
59,7.06864,45.914126
59,7.068649,45.913856
59,7.068263,45.91385
59,7.068272,45.91358
59,7.068281,45.91331
59,7.068291,45.91304
59,7.067904,45.913033
59,7.067914,45.912764
59,7.067527,45.912757
59,7.067536,45.912487
59,7.06715,45.912481
59,7.066763,45.912474
59,7.066754,45.912744
59,7.066367,45.912737
59,7.066358,45.913007
59,7.066744,45.913014
59,7.066735,45.913284
59,7.066726,45.913553
59,7.066716,45.913823
59,7.06633,45.913817
59,7.06632,45.914087
59,7.065934,45.91408
59,7.065547,45.914074
59,7.06516,45.914067
59,7.064774,45.91406
59,7.064387,45.914054
59,7.064001,45.914047
59,7.063614,45.914041
59,7.063623,45.913771
59,7.063237,45.913764
59,7.06285,45.913758
59,7.062841,45.914028
59,7.062454,45.914021
59,7.062445,45.914291
59,7.062058,45.914284
59,7.061671,45.914278
59,7.061662,45.914548
59,7.061275,45.914541
59,7.061266,45.914811
59,7.060879,45.914804
59,7.06087,45.915074
59,7.060483,45.915068
59,7.060097,45.915061
59,7.05971,45.915055
59,7.059324,45.915048
59,7.059333,45.914778
59,7.059096,45.914774
59,7.058944,45.914844
59,7.058937,45.915042
59,7.058541,45.915026
59,7.058541,45.915305
59,7.058154,45.915298
59,7.058145,45.915568
59,7.057758,45.915562
59,7.057749,45.915831
59,7.057739,45.916101
59,7.057353,45.916095
59,7.057343,45.916365
59,7.057334,45.916634
59,7.056947,45.916628
59,7.056561,45.916621
59,7.056174,45.916615
59,7.055787,45.916608
59,7.055797,45.916338
59,7.05541,45.916332
59,7.055024,45.916325
59,7.054637,45.916318
59,7.054627,45.916588
59,7.054618,45.916858
59,7.054231,45.916852
59,7.054222,45.917121
59,7.054213,45.917391
59,7.053826,45.917385
59,7.053816,45.917655
59,7.05343,45.917648
59,7.05342,45.917918
59,7.053034,45.917911
59,7.052647,45.917905
59,7.052638,45.918175
59,7.052251,45.918168
59,7.052242,45.918438
59,7.052232,45.918708
59,7.052223,45.918978
59,7.051836,45.918971
59,7.051827,45.919241
59,7.051817,45.919511
59,7.05143,45.919504
59,7.051421,45.919774
59,7.051412,45.920044
59,7.051025,45.920037
59,7.051015,45.920307
59,7.051006,45.920577
59,7.050619,45.92057
59,7.05061,45.92084
59,7.050223,45.920834
59,7.050214,45.921103
59,7.050204,45.921373
59,7.050591,45.92138
59,7.050582,45.92165
59,7.050968,45.921656
59,7.051355,45.921663
59,7.051345,45.921933
59,7.051732,45.921939
59,7.051723,45.922209
59,7.051336,45.922203
59,7.051327,45.922472
59,7.05094,45.922466
59,7.050553,45.922459
59,7.050167,45.922453
59,7.04978,45.922446
59,7.049789,45.922176
59,7.049403,45.92217
59,7.049016,45.922163
59,7.048629,45.922156
59,7.048243,45.92215
59,7.048233,45.92242
59,7.048224,45.92269
59,7.048214,45.922959
59,7.048205,45.923229
59,7.048591,45.923236
59,7.048582,45.923506
59,7.048969,45.923512
59,7.048959,45.923782
59,7.049346,45.923789
59,7.049336,45.924059
59,7.049723,45.924065
59,7.05011,45.924072
59,7.0501,45.924342
59,7.050487,45.924348
59,7.050478,45.924618
59,7.050864,45.924625
59,7.050865,45.924913
59,7.051241,45.924901
59,7.051234,45.925108
59,7.051359,45.925173
60,7.062333,45.9286
60,7.061947,45.928594
60,7.06156,45.928587
60,7.06155,45.928857
60,7.061164,45.92885
60,7.061154,45.92912
60,7.061145,45.92939
60,7.061136,45.92966
60,7.061522,45.929666
60,7.061909,45.929673
60,7.062296,45.92968
60,7.062682,45.929686
60,7.062673,45.929956
60,7.06306,45.929963
60,7.063069,45.929693
60,7.063456,45.929699
60,7.063465,45.929429
60,7.063079,45.929423
60,7.063088,45.929153
60,7.062701,45.929146
60,7.062711,45.928877
60,7.062324,45.92887
60,7.062333,45.9286
61,7.042089,45.925015
61,7.042338,45.925019
61,7.042725,45.925026
61,7.043112,45.925032
61,7.043102,45.925302
61,7.043489,45.925309
61,7.043479,45.925579
61,7.04347,45.925848
61,7.043856,45.925855
61,7.043847,45.926125
61,7.044234,45.926132
61,7.04462,45.926138
61,7.044611,45.926408
61,7.044998,45.926415
61,7.044988,45.926684
61,7.044979,45.926954
61,7.044969,45.927224
61,7.04496,45.927494
61,7.04495,45.927764
61,7.044563,45.927757
61,7.044554,45.928027
61,7.044167,45.928021
61,7.044158,45.92829
61,7.044148,45.92856
61,7.043762,45.928554
61,7.043752,45.928823
61,7.043743,45.929093
61,7.043356,45.929087
61,7.043346,45.929357
61,7.043733,45.929363
61,7.043724,45.929633
61,7.04411,45.92964
61,7.044497,45.929646
61,7.044488,45.929916
61,7.044874,45.929923
61,7.045261,45.929929
61,7.045252,45.930199
61,7.045638,45.930206
61,7.045629,45.930476
61,7.046015,45.930482
61,7.046006,45.930752
61,7.045997,45.931022
61,7.045987,45.931292
61,7.045978,45.931562
61,7.045968,45.931832
61,7.045581,45.931825
61,7.045572,45.932095
61,7.045185,45.932088
61,7.045176,45.932358
61,7.045166,45.932628
61,7.045157,45.932898
61,7.045543,45.932904
61,7.045534,45.933174
61,7.045524,45.933444
61,7.045911,45.933451
61,7.045902,45.933721
61,7.045892,45.93399
61,7.045883,45.93426
61,7.045873,45.93453
61,7.04626,45.934537
61,7.046251,45.934807
61,7.046637,45.934813
61,7.047024,45.93482
61,7.047015,45.93509
61,7.047401,45.935096
61,7.047788,45.935103
61,7.047779,45.935373
61,7.048165,45.935379
61,7.048156,45.935649
61,7.048543,45.935656
61,7.048929,45.935662
61,7.04892,45.935932
61,7.049307,45.935939
61,7.049297,45.936209
61,7.049684,45.936215
61,7.049675,45.936485
61,7.049665,45.936755
61,7.049278,45.936749
61,7.048892,45.936742
61,7.048505,45.936735
61,7.048495,45.937005
61,7.048109,45.936999
61,7.047722,45.936992
61,7.047335,45.936985
61,7.046948,45.936979
61,7.046561,45.936972
61,7.046571,45.936702
61,7.04658,45.936432
61,7.046967,45.936439
61,7.046977,45.936169
61,7.046986,45.935899
61,7.046599,45.935893
61,7.046213,45.935886
61,7.045826,45.935879
61,7.045835,45.93561
61,7.045449,45.935603
61,7.045458,45.935333
61,7.045468,45.935063
61,7.045081,45.935057
61,7.04509,45.934787
61,7.044704,45.93478
61,7.044713,45.93451
61,7.044326,45.934504
61,7.04394,45.934497
61,7.043949,45.934227
61,7.043562,45.934221
61,7.043572,45.933951
61,7.043185,45.933944
61,7.043194,45.933674
61,7.042808,45.933668
61,7.042817,45.933398
61,7.042827,45.933128
61,7.042836,45.932858
61,7.042846,45.932588
61,7.042855,45.932318
61,7.042865,45.932048
61,7.042874,45.931779
61,7.042884,45.931509
61,7.042893,45.931239
61,7.042506,45.931232
61,7.042516,45.930962
61,7.042129,45.930956
61,7.041743,45.930949
61,7.041752,45.930679
61,7.041365,45.930673
61,7.041356,45.930943
61,7.041346,45.931212
61,7.041337,45.931482
61,7.041724,45.931489
61,7.041714,45.931759
61,7.041705,45.932029
61,7.042091,45.932035
61,7.042082,45.932305
61,7.042072,45.932575
61,7.042063,45.932845
61,7.041676,45.932838
61,7.041666,45.933108
61,7.041657,45.933378
61,7.041647,45.933648
61,7.041638,45.933918
61,7.041628,45.934187
61,7.041619,45.934457
61,7.041232,45.934451
61,7.041223,45.934721
61,7.040836,45.934714
61,7.040826,45.934984
61,7.040817,45.935254
61,7.040807,45.935523
61,7.041194,45.93553
61,7.041185,45.9358
61,7.041571,45.935807
61,7.041562,45.936076
61,7.041949,45.936083
61,7.041939,45.936353
61,7.042326,45.93636
61,7.042316,45.936629
61,7.042703,45.936636
61,7.042694,45.936906
61,7.043081,45.936913
61,7.043071,45.937182
61,7.043458,45.937189
61,7.043448,45.937459
61,7.043835,45.937465
61,7.043826,45.937735
61,7.043439,45.937729
61,7.043429,45.937999
61,7.043043,45.937992
61,7.043033,45.938262
61,7.042646,45.938255
61,7.042637,45.938525
61,7.042627,45.938795
61,7.042618,45.939065
61,7.042231,45.939058
61,7.042221,45.939328
61,7.042212,45.939598
61,7.042202,45.939868
61,7.041816,45.939861
61,7.041806,45.940131
61,7.041419,45.940124
61,7.04141,45.940394
61,7.041797,45.940401
61,7.041787,45.940671
61,7.042174,45.940677
61,7.042561,45.940684
61,7.04257,45.940414
61,7.042957,45.940421
61,7.043344,45.940427
61,7.043334,45.940697
61,7.043721,45.940704
61,7.043712,45.940974
61,7.044098,45.94098
61,7.044089,45.94125
61,7.044476,45.941257
61,7.044466,45.941527
61,7.044853,45.941533
61,7.04524,45.94154
61,7.045627,45.941546
61,7.045617,45.941816
61,7.046004,45.941823
61,7.046391,45.94183
61,7.046381,45.942099
61,7.046768,45.942106
61,7.047155,45.942113
61,7.047145,45.942382
61,7.047532,45.942389
61,7.047523,45.942659
61,7.04791,45.942666
61,7.048296,45.942672
61,7.048683,45.942679
61,7.048693,45.942409
61,7.04908,45.942415
61,7.049466,45.942422
61,7.049853,45.942429
61,7.05024,45.942435
61,7.050627,45.942442
61,7.050636,45.942172
61,7.051023,45.942179
61,7.051032,45.941909
61,7.051419,45.941915
61,7.051806,45.941922
61,7.052193,45.941929
61,7.05258,45.941935
61,7.052589,45.941665
61,7.052976,45.941672
61,7.052985,45.941402
61,7.052995,45.941132
61,7.052608,45.941126
61,7.052618,45.940856
61,7.052231,45.940849
61,7.05224,45.940579
61,7.052627,45.940586
61,7.052636,45.940316
61,7.053023,45.940323
61,7.053033,45.940053
61,7.053419,45.940059
61,7.053429,45.93979
61,7.053438,45.93952
61,7.053825,45.939526
61,7.053835,45.939256
61,7.054221,45.939263
61,7.054231,45.938993
61,7.054618,45.939
61,7.055004,45.939006
61,7.055391,45.939013
61,7.055778,45.939019
61,7.055787,45.93875
61,7.056174,45.938756
61,7.056561,45.938763
61,7.056948,45.938769
61,7.056938,45.939039
61,7.057325,45.939046
61,7.057712,45.939052
61,7.058099,45.939059
61,7.058108,45.938789
61,7.058495,45.938796
61,7.058882,45.938802
61,7.058891,45.938532
61,7.058901,45.938263
61,7.05891,45.937993
61,7.059297,45.937999
61,7.059306,45.937729
61,7.059316,45.937459
61,7.059325,45.93719
61,7.059334,45.93692
61,7.059721,45.936926
61,7.060108,45.936933
61,7.060495,45.936939
61,7.060485,45.937209
61,7.060476,45.937479
61,7.060863,45.937486
61,7.060853,45.937756
61,7.06124,45.937762
61,7.061627,45.937769
61,7.061617,45.938039
61,7.062004,45.938045
61,7.061995,45.938315
61,7.062382,45.938322
61,7.062768,45.938328
61,7.062759,45.938598
61,7.063146,45.938605
61,7.063533,45.938611
61,7.063919,45.938618
61,7.064306,45.938624
61,7.064693,45.938631
61,7.06508,45.938637
61,7.065466,45.938644
61,7.065853,45.93865
61,7.06624,45.938657
61,7.066627,45.938664
61,7.067014,45.93867
61,7.0674,45.938677
61,7.067787,45.938683
61,7.068174,45.93869
61,7.068183,45.93842
61,7.06857,45.938426
61,7.068957,45.938433
61,7.069344,45.938439
61,7.06973,45.938446
61,7.06974,45.938176
61,7.070127,45.938183
61,7.070136,45.937913
61,7.070145,45.937643
61,7.069759,45.937636
61,7.069768,45.937367
61,7.069381,45.93736
61,7.069391,45.93709
61,7.069004,45.937084
61,7.069013,45.936814
61,7.069023,45.936544
61,7.068636,45.936537
61,7.068645,45.936268
61,7.068258,45.936261
61,7.067872,45.936254
61,7.067485,45.936248
61,7.067098,45.936241
61,7.067107,45.935971
61,7.066721,45.935965
61,7.066334,45.935958
61,7.065947,45.935952
61,7.06556,45.935945
61,7.06557,45.935675
61,7.065183,45.935669
61,7.064796,45.935662
61,7.064806,45.935392
61,7.064419,45.935386
61,7.064428,45.935116
61,7.064041,45.93511
61,7.063655,45.935103
61,7.063664,45.934833
61,7.063277,45.934827
61,7.063287,45.934557
61,7.0629,45.93455
61,7.062513,45.934544
61,7.062523,45.934274
61,7.062136,45.934267
61,7.061749,45.934261
61,7.061758,45.933991
61,7.061372,45.933984
61,7.061381,45.933714
61,7.060994,45.933708
61,7.060608,45.933701
61,7.060221,45.933695
61,7.059834,45.933688
61,7.059844,45.933418
61,7.059853,45.933148
61,7.059862,45.932878
61,7.059476,45.932872
61,7.059485,45.932602
61,7.059494,45.932332
61,7.059504,45.932062
61,7.059513,45.931792
61,7.059523,45.931523
61,7.059532,45.931253
61,7.059145,45.931246
61,7.059155,45.930976
61,7.058768,45.93097
61,7.058777,45.9307
61,7.058787,45.93043
61,7.059174,45.930437
61,7.059183,45.930167
61,7.059192,45.929897
61,7.059202,45.929627
61,7.059211,45.929357
61,7.059221,45.929087
61,7.059607,45.929094
61,7.059617,45.928824
61,7.059626,45.928554
61,7.059636,45.928284
61,7.059249,45.928278
61,7.059258,45.928008
61,7.059268,45.927738
61,7.059277,45.927468
61,7.05889,45.927462
61,7.0589,45.927192
61,7.058909,45.926922
61,7.058523,45.926915
61,7.058532,45.926645
61,7.058541,45.926376
61,7.058551,45.926106
61,7.058164,45.926099
61,7.058174,45.925829
61,7.058183,45.925559
61,7.058555,45.925566
61,7.058356,45.925351
61,7.057817,45.925229
61,7.057423,45.925159
61,7.057419,45.925276
61,7.05741,45.925546
61,7.057023,45.92554
61,7.056636,45.925533
61,7.05625,45.925527
61,7.055863,45.92552
61,7.055476,45.925513
61,7.055089,45.925507
61,7.054703,45.9255
61,7.054693,45.92577
61,7.054684,45.92604
61,7.054674,45.92631
61,7.055061,45.926316
61,7.055052,45.926586
61,7.055438,45.926593
61,7.055429,45.926863
61,7.055816,45.926869
61,7.056202,45.926876
61,7.056193,45.927146
61,7.05658,45.927152
61,7.056966,45.927159
61,7.056957,45.927429
61,7.057344,45.927435
61,7.057334,45.927705
61,7.056948,45.927699
61,7.056938,45.927968
61,7.056929,45.928238
61,7.056542,45.928232
61,7.056533,45.928502
61,7.056146,45.928495
61,7.056136,45.928765
61,7.05575,45.928758
61,7.05574,45.929028
61,7.055354,45.929022
61,7.055344,45.929291
61,7.054957,45.929285
61,7.054948,45.929555
61,7.054561,45.929548
61,7.054552,45.929818
61,7.054542,45.930088
61,7.054533,45.930358
61,7.054523,45.930628
61,7.054137,45.930621
61,7.054127,45.930891
61,7.053741,45.930884
61,7.053354,45.930878
61,7.052967,45.930871
61,7.052977,45.930601
61,7.05259,45.930595
61,7.052599,45.930325
61,7.052213,45.930318
61,7.052222,45.930048
61,7.052609,45.930055
61,7.052618,45.929785
61,7.052628,45.929515
61,7.052637,45.929245
61,7.05225,45.929239
61,7.05226,45.928969
61,7.052269,45.928699
61,7.052279,45.928429
61,7.052288,45.928159
61,7.052298,45.927889
61,7.052684,45.927896
61,7.052694,45.927626
61,7.052703,45.927356
61,7.052713,45.927086
61,7.052326,45.92708
61,7.052335,45.92681
61,7.051949,45.926803
61,7.051958,45.926534
61,7.051571,45.926527
61,7.051581,45.926257
61,7.05159,45.925987
61,7.051204,45.925981
61,7.051213,45.925711
61,7.050826,45.925704
61,7.050836,45.925434
61,7.050449,45.925428
61,7.050459,45.925158
61,7.050072,45.925151
61,7.049685,45.925145
61,7.049695,45.924875
61,7.049308,45.924868
61,7.048921,45.924862
61,7.048931,45.924592
61,7.048544,45.924585
61,7.048554,45.924315
61,7.048167,45.924309
61,7.048176,45.924039
61,7.04779,45.924032
61,7.047799,45.923762
61,7.047412,45.923756
61,7.047026,45.923749
61,7.047035,45.923479
61,7.046649,45.923473
61,7.046658,45.923203
61,7.046668,45.922933
61,7.046281,45.922926
61,7.04629,45.922656
61,7.045904,45.92265
61,7.045913,45.92238
61,7.045526,45.922373
61,7.04514,45.922367
61,7.04513,45.922637
61,7.044744,45.92263
61,7.044357,45.922623
61,7.044347,45.922893
61,7.043961,45.922887
61,7.043574,45.92288
61,7.043187,45.922873
61,7.043178,45.923143
61,7.042791,45.923137
61,7.042782,45.923406
61,7.043168,45.923413
61,7.043159,45.923683
61,7.043546,45.92369
61,7.043536,45.923959
61,7.043527,45.924229
61,7.04314,45.924223
61,7.042753,45.924216
61,7.042744,45.924486
61,7.042357,45.924479
61,7.04197,45.924473
61,7.04198,45.924203
61,7.04164,45.924183
61,7.042089,45.925015
62,7.042045,45.955341
62,7.042048,45.955256
62,7.042434,45.955263
62,7.042444,45.954993
62,7.042831,45.954999
62,7.043218,45.955006
62,7.043605,45.955013
62,7.043992,45.955019
62,7.044378,45.955026
62,7.044765,45.955033
62,7.045152,45.955039
62,7.045539,45.955046
62,7.04553,45.955316
62,7.045756,45.955198
62,7.046583,45.955181
62,7.048208,45.954587
62,7.048816,45.953968
62,7.049096,45.953775
62,7.048682,45.953749
62,7.048691,45.95348
62,7.048701,45.95321
62,7.049088,45.953216
62,7.049097,45.952946
62,7.049106,45.952677
62,7.049116,45.952407
62,7.049503,45.952413
62,7.049512,45.952144
62,7.049522,45.951874
62,7.049909,45.95188
62,7.049918,45.95161
62,7.050305,45.951617
62,7.050692,45.951624
62,7.051079,45.95163
62,7.051069,45.9519
62,7.051456,45.951907
62,7.051843,45.951913
62,7.05223,45.95192
62,7.052617,45.951926
62,7.053004,45.951933
62,7.053013,45.951663
62,7.0534,45.95167
62,7.053409,45.9514
62,7.053796,45.951407
62,7.053806,45.951137
62,7.054193,45.951143
62,7.054202,45.950873
62,7.054589,45.95088
62,7.054598,45.95061
62,7.054985,45.950617
62,7.055372,45.950623
62,7.055382,45.950353
62,7.055768,45.95036
62,7.055778,45.95009
62,7.056165,45.950097
62,7.056552,45.950103
62,7.056561,45.949833
62,7.056948,45.94984
62,7.056957,45.94957
62,7.056967,45.9493
62,7.05658,45.949294
62,7.056193,45.949287
62,7.056202,45.949017
62,7.055816,45.949011
62,7.055429,45.949004
62,7.055042,45.948998
62,7.055032,45.949267
62,7.054646,45.949261
62,7.054259,45.949254
62,7.053872,45.949248
62,7.053881,45.948978
62,7.053494,45.948971
62,7.053504,45.948701
62,7.053117,45.948695
62,7.053127,45.948425
62,7.053136,45.948155
62,7.053523,45.948162
62,7.053532,45.947892
62,7.053919,45.947898
62,7.054306,45.947905
62,7.054315,45.947635
62,7.054702,45.947642
62,7.055089,45.947648
62,7.055476,45.947655
62,7.055467,45.947925
62,7.055853,45.947931
62,7.055844,45.948201
62,7.056231,45.948208
62,7.056221,45.948478
62,7.056608,45.948484
62,7.056618,45.948214
62,7.057004,45.948221
62,7.057391,45.948228
62,7.057401,45.947958
62,7.057788,45.947964
62,7.058174,45.947971
62,7.058184,45.947701
62,7.058571,45.947708
62,7.05858,45.947438
62,7.058967,45.947444
62,7.058976,45.947174
62,7.058986,45.946905
62,7.059373,45.946911
62,7.059382,45.946641
62,7.059392,45.946371
62,7.059778,45.946378
62,7.059788,45.946108
62,7.059401,45.946102
62,7.05941,45.945832
62,7.059024,45.945825
62,7.058637,45.945819
62,7.05825,45.945812
62,7.057863,45.945805
62,7.057476,45.945799
62,7.057467,45.946069
62,7.05708,45.946062
62,7.057071,45.946332
62,7.056684,45.946325
62,7.056297,45.946319
62,7.05591,45.946312
62,7.055523,45.946306
62,7.055136,45.946299
62,7.055146,45.946029
62,7.054759,45.946023
62,7.054768,45.945753
62,7.054778,45.945483
62,7.054787,45.945213
62,7.054797,45.944943
62,7.055184,45.94495
62,7.055193,45.94468
62,7.055202,45.94441
62,7.055212,45.94414
62,7.055221,45.94387
62,7.055231,45.9436
62,7.05524,45.943331
62,7.05525,45.943061
62,7.055259,45.942791
62,7.055268,45.942521
62,7.055655,45.942528
62,7.055665,45.942258
62,7.055674,45.941988
62,7.055287,45.941981
62,7.055297,45.941711
62,7.05491,45.941705
62,7.054523,45.941698
62,7.054136,45.941692
62,7.054013,45.94169
62,7.053744,45.941838
62,7.05374,45.941955
62,7.053539,45.941952
62,7.053473,45.94195
62,7.05335,45.942029
62,7.053344,45.942218
62,7.053063,45.942213
62,7.052955,45.942284
62,7.052948,45.942481
62,7.052561,45.942475
62,7.052551,45.942745
62,7.052165,45.942738
62,7.052155,45.943008
62,7.051768,45.943001
62,7.051759,45.943271
62,7.051372,45.943265
62,7.051363,45.943535
62,7.050976,45.943528
62,7.050589,45.943521
62,7.050579,45.943791
62,7.050193,45.943785
62,7.050183,45.944054
62,7.050174,45.944324
62,7.049787,45.944318
62,7.049777,45.944588
62,7.049391,45.944581
62,7.049381,45.944851
62,7.048994,45.944844
62,7.048607,45.944838
62,7.048598,45.945107
62,7.048211,45.945101
62,7.048202,45.945371
62,7.047815,45.945364
62,7.047428,45.945357
62,7.047438,45.945088
62,7.047447,45.944818
62,7.047834,45.944824
62,7.047843,45.944555
62,7.04823,45.944561
62,7.04824,45.944291
62,7.048249,45.944021
62,7.047862,45.944015
62,7.047872,45.943745
62,7.047485,45.943738
62,7.047098,45.943732
62,7.046711,45.943725
62,7.046324,45.943718
62,7.046315,45.943988
62,7.045928,45.943982
62,7.045541,45.943975
62,7.045155,45.943968
62,7.044768,45.943962
62,7.044381,45.943955
62,7.044371,45.944225
62,7.043985,45.944218
62,7.043598,45.944212
62,7.043211,45.944205
62,7.042824,45.944199
62,7.042815,45.944468
62,7.042428,45.944462
62,7.042418,45.944732
62,7.042805,45.944738
62,7.042796,45.945008
62,7.043182,45.945015
62,7.043173,45.945285
62,7.04356,45.945291
62,7.04355,45.945561
62,7.043937,45.945568
62,7.043928,45.945838
62,7.044314,45.945844
62,7.044305,45.946114
62,7.044692,45.946121
62,7.044682,45.946391
62,7.045069,45.946397
62,7.04506,45.946667
62,7.045446,45.946674
62,7.045437,45.946944
62,7.045427,45.947213
62,7.045041,45.947207
62,7.045031,45.947477
62,7.045022,45.947746
62,7.045012,45.948016
62,7.045399,45.948023
62,7.04539,45.948293
62,7.045776,45.948299
62,7.045767,45.948569
62,7.04538,45.948563
62,7.045371,45.948833
62,7.045361,45.949102
62,7.044974,45.949096
62,7.044965,45.949366
62,7.044955,45.949635
62,7.044946,45.949905
62,7.044936,45.950175
62,7.045323,45.950182
62,7.04571,45.950188
62,7.0457,45.950458
62,7.046087,45.950465
62,7.046078,45.950735
62,7.046068,45.951005
62,7.046059,45.951274
62,7.046049,45.951544
62,7.045663,45.951538
62,7.045653,45.951808
62,7.045266,45.951801
62,7.044879,45.951794
62,7.044492,45.951788
62,7.044106,45.951781
62,7.043719,45.951774
62,7.043332,45.951768
62,7.043322,45.952038
62,7.042935,45.952031
62,7.042549,45.952024
62,7.042539,45.952294
62,7.042152,45.952288
62,7.041765,45.952281
62,7.041378,45.952274
62,7.041388,45.952005
62,7.041001,45.951998
62,7.040614,45.951991
62,7.040624,45.951721
62,7.040237,45.951715
62,7.03985,45.951708
62,7.039463,45.951701
62,7.039076,45.951695
62,7.039067,45.951965
62,7.039057,45.952235
62,7.039048,45.952504
62,7.039435,45.952511
62,7.039425,45.952781
62,7.039812,45.952788
62,7.040199,45.952794
62,7.040189,45.953064
62,7.04018,45.953334
62,7.04017,45.953604
62,7.039783,45.953597
62,7.039774,45.953867
62,7.039387,45.95386
62,7.039377,45.95413
62,7.039368,45.9544
62,7.039755,45.954407
62,7.039745,45.954677
62,7.039735,45.954955
62,7.040483,45.955049
62,7.040958,45.955291
62,7.041658,45.955249
62,7.042045,45.955341
63,7.058211,45.953642
63,7.057976,45.953638
63,7.05759,45.953631
63,7.057203,45.953625
63,7.056816,45.953618
63,7.056825,45.953348
63,7.056438,45.953342
63,7.056051,45.953335
63,7.056061,45.953065
63,7.055674,45.953059
63,7.055665,45.953328
63,7.055278,45.953322
63,7.054891,45.953315
63,7.054504,45.953309
63,7.054117,45.953302
63,7.05373,45.953296
63,7.053343,45.953289
63,7.053334,45.953559
63,7.052947,45.953552
63,7.05256,45.953546
63,7.052551,45.953815
63,7.052164,45.953809
63,7.051777,45.953802
63,7.05139,45.953796
63,7.051399,45.953526
63,7.051013,45.953519
63,7.050626,45.953513
63,7.050635,45.953243
63,7.050248,45.953236
63,7.049848,45.95322
63,7.049852,45.953499
63,7.049485,45.953507
63,7.049096,45.953775
63,7.048816,45.953968
63,7.048208,45.954587
63,7.046583,45.955181
63,7.045756,45.955198
63,7.04553,45.955316
63,7.045917,45.955322
63,7.045907,45.955592
63,7.04552,45.955586
63,7.045511,45.955855
63,7.045124,45.955849
63,7.04512,45.95597
63,7.045843,45.95655
63,7.046128,45.95664
63,7.046164,45.956947
63,7.046247,45.956948
63,7.046197,45.957222
63,7.046624,45.957225
63,7.047011,45.957231
63,7.047001,45.957501
63,7.047388,45.957508
63,7.047775,45.957514
63,7.047765,45.957793
63,7.047899,45.957791
63,7.048153,45.957791
63,7.048146,45.957975
63,7.048271,45.958063
63,7.04853,45.958067
63,7.048917,45.958074
63,7.049304,45.95808
63,7.049313,45.95781
63,7.0497,45.957817
63,7.050087,45.957824
63,7.050097,45.957554
63,7.050484,45.95756
63,7.050871,45.957567
63,7.051257,45.957574
63,7.051267,45.957304
63,7.051654,45.95731
63,7.051663,45.957041
63,7.05205,45.957047
63,7.05206,45.956777
63,7.052447,45.956784
63,7.052456,45.956514
63,7.052843,45.956521
63,7.052852,45.956251
63,7.053239,45.956257
63,7.053626,45.956264
63,7.053617,45.956534
63,7.054004,45.95654
63,7.054391,45.956547
63,7.0544,45.956277
63,7.054787,45.956284
63,7.055174,45.95629
63,7.055164,45.95656
63,7.055551,45.956567
63,7.055542,45.956837
63,7.055532,45.957106
63,7.055919,45.957113
63,7.05591,45.957383
63,7.0559,45.957653
63,7.056287,45.957659
63,7.056278,45.957929
63,7.056665,45.957936
63,7.057052,45.957942
63,7.057439,45.957949
63,7.057826,45.957956
63,7.057835,45.957686
63,7.058222,45.957692
63,7.058609,45.957699
63,7.058618,45.957429
63,7.059005,45.957436
63,7.059015,45.957166
63,7.059024,45.956896
63,7.059033,45.956626
63,7.058946,45.956624
63,7.059022,45.956446
63,7.059106,45.956249
63,7.059447,45.955446
63,7.060194,45.954392
63,7.059985,45.953917
63,7.060122,45.953324
63,7.060079,45.95298
63,7.059428,45.952855
63,7.058825,45.952921
63,7.058635,45.953455
63,7.058211,45.953642
64,7.069281,45.95923
64,7.069017,45.95977
64,7.068988,45.959832
64,7.068981,45.960035
64,7.068971,45.960305
64,7.068962,45.960574
64,7.068953,45.960844
64,7.068943,45.961114
64,7.06933,45.961121
64,7.069321,45.961391
64,7.069311,45.96166
64,7.068924,45.961654
64,7.068915,45.961924
64,7.068528,45.961917
64,7.068537,45.961647
64,7.068151,45.961641
64,7.06816,45.961371
64,7.067773,45.961364
64,7.067386,45.961358
64,7.067395,45.961088
64,7.067008,45.961081
64,7.066622,45.961075
64,7.066235,45.961068
64,7.065848,45.961062
64,7.065461,45.961055
64,7.065068,45.96104
64,7.065064,45.961319
64,7.064677,45.961312
64,7.064668,45.961582
64,7.064281,45.961575
64,7.064272,45.961845
64,7.063885,45.961839
64,7.063498,45.961832
64,7.063111,45.961825
64,7.06312,45.961556
64,7.062733,45.961549
64,7.062743,45.961279
64,7.062356,45.961273
64,7.061969,45.961266
64,7.061978,45.960996
64,7.061591,45.96099
64,7.061204,45.960983
64,7.060817,45.960977
64,7.060827,45.960707
64,7.06044,45.9607
64,7.060449,45.96043
64,7.060062,45.960424
64,7.060072,45.960154
64,7.060081,45.959884
64,7.059694,45.959877
64,7.059704,45.959608
64,7.059317,45.959601
64,7.05893,45.959594
64,7.058543,45.959588
64,7.058533,45.959858
64,7.058147,45.959851
64,7.058137,45.960121
64,7.05775,45.960114
64,7.057741,45.960384
64,7.058128,45.960391
64,7.058118,45.960661
64,7.058109,45.960931
64,7.058099,45.9612
64,7.05809,45.96147
64,7.05811,45.961714
64,7.058168,45.961742
64,7.058467,45.961747
64,7.058854,45.961753
64,7.058845,45.962023
64,7.059232,45.96203
64,7.059619,45.962036
64,7.060006,45.962043
64,7.059996,45.962313
64,7.060383,45.962319
64,7.060374,45.962589
64,7.060761,45.962596
64,7.061148,45.962602
64,7.061138,45.962872
64,7.061525,45.962879
64,7.061482,45.963184
64,7.061903,45.963155
64,7.06229,45.963162
64,7.062677,45.963168
64,7.063064,45.963175
64,7.063054,45.963445
64,7.063441,45.963451
64,7.063828,45.963458
64,7.064215,45.963464
64,7.064602,45.963471
64,7.064989,45.963477
64,7.065376,45.963484
64,7.065763,45.963491
64,7.06615,45.963497
64,7.066537,45.963504
64,7.066924,45.96351
64,7.067311,45.963517
64,7.067302,45.963787
64,7.067292,45.964056
64,7.066905,45.96405
64,7.066518,45.964043
64,7.066131,45.964037
64,7.065744,45.96403
64,7.065735,45.9643
64,7.065348,45.964294
64,7.065339,45.964563
64,7.065329,45.964833
64,7.06532,45.965103
64,7.06531,45.965373
64,7.065697,45.96538
64,7.065688,45.965649
64,7.066075,45.965656
64,7.066065,45.965926
64,7.066452,45.965932
64,7.066839,45.965939
64,7.06683,45.966209
64,7.067217,45.966215
64,7.067208,45.966485
64,7.067595,45.966492
64,7.067585,45.966762
64,7.067972,45.966768
64,7.068359,45.966775
64,7.068746,45.966781
64,7.068756,45.966511
64,7.068765,45.966241
64,7.069152,45.966248
64,7.069539,45.966255
64,7.069548,45.965985
64,7.069935,45.965991
64,7.070322,45.965998
64,7.070332,45.965728
64,7.070341,45.965458
64,7.070728,45.965465
64,7.070737,45.965195
64,7.070747,45.964925
64,7.071134,45.964931
64,7.071521,45.964938
64,7.07153,45.964668
64,7.071917,45.964675
64,7.072304,45.964681
64,7.072313,45.964411
64,7.072323,45.964141
64,7.07271,45.964148
64,7.072719,45.963878
64,7.072728,45.963608
64,7.072341,45.963602
64,7.071954,45.963595
64,7.071964,45.963325
64,7.071973,45.963055
64,7.07236,45.963062
64,7.072369,45.962792
64,7.072379,45.962522
64,7.072388,45.962252
64,7.072001,45.962246
64,7.071614,45.962239
64,7.071227,45.962233
64,7.07084,45.962226
64,7.070453,45.96222
64,7.070463,45.96195
64,7.070472,45.96168
64,7.070859,45.961687
64,7.071246,45.961693
64,7.071633,45.9617
64,7.07202,45.961706
64,7.072407,45.961713
64,7.072794,45.961719
64,7.073181,45.961726
64,7.073171,45.961996
64,7.073558,45.962002
64,7.073549,45.962272
64,7.07354,45.962542
64,7.07353,45.962812
64,7.073917,45.962818
64,7.073908,45.963088
64,7.074295,45.963095
64,7.074682,45.963101
64,7.074673,45.963371
64,7.075059,45.963378
64,7.075446,45.963384
64,7.075833,45.963391
64,7.075824,45.96366
64,7.075815,45.96393
64,7.076202,45.963937
64,7.076192,45.964207
64,7.076579,45.964213
64,7.076966,45.96422
64,7.077353,45.964226
64,7.077363,45.963956
64,7.077372,45.963686
64,7.077381,45.963417
64,7.077391,45.963147
64,7.0774,45.962877
64,7.077787,45.962883
64,7.077796,45.962614
64,7.077806,45.962344
64,7.077815,45.962074
64,7.077428,45.962067
64,7.077437,45.961797
64,7.07705,45.961791
64,7.076663,45.961784
64,7.076673,45.961515
64,7.076286,45.961508
64,7.075899,45.961502
64,7.075908,45.961232
64,7.075918,45.960962
64,7.075531,45.960955
64,7.07554,45.960685
64,7.075153,45.960679
64,7.075162,45.960409
64,7.075172,45.960139
64,7.075181,45.959869
64,7.074794,45.959863
64,7.074803,45.959593
64,7.074416,45.959586
64,7.07403,45.95958
64,7.074039,45.95931
64,7.073652,45.959304
64,7.073661,45.959034
64,7.073274,45.959027
64,7.073284,45.958757
64,7.072897,45.958751
64,7.07251,45.958744
64,7.072501,45.959014
64,7.072114,45.959008
64,7.071727,45.959001
64,7.07134,45.958995
64,7.070953,45.958988
64,7.070566,45.958981
64,7.070179,45.958975
64,7.069792,45.958968
64,7.069445,45.958967
64,7.0694,45.959115
64,7.069396,45.959232
64,7.069281,45.95923
65,7.06412,45.955092
65,7.063733,45.955086
65,7.063723,45.955355
65,7.063337,45.955349
65,7.063327,45.955619
65,7.06294,45.955612
65,7.062931,45.955882
65,7.062921,45.956152
65,7.062912,45.956422
65,7.062903,45.956692
65,7.06329,45.956698
65,7.06328,45.956968
65,7.063667,45.956975
65,7.063658,45.957244
65,7.064045,45.957251
65,7.064035,45.957521
65,7.064422,45.957527
65,7.064413,45.957797
65,7.0648,45.957804
65,7.06479,45.958074
65,7.065177,45.95808
65,7.065168,45.95835
65,7.065555,45.958357
65,7.065545,45.958627
65,7.065158,45.95862
65,7.065149,45.95889
65,7.064762,45.958883
65,7.064375,45.958877
65,7.064366,45.959147
65,7.063979,45.95914
65,7.063592,45.959133
65,7.063205,45.959127
65,7.062818,45.95912
65,7.062431,45.959114
65,7.062422,45.959384
65,7.062035,45.959377
65,7.062025,45.959647
65,7.062016,45.959917
65,7.062006,45.960187
65,7.062393,45.960193
65,7.062384,45.960463
65,7.062771,45.96047
65,7.063158,45.960476
65,7.063545,45.960483
65,7.063932,45.960489
65,7.064319,45.960496
65,7.064328,45.960226
65,7.064337,45.959956
65,7.064347,45.959686
65,7.064734,45.959693
65,7.065121,45.959699
65,7.065508,45.959706
65,7.065517,45.959436
65,7.065904,45.959443
65,7.065913,45.959173
65,7.0663,45.959179
65,7.06631,45.958909
65,7.066697,45.958916
65,7.067084,45.958923
65,7.06747,45.958929
65,7.06748,45.958659
65,7.067489,45.958389
65,7.067102,45.958383
65,7.067112,45.958113
65,7.066725,45.958106
65,7.066734,45.957837
65,7.067121,45.957843
65,7.06713,45.957573
65,7.067517,45.95758
65,7.067527,45.95731
65,7.067914,45.957317
65,7.068301,45.957323
65,7.068688,45.95733
65,7.068697,45.95706
65,7.069084,45.957066
65,7.069471,45.957073
65,7.069858,45.957079
65,7.070245,45.957086
65,7.070631,45.957092
65,7.070622,45.957362
65,7.071009,45.957369
65,7.071396,45.957375
65,7.071405,45.957106
65,7.071792,45.957112
65,7.071802,45.956842
65,7.072189,45.956849
65,7.072198,45.956579
65,7.072585,45.956585
65,7.072594,45.956316
65,7.072604,45.956046
65,7.072613,45.955776
65,7.072622,45.955506
65,7.072632,45.955236
65,7.073018,45.955243
65,7.073028,45.954973
65,7.073415,45.954979
65,7.073424,45.954709
65,7.073811,45.954716
65,7.074198,45.954722
65,7.074207,45.954453
65,7.074594,45.954459
65,7.074604,45.954189
65,7.07499,45.954196
65,7.075,45.953926
65,7.075387,45.953932
65,7.075396,45.953663
65,7.075405,45.953393
65,7.075415,45.953123
65,7.075424,45.952853
65,7.075037,45.952846
65,7.075046,45.952577
65,7.07466,45.95257
65,7.074669,45.9523
65,7.074282,45.952294
65,7.074291,45.952024
65,7.073905,45.952017
65,7.073839,45.952016
65,7.073564,45.951646
65,7.07325,45.951375
65,7.073413,45.951263
65,7.073534,45.950922
65,7.073104,45.950695
65,7.072007,45.950858
65,7.071404,45.950924
65,7.070987,45.951158
65,7.070838,45.951156
65,7.070451,45.951149
65,7.070064,45.951142
65,7.070054,45.951412
65,7.069668,45.951406
65,7.069658,45.951676
65,7.069271,45.951669
65,7.069262,45.951939
65,7.068875,45.951932
65,7.068866,45.952202
65,7.068856,45.952472
65,7.068469,45.952466
65,7.06846,45.952735
65,7.068451,45.953005
65,7.068441,45.953275
65,7.068432,45.953545
65,7.068045,45.953539
65,7.068036,45.953808
65,7.068026,45.954078
65,7.068017,45.954348
65,7.068008,45.954618
65,7.067998,45.954888
65,7.067989,45.955158
65,7.067602,45.955151
65,7.067592,45.955421
65,7.067206,45.955414
65,7.067196,45.955684
65,7.066809,45.955678
65,7.0668,45.955948
65,7.066413,45.955941
65,7.066026,45.955935
65,7.065639,45.955928
65,7.065322,45.955923
65,7.065618,45.955513
65,7.065575,45.955139
65,7.064879,45.954776
65,7.064208,45.955094
65,7.06412,45.955092
66,7.081778,45.95944
66,7.081391,45.959434
66,7.081004,45.959427
66,7.080617,45.959421
66,7.080607,45.959691
66,7.080221,45.959684
66,7.080211,45.959954
66,7.079824,45.959948
66,7.079815,45.960217
66,7.079806,45.960487
66,7.079796,45.960757
66,7.080183,45.960764
66,7.080174,45.961033
66,7.080561,45.96104
66,7.080948,45.961046
66,7.080938,45.961316
66,7.081325,45.961323
66,7.081316,45.961593
66,7.081703,45.961599
66,7.081712,45.961329
66,7.081722,45.961059
66,7.081731,45.96079
66,7.081344,45.960783
66,7.081353,45.960513
66,7.08174,45.96052
66,7.08175,45.96025
66,7.081759,45.95998
66,7.082146,45.959987
66,7.082155,45.959717
66,7.081768,45.95971
66,7.081778,45.95944
67,7.07559,45.970407
67,7.075203,45.9704
67,7.074816,45.970394
67,7.074429,45.970387
67,7.07442,45.970657
67,7.074033,45.970651
67,7.073646,45.970644
67,7.073259,45.970638
67,7.07325,45.970908
67,7.072863,45.970901
67,7.072476,45.970894
67,7.072466,45.971164
67,7.072079,45.971158
67,7.07207,45.971428
67,7.07206,45.971697
67,7.072447,45.971704
67,7.072438,45.971974
67,7.072825,45.97198
67,7.072816,45.97225
67,7.073203,45.972257
67,7.07359,45.972263
67,7.073977,45.97227
67,7.073967,45.97254
67,7.073958,45.97281
67,7.074345,45.972816
67,7.074336,45.973086
67,7.074723,45.973092
67,7.074732,45.972823
67,7.075119,45.972829
67,7.075129,45.972559
67,7.075516,45.972566
67,7.075525,45.972296
67,7.075534,45.972026
67,7.075921,45.972033
67,7.075931,45.971763
67,7.07594,45.971493
67,7.075949,45.971223
67,7.075959,45.970953
67,7.075968,45.970683
67,7.075581,45.970677
67,7.07559,45.970407
68,7.070219,45.968966
68,7.069832,45.96896
68,7.069445,45.968953
68,7.069058,45.968947
68,7.068671,45.96894
68,7.068662,45.96921
68,7.068652,45.96948
68,7.068265,45.969473
68,7.068256,45.969743
68,7.068247,45.970013
68,7.068237,45.970283
68,7.068624,45.970289
68,7.068615,45.970559
68,7.068605,45.970829
68,7.068596,45.971099
68,7.068587,45.971369
68,7.068577,45.971639
68,7.068568,45.971909
68,7.068955,45.971915
68,7.068946,45.972185
68,7.069333,45.972191
68,7.06972,45.972198
68,7.070107,45.972205
68,7.070494,45.972211
68,7.070503,45.971941
68,7.07089,45.971948
68,7.070899,45.971678
68,7.070909,45.971408
68,7.071296,45.971415
68,7.071305,45.971145
68,7.071315,45.970875
68,7.071324,45.970605
68,7.071711,45.970612
68,7.07172,45.970342
68,7.072107,45.970348
68,7.072117,45.970078
68,7.072126,45.969808
68,7.072135,45.969539
68,7.071748,45.969532
68,7.071758,45.969262
68,7.071371,45.969256
68,7.071361,45.969526
68,7.070974,45.969519
68,7.070984,45.969249
68,7.070597,45.969243
68,7.07021,45.969236
68,7.070219,45.968966
69,7.062094,45.99097
69,7.061707,45.990963
69,7.06132,45.990957
69,7.06131,45.991227
69,7.061301,45.991497
69,7.061291,45.991766
69,7.061282,45.992036
69,7.061669,45.992043
69,7.06166,45.992313
69,7.062047,45.992319
69,7.062038,45.992589
69,7.062425,45.992596
69,7.062812,45.992602
69,7.062802,45.992872
69,7.06319,45.992879
69,7.06318,45.993149
69,7.063171,45.993418
69,7.063161,45.993688
69,7.063152,45.993958
69,7.063143,45.994228
69,7.06353,45.994235
69,7.063917,45.994241
69,7.064304,45.994248
69,7.064313,45.993978
69,7.064701,45.993984
69,7.065088,45.993991
69,7.065097,45.993721
69,7.065107,45.993451
69,7.065116,45.993181
69,7.064729,45.993175
69,7.064738,45.992905
69,7.064351,45.992898
69,7.06436,45.992629
69,7.06437,45.992359
69,7.064379,45.992089
69,7.063992,45.992082
69,7.064002,45.991812
69,7.063614,45.991806
69,7.063227,45.991799
69,7.063237,45.991529
69,7.06285,45.991523
69,7.062859,45.991253
69,7.062472,45.991246
69,7.062085,45.99124
69,7.062094,45.99097
70,7.047895,45.992618
70,7.04809,45.992622
70,7.048477,45.992628
70,7.048865,45.992635
70,7.049252,45.992642
70,7.049639,45.992648
70,7.050026,45.992655
70,7.050036,45.992385
70,7.050423,45.992392
70,7.05081,45.992398
70,7.050819,45.992128
70,7.051207,45.992135
70,7.051216,45.991865
70,7.051603,45.991872
70,7.051613,45.991602
70,7.051622,45.991332
70,7.051632,45.991062
70,7.052019,45.991069
70,7.052028,45.990799
70,7.052415,45.990805
70,7.052425,45.990536
70,7.052812,45.990542
70,7.052821,45.990272
70,7.052831,45.990002
70,7.053218,45.990009
70,7.053227,45.989739
70,7.053237,45.989469
70,7.053246,45.9892
70,7.053256,45.98893
70,7.053265,45.98866
70,7.053275,45.98839
70,7.053284,45.98812
70,7.053294,45.98785
70,7.053303,45.98758
70,7.053313,45.987311
70,7.053322,45.987041
70,7.053332,45.986771
70,7.053341,45.986501
70,7.053351,45.986231
70,7.053738,45.986238
70,7.053747,45.985968
70,7.053757,45.985698
70,7.054144,45.985705
70,7.054153,45.985435
70,7.053766,45.985428
70,7.053775,45.985158
70,7.053388,45.985152
70,7.053379,45.985422
70,7.052992,45.985415
70,7.052605,45.985408
70,7.052218,45.985402
70,7.05183,45.985395
70,7.051821,45.985665
70,7.051434,45.985658
70,7.051047,45.985652
70,7.05066,45.985645
70,7.05065,45.985915
70,7.050263,45.985908
70,7.049876,45.985902
70,7.049489,45.985895
70,7.049102,45.985889
70,7.048719,45.985887
70,7.048043,45.986402
70,7.046603,45.987826
70,7.046236,45.98791
70,7.045791,45.987911
70,7.045547,45.987844
70,7.045542,45.987988
70,7.045929,45.987995
70,7.045919,45.988264
70,7.04591,45.988534
70,7.0459,45.988804
70,7.045891,45.989074
70,7.045504,45.989067
70,7.045494,45.989337
70,7.045489,45.989495
70,7.045544,45.98959
70,7.045872,45.989614
70,7.045861,45.989915
70,7.046126,45.990158
70,7.04624,45.99016
70,7.046237,45.990259
70,7.046315,45.990332
70,7.046565,45.990886
70,7.046647,45.991517
70,7.046967,45.991522
70,7.046931,45.991805
70,7.047344,45.991799
70,7.047335,45.992069
70,7.047332,45.992145
70,7.047567,45.992343
70,7.047713,45.992345
70,7.047709,45.992462
70,7.047895,45.992618
71,7.045547,45.987844
71,7.045791,45.987911
71,7.046236,45.98791
71,7.046603,45.987826
71,7.048043,45.986402
71,7.048719,45.985887
71,7.048724,45.985612
71,7.048337,45.985606
71,7.048346,45.985336
71,7.048356,45.985066
71,7.048365,45.984796
71,7.048753,45.984803
71,7.048762,45.984533
71,7.048772,45.984263
71,7.049159,45.984269
71,7.049168,45.984
71,7.048781,45.983993
71,7.048791,45.983723
71,7.048403,45.983717
71,7.048016,45.98371
71,7.047629,45.983703
71,7.04762,45.983973
71,7.047233,45.983967
71,7.047223,45.984236
71,7.047214,45.984506
71,7.047204,45.984776
71,7.047195,45.985046
71,7.047185,45.985316
71,7.046798,45.985309
71,7.046789,45.985579
71,7.046401,45.985572
71,7.046411,45.985303
71,7.046024,45.985296
71,7.046033,45.985026
71,7.045646,45.98502
71,7.045259,45.985013
71,7.04525,45.985283
71,7.044863,45.985276
71,7.044475,45.985269
71,7.044485,45.985
71,7.044098,45.984993
71,7.043711,45.984986
71,7.043324,45.98498
71,7.043314,45.98525
71,7.043305,45.985519
71,7.043295,45.985789
71,7.043682,45.985796
71,7.043633,45.986061
71,7.04406,45.986072
71,7.04405,45.986342
71,7.044047,45.986428
71,7.04445,45.986529
71,7.044635,45.986622
71,7.044815,45.986625
71,7.045202,45.986632
71,7.045193,45.986902
71,7.04558,45.986908
71,7.04557,45.987178
71,7.045561,45.987448
71,7.045551,45.987718
71,7.045547,45.987844
72,7.033515,45.979681
72,7.033828,45.979686
72,7.033818,45.979956
72,7.033382,45.979935
72,7.033389,45.979985
72,7.033421,45.980219
72,7.033412,45.980489
72,7.033402,45.980759
72,7.033789,45.980766
72,7.034176,45.980772
72,7.034167,45.981042
72,7.034554,45.981049
72,7.034544,45.981319
72,7.034932,45.981326
72,7.034922,45.981595
72,7.035309,45.981602
72,7.035696,45.981609
72,7.036083,45.981615
72,7.036074,45.981885
72,7.036461,45.981892
72,7.036848,45.981898
72,7.036857,45.981629
72,7.037244,45.981635
72,7.037254,45.981365
72,7.037641,45.981372
72,7.037651,45.981102
72,7.03766,45.980832
72,7.03767,45.980563
72,7.037679,45.980293
72,7.037689,45.980023
72,7.038076,45.980029
72,7.038085,45.97976
72,7.038472,45.979766
72,7.038859,45.979773
72,7.038869,45.979503
72,7.039256,45.97951
72,7.039266,45.97924
72,7.039653,45.979246
72,7.04004,45.979253
72,7.040049,45.978983
72,7.040436,45.97899
72,7.040446,45.97872
72,7.040833,45.978727
72,7.040842,45.978457
72,7.041229,45.978463
72,7.041239,45.978194
72,7.041249,45.977924
72,7.040861,45.977917
72,7.040871,45.977647
72,7.040484,45.977641
72,7.040097,45.977634
72,7.03971,45.977627
72,7.039323,45.977621
72,7.039313,45.977891
72,7.038926,45.977884
72,7.038917,45.978154
72,7.03853,45.978147
72,7.03852,45.978417
72,7.038133,45.97841
72,7.037746,45.978404
72,7.037359,45.978397
72,7.037368,45.978127
72,7.036981,45.978121
72,7.036594,45.978114
72,7.036207,45.978107
72,7.03582,45.978101
72,7.035433,45.978094
72,7.035046,45.978087
72,7.035037,45.978357
72,7.03465,45.97835
72,7.034521,45.978348
72,7.034224,45.978672
72,7.033919,45.979035
72,7.033662,45.9794
72,7.033515,45.979681
73,7.079668,45.986882
73,7.079455,45.986673
73,7.079293,45.986513
73,7.079176,45.986398
73,7.078503,45.985736
73,7.075576,45.983439
73,7.072939,45.982251
73,7.068971,45.98005
73,7.06737,45.978956
73,7.065337,45.976141
73,7.063979,45.97455
73,7.062486,45.973273
73,7.061562,45.972931
73,7.061564,45.97287
73,7.061573,45.9726
73,7.061186,45.972594
73,7.061196,45.972324
73,7.061205,45.972054
73,7.061592,45.97206
73,7.061602,45.971791
73,7.061611,45.971521
73,7.06162,45.971251
73,7.062007,45.971257
73,7.062017,45.970988
73,7.062026,45.970718
73,7.062413,45.970724
73,7.062423,45.970454
73,7.06281,45.970461
73,7.062819,45.970191
73,7.062829,45.969921
73,7.063216,45.969928
73,7.063225,45.969658
73,7.063612,45.969664
73,7.063621,45.969395
73,7.064008,45.969401
73,7.064018,45.969131
73,7.064405,45.969138
73,7.064414,45.968868
73,7.064801,45.968875
73,7.065188,45.968881
73,7.065198,45.968611
73,7.065585,45.968618
73,7.065594,45.968348
73,7.065981,45.968355
73,7.06599,45.968085
73,7.066,45.967815
73,7.066009,45.967545
73,7.066019,45.967275
73,7.066028,45.967005
73,7.065641,45.966999
73,7.06565,45.966729
73,7.06566,45.966459
73,7.065273,45.966452
73,7.064886,45.966446
73,7.064499,45.966439
73,7.064112,45.966433
73,7.064102,45.966703
73,7.064093,45.966972
73,7.064084,45.967242
73,7.064074,45.967512
73,7.064065,45.967782
73,7.064452,45.967789
73,7.064442,45.968058
73,7.064433,45.968328
73,7.064046,45.968322
73,7.064037,45.968592
73,7.06365,45.968585
73,7.063263,45.968578
73,7.062876,45.968572
73,7.062885,45.968302
73,7.062894,45.968032
73,7.062904,45.967762
73,7.062913,45.967493
73,7.062923,45.967223
73,7.062536,45.967216
73,7.062545,45.966946
73,7.062158,45.96694
73,7.062167,45.96667
73,7.062554,45.966676
73,7.062564,45.966407
73,7.062573,45.966137
73,7.06296,45.966143
73,7.06297,45.965873
73,7.062979,45.965604
73,7.062988,45.965334
73,7.063375,45.96534
73,7.063385,45.96507
73,7.063772,45.965077
73,7.063781,45.964807
73,7.064168,45.964814
73,7.064178,45.964544
73,7.064187,45.964274
73,7.0638,45.964267
73,7.063809,45.963997
73,7.063423,45.963991
73,7.063036,45.963984
73,7.062649,45.963978
73,7.062262,45.963971
73,7.062271,45.963701
73,7.061884,45.963695
73,7.061893,45.963425
73,7.061507,45.963418
73,7.06112,45.963412
73,7.060733,45.963405
73,7.060346,45.963399
73,7.059959,45.963392
73,7.059968,45.963122
73,7.059581,45.963116
73,7.059194,45.963109
73,7.058807,45.963103
73,7.05842,45.963096
73,7.05843,45.962826
73,7.058043,45.96282
73,7.058052,45.96255
73,7.057665,45.962543
73,7.057278,45.962537
73,7.056891,45.96253
73,7.056901,45.96226
73,7.056514,45.962253
73,7.056523,45.961984
73,7.056136,45.961977
73,7.056146,45.961707
73,7.055759,45.961701
73,7.055372,45.961694
73,7.054985,45.961687
73,7.054994,45.961418
73,7.054607,45.961411
73,7.054617,45.961141
73,7.05423,45.961135
73,7.053843,45.961128
73,7.053852,45.960858
73,7.053466,45.960852
73,7.053475,45.960582
73,7.053484,45.960312
73,7.053871,45.960318
73,7.053881,45.960049
73,7.054268,45.960055
73,7.054277,45.959785
73,7.054664,45.959792
73,7.054674,45.959522
73,7.054683,45.959252
73,7.05507,45.959259
73,7.055079,45.958989
73,7.055089,45.958719
73,7.054702,45.958712
73,7.054711,45.958443
73,7.054324,45.958436
73,7.053938,45.958429
73,7.053947,45.95816
73,7.05356,45.958153
73,7.053173,45.958146
73,7.052786,45.95814
73,7.052796,45.95787
73,7.052409,45.957863
73,7.052022,45.957857
73,7.051635,45.95785
73,7.051625,45.95812
73,7.051239,45.958113
73,7.050852,45.958107
73,7.050465,45.9581
73,7.050455,45.95837
73,7.050068,45.958363
73,7.049681,45.958357
73,7.049294,45.95835
73,7.048908,45.958344
73,7.048898,45.958613
73,7.048511,45.958607
73,7.048502,45.958877
73,7.048492,45.959147
73,7.048483,45.959416
73,7.04887,45.959423
73,7.04886,45.959693
73,7.049247,45.959699
73,7.049238,45.959969
73,7.048851,45.959963
73,7.048841,45.960233
73,7.048454,45.960226
73,7.048445,45.960496
73,7.048058,45.960489
73,7.048067,45.960219
73,7.04768,45.960213
73,7.047293,45.960206
73,7.046907,45.9602
73,7.04652,45.960193
73,7.046133,45.960186
73,7.045746,45.96018
73,7.045359,45.960173
73,7.044972,45.960166
73,7.044585,45.96016
73,7.044575,45.96043
73,7.044189,45.960423
73,7.044198,45.960153
73,7.044208,45.959883
73,7.043821,45.959877
73,7.04383,45.959607
73,7.04384,45.959337
73,7.043849,45.959067
73,7.043462,45.959061
73,7.043472,45.958791
73,7.043481,45.958521
73,7.043868,45.958527
73,7.043878,45.958258
73,7.043887,45.957988
73,7.043897,45.957718
73,7.04351,45.957711
73,7.043519,45.957441
73,7.043529,45.957172
73,7.043538,45.956902
73,7.043925,45.956908
73,7.043935,45.956638
73,7.043548,45.956632
73,7.043557,45.956362
73,7.043567,45.956092
73,7.043576,45.955822
73,7.043189,45.955816
73,7.042802,45.955809
73,7.042415,45.955802
73,7.042425,45.955533
73,7.042038,45.955526
73,7.042045,45.955341
73,7.041658,45.955249
73,7.040958,45.955291
73,7.040483,45.955049
73,7.039735,45.954955
73,7.039726,45.955216
73,7.039717,45.955486
73,7.039707,45.955756
73,7.039698,45.956026
73,7.039311,45.956019
73,7.039301,45.956289
73,7.039292,45.956559
73,7.039282,45.956829
73,7.039273,45.957099
73,7.039263,45.957368
73,7.039254,45.957638
73,7.039244,45.957908
73,7.038857,45.957901
73,7.038867,45.957632
73,7.03848,45.957625
73,7.038093,45.957618
73,7.037706,45.957612
73,7.037696,45.957882
73,7.03731,45.957875
73,7.0373,45.958145
73,7.03729,45.958415
73,7.036904,45.958408
73,7.036894,45.958678
73,7.036507,45.958671
73,7.036498,45.958941
73,7.036111,45.958934
73,7.03612,45.958665
73,7.035733,45.958658
73,7.035743,45.958388
73,7.035356,45.958381
73,7.034969,45.958375
73,7.034582,45.958368
73,7.034592,45.958098
73,7.034205,45.958092
73,7.034214,45.957822
73,7.033827,45.957815
73,7.033837,45.957545
73,7.033846,45.957275
73,7.03346,45.957269
73,7.033469,45.956999
73,7.033082,45.956992
73,7.032695,45.956985
73,7.032308,45.956979
73,7.032299,45.957249
73,7.031912,45.957242
73,7.031902,45.957512
73,7.031515,45.957505
73,7.031128,45.957499
73,7.030742,45.957492
73,7.030751,45.957222
73,7.030364,45.957215
73,7.029977,45.957209
73,7.029968,45.957479
73,7.029581,45.957472
73,7.029571,45.957742
73,7.029562,45.958012
73,7.029949,45.958018
73,7.029939,45.958288
73,7.030326,45.958295
73,7.030316,45.958565
73,7.030703,45.958571
73,7.03109,45.958578
73,7.031081,45.958848
73,7.031468,45.958854
73,7.031477,45.958585
73,7.031864,45.958591
73,7.032251,45.958598
73,7.032261,45.958328
73,7.032647,45.958335
73,7.033034,45.958341
73,7.033421,45.958348
73,7.033808,45.958355
73,7.033799,45.958625
73,7.033789,45.958894
73,7.033402,45.958888
73,7.033393,45.959158
73,7.033383,45.959427
73,7.032996,45.959421
73,7.032609,45.959414
73,7.032222,45.959407
73,7.032232,45.959138
73,7.031845,45.959131
73,7.031458,45.959124
73,7.031071,45.959118
73,7.031062,45.959387
73,7.030675,45.959381
73,7.030288,45.959374
73,7.029901,45.959367
73,7.029891,45.959637
73,7.029504,45.959631
73,7.029495,45.959901
73,7.029108,45.959894
73,7.029098,45.960164
73,7.028711,45.960157
73,7.028702,45.960427
73,7.028315,45.96042
73,7.028305,45.96069
73,7.027918,45.960683
73,7.027909,45.960953
73,7.027899,45.961223
73,7.027512,45.961216
73,7.027503,45.961486
73,7.027493,45.961756
73,7.027483,45.962026
73,7.02787,45.962033
73,7.027861,45.962302
73,7.028248,45.962309
73,7.028635,45.962316
73,7.028625,45.962586
73,7.029012,45.962592
73,7.029003,45.962862
73,7.029389,45.962869
73,7.02938,45.963139
73,7.02937,45.963409
73,7.029757,45.963415
73,7.029748,45.963685
73,7.030135,45.963692
73,7.030125,45.963962
73,7.030512,45.963968
73,7.030502,45.964238
73,7.030493,45.964508
73,7.03088,45.964515
73,7.03087,45.964785
73,7.030861,45.965054
73,7.030851,45.965324
73,7.030464,45.965318
73,7.030455,45.965587
73,7.030445,45.965857
73,7.030436,45.966127
73,7.030049,45.96612
73,7.030039,45.96639
73,7.029652,45.966384
73,7.029265,45.966377
73,7.029255,45.966647
73,7.028868,45.96664
73,7.028482,45.966633
73,7.028095,45.966627
73,7.028104,45.966357
73,7.028114,45.966087
73,7.027727,45.96608
73,7.02734,45.966074
73,7.027349,45.965804
73,7.027359,45.965534
73,7.027368,45.965264
73,7.026982,45.965257
73,7.026991,45.964988
73,7.026604,45.964981
73,7.026217,45.964974
73,7.026227,45.964704
73,7.02584,45.964698
73,7.025849,45.964428
73,7.025859,45.964158
73,7.025472,45.964151
73,7.025085,45.964145
73,7.025095,45.963875
73,7.024708,45.963868
73,7.024321,45.963861
73,7.024311,45.964131
73,7.023924,45.964125
73,7.023915,45.964394
73,7.023528,45.964388
73,7.023141,45.964381
73,7.02315,45.964111
73,7.02316,45.963841
73,7.023037,45.963839
73,7.022993,45.963604
73,7.022459,45.963252
73,7.02215,45.962713
73,7.021732,45.962172
73,7.021293,45.962241
73,7.020946,45.962768
73,7.021249,45.963459
73,7.022056,45.963816
73,7.022178,45.964094
73,7.021989,45.964091
73,7.02198,45.964361
73,7.02197,45.964631
73,7.021961,45.964901
73,7.021574,45.964894
73,7.021564,45.965164
73,7.021177,45.965157
73,7.02079,45.96515
73,7.020781,45.96542
73,7.020394,45.965414
73,7.020403,45.965144
73,7.020016,45.965137
73,7.020026,45.964867
73,7.019639,45.96486
73,7.019648,45.964591
73,7.019658,45.964321
73,7.020045,45.964327
73,7.020055,45.964058
73,7.020064,45.963788
73,7.019677,45.963781
73,7.019687,45.963511
73,7.019697,45.963241
73,7.019706,45.962971
73,7.019716,45.962702
73,7.020103,45.962708
73,7.020112,45.962438
73,7.020122,45.962169
73,7.020509,45.962175
73,7.020519,45.961905
73,7.020528,45.961636
73,7.020538,45.961366
73,7.020547,45.961096
73,7.02016,45.961089
73,7.02017,45.960819
73,7.019783,45.960813
73,7.019793,45.960543
73,7.019802,45.960273
73,7.019415,45.960266
73,7.019425,45.959996
73,7.019038,45.95999
73,7.019048,45.95972
73,7.018661,45.959713
73,7.01867,45.959443
73,7.018284,45.959437
73,7.017977,45.959431
73,7.017892,45.959551
73,7.017887,45.9597
73,7.018274,45.959706
73,7.018264,45.959976
73,7.018255,45.960246
73,7.018245,45.960516
73,7.017858,45.960509
73,7.017471,45.960503
73,7.017462,45.960772
73,7.017075,45.960766
73,7.017065,45.961036
73,7.016678,45.961029
73,7.016668,45.961299
73,7.016282,45.961292
73,7.016272,45.961562
73,7.016262,45.961832
73,7.015875,45.961825
73,7.015866,45.962095
73,7.015856,45.962365
73,7.015846,45.962634
73,7.015837,45.962904
73,7.015827,45.963174
73,7.015817,45.963444
73,7.016204,45.963451
73,7.016195,45.963721
73,7.016185,45.96399
73,7.015798,45.963984
73,7.015789,45.964254
73,7.015402,45.964247
73,7.015411,45.963977
73,7.015024,45.96397
73,7.014637,45.963964
73,7.014628,45.964233
73,7.014241,45.964227
73,7.014231,45.964497
73,7.013844,45.96449
73,7.013835,45.96476
73,7.013825,45.965029
73,7.013815,45.965299
73,7.013428,45.965293
73,7.013041,45.965286
73,7.013032,45.965556
73,7.013022,45.965826
73,7.013012,45.966095
73,7.012625,45.966089
73,7.012616,45.966359
73,7.012229,45.966352
73,7.012219,45.966622
73,7.012209,45.966892
73,7.011791,45.966857
73,7.011813,45.967155
73,7.011803,45.967424
73,7.01219,45.967431
73,7.01218,45.967701
73,7.012567,45.967708
73,7.012558,45.967978
73,7.012945,45.967984
73,7.013332,45.967991
73,7.013322,45.968261
73,7.013709,45.968268
73,7.014096,45.968274
73,7.014483,45.968281
73,7.014473,45.968551
73,7.01486,45.968558
73,7.014851,45.968828
73,7.015238,45.968834
73,7.015228,45.969104
73,7.014841,45.969097
73,7.014831,45.969367
73,7.014444,45.969361
73,7.014057,45.969354
73,7.01367,45.969347
73,7.013284,45.96934
73,7.012897,45.969334
73,7.01251,45.969327
73,7.012123,45.96932
73,7.012113,45.96959
73,7.011726,45.969583
73,7.011339,45.969577
73,7.010952,45.96957
73,7.010942,45.96984
73,7.010555,45.969833
73,7.010546,45.970103
73,7.010536,45.970373
73,7.010526,45.970642
73,7.010139,45.970636
73,7.01013,45.970906
73,7.009942,45.970902
73,7.009967,45.970997
73,7.010004,45.971173
73,7.01012,45.971175
73,7.01011,45.971445
73,7.010101,45.971715
73,7.010488,45.971722
73,7.010478,45.971992
73,7.010468,45.972262
73,7.010855,45.972268
73,7.010846,45.972538
73,7.010836,45.972808
73,7.011223,45.972815
73,7.011213,45.973085
73,7.0116,45.973091
73,7.011987,45.973098
73,7.011978,45.973368
73,7.012365,45.973375
73,7.012355,45.973644
73,7.012742,45.973651
73,7.013129,45.973658
73,7.013516,45.973665
73,7.013506,45.973935
73,7.013893,45.973941
73,7.01428,45.973948
73,7.014271,45.974218
73,7.014658,45.974225
73,7.014648,45.974494
73,7.015035,45.974501
73,7.015422,45.974508
73,7.015809,45.974515
73,7.016196,45.974521
73,7.016583,45.974528
73,7.01697,45.974535
73,7.016961,45.974805
73,7.017348,45.974811
73,7.017735,45.974818
73,7.018122,45.974825
73,7.018509,45.974831
73,7.018896,45.974838
73,7.019283,45.974845
73,7.019293,45.974575
73,7.019302,45.974305
73,7.019689,45.974312
73,7.019699,45.974042
73,7.020086,45.974049
73,7.020095,45.973779
73,7.020482,45.973786
73,7.020492,45.973516
73,7.020502,45.973246
73,7.020889,45.973253
73,7.020898,45.972983
73,7.021285,45.972989
73,7.021672,45.972996
73,7.021663,45.973266
73,7.02205,45.973273
73,7.02204,45.973543
73,7.022427,45.973549
73,7.022418,45.973819
73,7.022805,45.973826
73,7.022795,45.974096
73,7.023182,45.974102
73,7.023569,45.974109
73,7.023956,45.974116
73,7.023946,45.974386
73,7.024333,45.974392
73,7.02472,45.974399
73,7.025108,45.974406
73,7.025495,45.974412
73,7.025485,45.974682
73,7.025872,45.974689
73,7.025862,45.974959
73,7.025853,45.975229
73,7.025843,45.975498
73,7.025834,45.975768
73,7.025447,45.975762
73,7.025437,45.976031
73,7.02505,45.976025
73,7.02504,45.976295
73,7.025031,45.976564
73,7.025021,45.976834
73,7.024634,45.976828
73,7.024624,45.977097
73,7.024237,45.977091
73,7.024228,45.977361
73,7.024615,45.977367
73,7.024605,45.977637
73,7.024992,45.977644
73,7.025379,45.977651
73,7.02537,45.97792
73,7.025757,45.977927
73,7.025747,45.978197
73,7.025738,45.978467
73,7.025351,45.97846
73,7.025341,45.97873
73,7.024954,45.978723
73,7.024944,45.978993
73,7.024557,45.978986
73,7.024548,45.979256
73,7.024538,45.979526
73,7.024528,45.979796
73,7.024519,45.980066
73,7.024906,45.980073
73,7.024896,45.980342
73,7.024509,45.980336
73,7.0245,45.980606
73,7.024113,45.980599
73,7.024103,45.980869
73,7.023716,45.980862
73,7.023706,45.981132
73,7.023697,45.981402
73,7.023687,45.981672
73,7.024074,45.981678
73,7.024065,45.981948
73,7.024452,45.981955
73,7.024442,45.982225
73,7.024829,45.982231
73,7.02482,45.982501
73,7.025207,45.982508
73,7.025197,45.982778
73,7.025584,45.982784
73,7.025971,45.982791
73,7.026358,45.982798
73,7.026745,45.982804
73,7.027132,45.982811
73,7.02752,45.982818
73,7.027529,45.982548
73,7.027916,45.982555
73,7.027926,45.982285
73,7.028313,45.982292
73,7.0287,45.982298
73,7.02871,45.982028
73,7.029097,45.982035
73,7.029106,45.981765
73,7.029493,45.981772
73,7.029503,45.981502
73,7.02989,45.981509
73,7.030277,45.981515
73,7.030287,45.981246
73,7.030674,45.981252
73,7.030683,45.980982
73,7.03107,45.980989
73,7.03108,45.980719
73,7.031089,45.980449
73,7.031477,45.980456
73,7.031486,45.980186
73,7.031873,45.980193
73,7.03226,45.980199
73,7.032647,45.980206
73,7.032657,45.979936
73,7.033044,45.979943
73,7.033053,45.979673
73,7.033441,45.97968
73,7.033515,45.979681
73,7.033662,45.9794
73,7.033919,45.979035
73,7.034224,45.978672
73,7.034521,45.978348
73,7.034262,45.978344
73,7.034272,45.978074
73,7.034282,45.977804
73,7.034291,45.977534
73,7.034678,45.977541
73,7.034688,45.977271
73,7.034697,45.977001
73,7.034707,45.976731
73,7.034716,45.976462
73,7.035103,45.976468
73,7.035113,45.976198
73,7.0355,45.976205
73,7.035887,45.976212
73,7.036274,45.976218
73,7.036661,45.976225
73,7.037048,45.976232
73,7.037058,45.975962
73,7.037445,45.975968
73,7.037832,45.975975
73,7.038219,45.975982
73,7.038228,45.975712
73,7.038615,45.975718
73,7.039002,45.975725
73,7.039389,45.975732
73,7.039777,45.975738
73,7.040164,45.975745
73,7.040551,45.975752
73,7.040938,45.975758
73,7.040928,45.976028
73,7.041315,45.976035
73,7.041702,45.976041
73,7.042089,45.976048
73,7.042099,45.975778
73,7.042486,45.975785
73,7.042873,45.975791
73,7.042882,45.975522
73,7.043269,45.975528
73,7.043656,45.975535
73,7.044043,45.975542
73,7.044053,45.975272
73,7.04444,45.975278
73,7.044827,45.975285
73,7.045214,45.975292
73,7.045224,45.975022
73,7.045611,45.975028
73,7.045998,45.975035
73,7.046385,45.975042
73,7.046772,45.975048
73,7.047159,45.975055
73,7.047546,45.975061
73,7.047933,45.975068
73,7.04832,45.975075
73,7.048707,45.975081
73,7.048716,45.974811
73,7.049103,45.974818
73,7.04949,45.974825
73,7.049877,45.974831
73,7.050264,45.974838
73,7.050652,45.974844
73,7.051039,45.974851
73,7.051426,45.974858
73,7.051813,45.974864
73,7.0522,45.974871
73,7.052587,45.974877
73,7.052974,45.974884
73,7.053361,45.974891
73,7.053351,45.97516
73,7.053738,45.975167
73,7.054125,45.975174
73,7.054512,45.97518
73,7.054899,45.975187
73,7.055287,45.975193
73,7.055277,45.975463
73,7.055664,45.97547
73,7.056051,45.975476
73,7.056438,45.975483
73,7.056429,45.975753
73,7.056816,45.975759
73,7.057203,45.975766
73,7.057193,45.976036
73,7.05758,45.976042
73,7.057967,45.976049
73,7.058355,45.976056
73,7.058345,45.976326
73,7.058732,45.976332
73,7.059119,45.976339
73,7.05911,45.976609
73,7.059497,45.976615
73,7.059884,45.976622
73,7.059874,45.976892
73,7.060261,45.976898
73,7.060252,45.977168
73,7.060639,45.977175
73,7.06063,45.977444
73,7.061017,45.977451
73,7.061007,45.977721
73,7.061394,45.977727
73,7.061385,45.977997
73,7.061772,45.978004
73,7.062159,45.97801
73,7.06215,45.97828
73,7.06214,45.97855
73,7.062527,45.978557
73,7.062518,45.978826
73,7.062905,45.978833
73,7.062896,45.979103
73,7.062886,45.979373
73,7.063273,45.979379
73,7.063264,45.979649
73,7.063651,45.979656
73,7.063641,45.979926
73,7.063632,45.980195
73,7.064019,45.980202
73,7.06401,45.980472
73,7.064397,45.980478
73,7.064387,45.980748
73,7.064378,45.981018
73,7.064369,45.981288
73,7.064359,45.981558
73,7.064746,45.981564
73,7.065133,45.981571
73,7.06552,45.981578
73,7.065907,45.981584
73,7.065898,45.981854
73,7.066285,45.981861
73,7.066276,45.98213
73,7.066663,45.982137
73,7.066653,45.982407
73,7.067041,45.982413
73,7.067428,45.98242
73,7.067418,45.98269
73,7.067805,45.982696
73,7.068192,45.982703
73,7.068183,45.982973
73,7.06857,45.982979
73,7.068957,45.982986
73,7.068948,45.983256
73,7.069335,45.983262
73,7.069326,45.983532
73,7.069713,45.983539
73,7.069703,45.983808
73,7.07009,45.983815
73,7.070478,45.983822
73,7.070468,45.984091
73,7.070855,45.984098
73,7.070846,45.984368
73,7.071233,45.984374
73,7.071224,45.984644
73,7.071611,45.984651
73,7.071998,45.984657
73,7.071988,45.984927
73,7.072376,45.984934
73,7.072763,45.98494
73,7.072753,45.98521
73,7.07314,45.985217
73,7.073131,45.985486
73,7.073518,45.985493
73,7.073905,45.985499
73,7.073896,45.985769
73,7.074283,45.985776
73,7.074274,45.986046
73,7.074661,45.986052
73,7.075048,45.986059
73,7.075039,45.986329
73,7.075426,45.986335
73,7.075416,45.986605
73,7.075803,45.986611
73,7.075794,45.986881
73,7.076181,45.986888
73,7.076568,45.986894
73,7.076955,45.986901
73,7.076946,45.987171
73,7.077333,45.987177
73,7.07772,45.987184
73,7.077711,45.987454
73,7.078098,45.98746
73,7.078089,45.98773
73,7.078476,45.987737
73,7.078863,45.987743
73,7.078854,45.988013
73,7.079241,45.988019
73,7.079628,45.988026
73,7.079619,45.988296
73,7.080006,45.988302
73,7.079996,45.988572
73,7.080384,45.988579
73,7.080771,45.988585
73,7.080761,45.988855
73,7.081149,45.988862
73,7.081536,45.988868
73,7.081526,45.989138
73,7.081913,45.989144
73,7.081923,45.988875
73,7.08231,45.988881
73,7.082319,45.988611
73,7.081932,45.988605
73,7.081941,45.988335
73,7.081951,45.988065
73,7.081564,45.988058
73,7.081573,45.987789
73,7.081186,45.987782
73,7.081195,45.987512
73,7.080808,45.987506
73,7.080421,45.987499
73,7.08043,45.987229
73,7.080043,45.987223
73,7.080052,45.986953
73,7.079735,45.986948
73,7.079668,45.986882
74,7.010079,45.966987
74,7.010094,45.966722
74,7.010867,45.966744
74,7.010871,45.966458
74,7.011257,45.966469
74,7.011291,45.965677
74,7.011306,45.965461
74,7.011267,45.965172
74,7.011293,45.964895
74,7.011329,45.963842
74,7.011271,45.96381
74,7.010967,45.963759
74,7.01098,45.963233
74,7.010208,45.963211
74,7.010223,45.962954
74,7.009457,45.962924
74,7.009455,45.962659
74,7.009074,45.962652
74,7.00909,45.962391
74,7.008698,45.962372
74,7.008701,45.962115
74,7.008509,45.96211
74,7.008504,45.962237
74,7.005796,45.962189
74,7.005805,45.96192
74,7.005418,45.961913
74,7.005428,45.961643
74,7.005433,45.961504
74,7.005238,45.961503
74,7.005248,45.961229
74,7.006418,45.961262
74,7.006403,45.961527
74,7.007175,45.961541
74,7.007174,45.961673
74,7.007551,45.96168
74,7.007556,45.961547
74,7.008335,45.961548
74,7.008325,45.961822
74,7.009097,45.96184
74,7.009087,45.962126
74,7.009854,45.962131
74,7.009847,45.962657
74,7.010614,45.962679
74,7.010622,45.962953
74,7.011382,45.96297
74,7.011362,45.96376
74,7.01212,45.963792
74,7.012099,45.964053
74,7.013264,45.964065
74,7.013312,45.962726
74,7.013334,45.962453
74,7.012947,45.962446
74,7.012975,45.962177
74,7.013723,45.962202
74,7.013733,45.961925
74,7.014143,45.961932
74,7.014153,45.961654
74,7.014522,45.96166
74,7.014519,45.961399
74,7.014917,45.961406
74,7.014933,45.961124
74,7.015325,45.961135
74,7.015323,45.960861
74,7.015715,45.960885
74,7.015725,45.960615
74,7.016117,45.960622
74,7.016136,45.960075
74,7.01534,45.960061
74,7.015367,45.9598
74,7.01381,45.959761
74,7.013819,45.959504
74,7.013047,45.959482
74,7.013063,45.959213
74,7.011892,45.959188
74,7.011901,45.958927
74,7.010471,45.958902
74,7.01039,45.958982
74,7.010357,45.959709
74,7.009555,45.959683
74,7.009564,45.959426
74,7.009191,45.959407
74,7.009209,45.958885
74,7.010324,45.958859
74,7.010382,45.958357
74,7.009603,45.958348
74,7.009613,45.95807
74,7.00846,45.958059
74,7.008423,45.958593
74,7.007282,45.958577
74,7.007316,45.9583
74,7.006881,45.958284
74,7.0069,45.95777
74,7.007287,45.95776
74,7.007309,45.957483
74,7.006897,45.957509
74,7.006932,45.957223
74,7.004228,45.957159
74,7.004218,45.957437
74,7.002299,45.957403
74,7.002296,45.957142
74,7.001524,45.957112
74,7.001502,45.957389
74,7.000742,45.957359
74,7.000751,45.957115
74,7.000341,45.9571
74,7.000375,45.956822
74,6.999627,45.956809
74,6.999624,45.956548
74,6.998827,45.956534
74,6.998453,45.956544
74,6.998487,45.956267
74,6.997316,45.956255
74,6.997339,45.955434
74,6.996554,45.955428
74,6.996562,45.954885
74,6.996194,45.95487
74,6.996178,45.955135
74,6.995406,45.955126
74,6.995408,45.955387
74,6.99461,45.955407
74,6.994624,45.955647
74,6.99613,45.955696
74,6.996156,45.955893
74,6.996535,45.955969
74,6.996543,45.956212
74,6.996922,45.956265
74,6.996915,45.956461
74,6.997326,45.956549
74,6.997226,45.957033
74,6.997233,45.957299
74,6.996138,45.957315
74,6.99608,45.957556
74,6.995335,45.957532
74,6.995344,45.957277
74,6.995014,45.95726
74,6.994957,45.957005
74,6.994377,45.956983
74,6.994194,45.957026
74,6.994167,45.957303
74,6.994198,45.957835
74,6.994138,45.958111
74,6.994535,45.958118
74,6.99451,45.958349
74,6.994521,45.9585
74,6.994484,45.958626
74,6.994442,45.95888
74,6.993695,45.95889
74,6.993736,45.959133
74,6.994034,45.959161
74,6.994496,45.959204
74,6.994454,45.959446
74,6.994868,45.959453
74,6.994876,45.959708
74,6.995222,45.95976
74,6.99528,45.959992
74,6.995221,45.960245
74,6.995568,45.960251
74,6.995987,45.960267
74,6.996005,45.960548
74,6.997048,45.960566
74,6.997072,45.960833
74,6.997899,45.96087
74,6.997874,45.961101
74,6.998254,45.961131
74,6.998279,45.961362
74,6.999387,45.961416
74,6.999444,45.961695
74,6.999841,45.961702
74,6.9998,45.96192
74,7.00013,45.961972
74,7.000254,45.962206
74,7.0006,45.96227
74,7.000508,45.962511
74,6.99948,45.962516
74,6.999376,45.962202
74,6.999045,45.962196
74,6.998937,45.961952
74,6.998639,45.961943
74,6.998642,45.962196
74,6.998637,45.962466
74,6.999006,45.962489
74,6.999008,45.962739
74,6.999376,45.962765
74,6.999413,45.963
74,6.999777,45.963033
74,6.999783,45.963307
74,7.000142,45.963301
74,7.000522,45.963316
74,7.000541,45.962777
74,7.000962,45.962784
74,7.00095,45.963593
74,7.00283,45.963634
74,7.002862,45.963087
74,7.003288,45.963079
74,7.003235,45.963633
74,7.004007,45.96365
74,7.003991,45.963924
74,7.004366,45.963931
74,7.004371,45.964461
74,7.003978,45.964463
74,7.003953,45.964985
74,7.004333,45.965013
74,7.004317,45.965269
74,7.005893,45.965309
74,7.005877,45.965566
74,7.006637,45.965596
74,7.006628,45.965857
74,7.007014,45.965868
74,7.006991,45.966672
74,7.008157,45.966684
74,7.008141,45.966949
74,7.008913,45.966975
74,7.008898,45.967236
74,7.009677,45.96725
74,7.009692,45.966985
74,7.010079,45.966987
75,7.017324,45.959027
75,7.017346,45.958759
75,7.017726,45.958789
75,7.01777,45.958489
75,7.017762,45.958247
75,7.017416,45.958183
75,7.017363,45.957928
75,7.017391,45.957399
75,7.016998,45.957385
75,7.016211,45.957365
75,7.016229,45.95711
75,7.015864,45.957104
75,7.015883,45.9563
75,7.01548,45.956293
75,7.015508,45.956038
75,7.015105,45.956024
75,7.015134,45.955737
75,7.014731,45.955723
75,7.01476,45.955181
75,7.013982,45.955154
75,7.013981,45.954912
75,7.013616,45.954906
75,7.013606,45.954644
75,7.012819,45.954624
75,7.012847,45.954356
75,7.012464,45.954336
75,7.012492,45.953813
75,7.01132,45.953786
75,7.01132,45.953518
75,7.010937,45.953498
75,7.010945,45.95325
75,7.009793,45.953204
75,7.009812,45.952949
75,7.008246,45.952928
75,7.008256,45.952654
75,7.007872,45.952647
75,7.007891,45.952366
75,7.007506,45.952379
75,7.007525,45.952104
75,7.004024,45.952043
75,7.004044,45.951762
75,7.002877,45.951748
75,7.002891,45.951471
75,7.002498,45.95146
75,7.002522,45.951209
75,7.002158,45.951191
75,7.002134,45.950925
75,7.001754,45.950895
75,7.00178,45.950641
75,7.001415,45.950646
75,7.00115,45.950642
75,7.000937,45.950592
75,7.000737,45.950611
75,7.000506,45.950607
75,7.000307,45.950604
75,7.000156,45.950647
75,7.000181,45.950879
75,7.000171,45.951145
75,6.999823,45.951162
75,6.999814,45.951416
75,7.000226,45.951469
75,7.000201,45.9517
75,7.000962,45.951725
75,7.000952,45.952002
75,7.00091,45.952267
75,7.001339,45.952298
75,7.001315,45.952505
75,7.001662,45.952534
75,7.001752,45.952802
75,7.002049,45.95283
75,7.002091,45.953062
75,7.002421,45.953079
75,7.002443,45.953865
75,7.002062,45.953859
75,7.002054,45.953628
75,6.999753,45.953576
75,6.999706,45.953849
75,7.00009,45.953855
75,7.000818,45.953895
75,7.000876,45.954115
75,7.00162,45.954175
75,7.001612,45.954406
75,7.001958,45.954458
75,7.002033,45.954656
75,7.002377,45.9547
75,7.002779,45.95471
75,7.002765,45.954975
75,7.00315,45.954982
75,7.00313,45.95526
75,7.003524,45.955276
75,7.003514,45.955531
75,7.003899,45.955541
75,7.003932,45.954731
75,7.004321,45.954741
75,7.004345,45.954469
75,7.004692,45.954489
75,7.00472,45.954214
75,7.006267,45.954241
75,7.006267,45.954503
75,7.007025,45.954536
75,7.006988,45.955582
75,7.007391,45.955602
75,7.007381,45.955864
75,7.00814,45.955883
75,7.008159,45.955616
75,7.008928,45.955629
75,7.008928,45.955891
75,7.010465,45.955917
75,7.010455,45.956199
75,7.011233,45.956219
75,7.011243,45.955938
75,7.0128,45.955958
75,7.012818,45.95624
75,7.013174,45.956246
75,7.013144,45.957593
75,7.01312,45.957842
75,7.01352,45.957855
75,7.014269,45.957874
75,7.014269,45.958149
75,7.014644,45.958156
75,7.014644,45.95843
75,7.01502,45.958453
75,7.015045,45.958696
75,7.015424,45.958738
75,7.015805,45.958756
75,7.015813,45.958987
75,7.01618,45.959
75,7.016151,45.95927
75,7.016536,45.959281
75,7.017315,45.959288
75,7.017324,45.959027
76,6.994231,45.965635
76,6.994253,45.96537
76,6.994633,45.965377
76,6.995036,45.965361
76,6.995062,45.965122
76,6.995421,45.965108
76,6.995443,45.964839
76,6.995817,45.964846
76,6.995838,45.96459
76,6.996225,45.964584
76,6.996244,45.964059
76,6.995846,45.964043
76,6.995464,45.964031
76,6.995437,45.963778
76,6.995111,45.96376
76,6.994677,45.963765
76,6.994605,45.964256
76,6.994279,45.96425
76,6.994233,45.96454
76,6.9936,45.964529
76,6.993184,45.964509
76,6.993175,45.964256
76,6.992778,45.964236
76,6.992758,45.963984
76,6.99237,45.964002
76,6.992371,45.964482
76,6.992748,45.964551
76,6.992722,45.964778
76,6.993174,45.964786
76,6.993182,45.965076
76,6.993904,45.965114
76,6.993932,45.965342
76,6.99387,45.965624
76,6.994231,45.965635
77,6.992137,45.97046
77,6.992147,45.970182
77,6.992526,45.970214
77,6.992571,45.970455
77,6.992897,45.970461
77,6.992871,45.970203
77,6.993303,45.970207
77,6.993312,45.969946
77,6.993699,45.969952
77,6.993721,45.969679
77,6.994481,45.969692
77,6.994542,45.968346
77,6.994138,45.968339
77,6.99416,45.968065
77,6.99378,45.96805
77,6.993789,45.967793
77,6.993374,45.967768
77,6.993329,45.96802
77,6.992587,45.968007
77,6.992229,45.967988
77,6.992208,45.96857
77,6.991436,45.968556
77,6.991451,45.968287
77,6.990274,45.968262
77,6.990296,45.967997
77,6.989898,45.967978
77,6.989908,45.967717
77,6.989527,45.967718
77,6.989543,45.967436
77,6.98877,45.967423
77,6.988774,45.967153
77,6.988394,45.967147
77,6.988425,45.966625
77,6.988021,45.966609
77,6.988043,45.96634
77,6.987252,45.96633
77,6.987274,45.966057
77,6.986434,45.966005
77,6.986503,45.966587
77,6.986901,45.966594
77,6.986856,45.966833
77,6.987288,45.966891
77,6.987252,45.967395
77,6.987575,45.967464
77,6.987649,45.967932
77,6.987974,45.967963
77,6.988002,45.968191
77,6.988759,45.968267
77,6.988787,45.968483
77,6.989164,45.968565
77,6.989194,45.968742
77,6.989879,45.96883
77,6.989898,45.96931
77,6.990275,45.969392
77,6.990238,45.969614
77,6.990989,45.96967
77,6.991016,45.969923
77,6.991433,45.969905
77,6.991371,45.970177
77,6.991355,45.970442
77,6.991754,45.970453
77,6.992137,45.97046
78,6.988995,45.972024
78,6.988209,45.972007
78,6.988185,45.972269
78,6.987799,45.972769
78,6.987023,45.97279
78,6.986965,45.973309
78,6.987308,45.973341
78,6.988539,45.973337
78,6.988529,45.97311
78,6.988947,45.973079
78,6.988992,45.97284
78,6.988946,45.9726
78,6.988989,45.972399
78,6.988995,45.972024
79,6.97234,45.999691
79,6.972557,45.99962
79,6.972963,45.999687
79,6.973702,45.99946
79,6.974045,45.999496
79,6.974829,45.999371
79,6.975517,45.999358
79,6.976853,45.999112
79,6.977228,45.999433
79,6.978661,45.999565
79,6.979077,45.999391
79,6.97945,45.999187
79,6.979769,45.999298
79,6.98009,45.999334
79,6.980238,45.999443
79,6.980607,45.999418
79,6.98061,45.999151
79,6.981008,45.999138
79,6.981032,45.998882
79,6.9814,45.998888
79,6.98141,45.998616
79,6.981808,45.998618
79,6.981832,45.998362
79,6.9822,45.998363
79,6.982202,45.998111
79,6.982578,45.998103
79,6.982603,45.997831
79,6.983031,45.997633
79,6.983422,45.997579
79,6.983725,45.997466
79,6.9838,45.997318
79,6.984338,45.997147
79,6.984607,45.996788
79,6.984946,45.996784
79,6.984973,45.996256
79,6.985408,45.996258
79,6.98541,45.995991
79,6.985752,45.995778
79,6.986547,45.995843
79,6.986832,45.995949
79,6.987231,45.995956
79,6.987717,45.995765
79,6.987741,45.995488
79,6.988088,45.995289
79,6.988532,45.995225
79,6.988676,45.995047
79,6.988909,45.994964
79,6.989052,45.994675
79,6.989774,45.994739
79,6.990421,45.994851
79,6.990698,45.995209
79,6.991224,45.995544
79,6.991214,45.995816
79,6.991611,45.995828
79,6.991794,45.99596
79,6.99236,45.996113
79,6.992961,45.996738
79,6.993132,45.997019
79,6.99248,45.997007
79,6.992643,45.997515
79,6.992667,45.997844
79,6.993646,45.99781
79,6.993564,45.997077
79,6.994537,45.99722
79,6.99465,45.997776
79,6.994996,45.997782
79,6.995008,45.998044
79,6.995384,45.998056
79,6.995401,45.997789
79,6.995783,45.997796
79,6.995794,45.997514
79,6.997346,45.997556
79,6.997366,45.997018
79,6.997764,45.997014
79,6.997766,45.996747
79,6.999695,45.996786
79,6.9997,45.997059
79,7.000473,45.997072
79,7.000478,45.997339
79,7.001619,45.997354
79,7.001616,45.997636
79,7.001992,45.997638
79,7.00199,45.997895
79,7.002373,45.997896
79,7.002368,45.99845
79,7.003126,45.998464
79,7.003124,45.998741
79,7.003492,45.998747
79,7.003497,45.999004
79,7.00388,45.999016
79,7.003885,45.999293
79,7.005026,45.999313
79,7.005424,45.99931
79,7.005434,45.999038
79,7.006214,45.999052
79,7.006226,45.998513
79,7.006609,45.998525
79,7.006626,45.998258
79,7.007796,45.998283
79,7.007833,45.997463
79,7.007435,45.997456
79,7.007455,45.996917
79,7.007837,45.996929
79,7.007864,45.996385
79,7.009411,45.996407
79,7.00942,45.99615
79,7.009788,45.996146
79,7.009851,45.994802
79,7.009469,45.994785
79,7.009471,45.994523
79,7.008698,45.99451
79,7.008671,45.995049
79,7.008296,45.995042
79,7.008305,45.99478
79,7.007915,45.994763
79,7.007917,45.994496
79,7.00713,45.994483
79,7.007128,45.994744
79,7.005191,45.994716
79,7.005177,45.995522
79,7.004021,45.995507
79,7.004023,45.99524
79,7.00364,45.995238
79,7.003643,45.994966
79,7.002885,45.994937
79,7.002909,45.994681
79,7.002496,45.994679
79,7.002473,45.99493
79,7.001917,45.994926
79,7.001556,45.994895
79,7.00114,45.994887
79,7.000919,45.994903
79,7.000551,45.994891
79,7.00057,45.994373
79,7.001358,45.994382
79,7.001367,45.99413
79,7.002119,45.994113
79,7.002135,45.993861
79,7.003269,45.993876
79,7.003297,45.994138
79,7.004055,45.994152
79,7.004064,45.993895
79,7.005228,45.993905
79,7.005255,45.993361
79,7.005637,45.993368
79,7.005641,45.992855
79,7.004862,45.992821
79,7.004876,45.99201
79,7.004508,45.992013
79,7.004562,45.991727
79,7.005312,45.991771
79,7.005322,45.991483
79,7.005705,45.99149
79,7.005715,45.991213
79,7.007231,45.991239
79,7.007207,45.991496
79,7.007604,45.991523
79,7.007599,45.992067
79,7.007997,45.992064
79,7.007968,45.992885
79,7.008336,45.992881
79,7.008345,45.992635
79,7.009539,45.992615
79,7.009563,45.992358
79,7.009916,45.992364
79,7.009955,45.992098
79,7.010662,45.99211
79,7.010746,45.991835
79,7.011069,45.991851
79,7.011074,45.992118
79,7.011442,45.992134
79,7.011509,45.990641
79,7.011515,45.990513
79,7.011364,45.990501
79,7.011162,45.990486
79,7.011196,45.989963
79,7.010769,45.989966
79,7.01076,45.990212
79,7.010406,45.990206
79,7.01043,45.989139
79,7.009237,45.989118
79,7.009262,45.988851
79,7.00776,45.988815
79,7.00777,45.988538
79,7.007343,45.988551
79,7.007334,45.988797
79,7.006995,45.988791
79,7.007,45.988257
79,7.007353,45.988274
79,7.007376,45.988018
79,7.007759,45.988024
79,7.007783,45.987768
79,7.008137,45.987764
79,7.008143,45.98799
79,7.009305,45.988041
79,7.009326,45.988288
79,7.00965,45.988304
79,7.00967,45.988561
79,7.011141,45.988617
79,7.011209,45.988351
79,7.011252,45.987582
79,7.009693,45.987493
79,7.009747,45.987227
79,7.009378,45.987241
79,7.009374,45.986954
79,7.008976,45.986947
79,7.008986,45.98669
79,7.00859,45.986632
79,7.008607,45.98615
79,7.010507,45.986172
79,7.010527,45.98643
79,7.010505,45.986709
79,7.011302,45.98671
79,7.011346,45.986471
79,7.012469,45.986453
79,7.012523,45.985961
79,7.014404,45.986019
79,7.014414,45.986259
79,7.015909,45.986287
79,7.015957,45.985754
79,7.016371,45.98573
79,7.01638,45.985474
79,7.016793,45.98545
79,7.016817,45.984372
79,7.017184,45.984399
79,7.017213,45.983599
79,7.019186,45.983612
79,7.019432,45.983633
79,7.019688,45.983655
79,7.019793,45.983664
79,7.019955,45.98368
79,7.02026,45.983641
79,7.020271,45.983333
79,7.022526,45.981662
79,7.022707,45.981527
79,7.022712,45.980983
79,7.021932,45.980949
79,7.021956,45.980713
79,7.018879,45.98067
79,7.018816,45.981193
79,7.018486,45.981218
79,7.018459,45.981458
79,7.017719,45.981407
79,7.017716,45.98065
79,7.018144,45.980627
79,7.018104,45.980102
79,7.018516,45.980099
79,7.018511,45.979832
79,7.018879,45.979828
79,7.018888,45.979582
79,7.020096,45.979572
79,7.020105,45.979326
79,7.020855,45.979349
79,7.020846,45.979605
79,7.021603,45.979607
79,7.021647,45.979898
79,7.022397,45.979899
79,7.022376,45.979652
79,7.022744,45.979659
79,7.022784,45.979382
79,7.023181,45.979379
79,7.023196,45.978547
79,7.022798,45.978561
79,7.022803,45.978017
79,7.022464,45.978011
79,7.022453,45.977487
79,7.022086,45.97747
79,7.022096,45.977183
79,7.02133,45.97718
79,7.021341,45.976893
79,7.020957,45.976896
79,7.020968,45.976609
79,7.019437,45.976593
79,7.019446,45.976316
79,7.019048,45.976329
79,7.019057,45.976073
79,7.01866,45.976066
79,7.01867,45.975799
79,7.01708,45.975761
79,7.01712,45.975485
79,7.016737,45.975478
79,7.016747,45.975201
79,7.014443,45.975161
79,7.01443,45.974904
79,7.013658,45.974891
79,7.013682,45.974619
79,7.0133,45.974607
79,7.013295,45.974319
79,7.0125,45.974316
79,7.012524,45.974049
79,7.011744,45.974046
79,7.011761,45.973784
79,7.011394,45.973752
79,7.011395,45.973506
79,7.009857,45.973469
79,7.009849,45.973494
79,7.009833,45.973725
79,7.008671,45.97374
79,7.008699,45.973451
79,7.00974,45.973467
79,7.009846,45.973381
79,7.009869,45.972121
79,7.009472,45.972101
79,7.009909,45.970246
79,7.009946,45.970397
79,7.009957,45.970097
79,7.01001,45.969829
79,7.009932,45.969588
79,7.009788,45.969316
79,7.008754,45.968908
79,7.00631,45.968776
79,7.005189,45.968906
79,7.00287,45.968865
79,7.002644,45.969297
79,7.00151,45.969277
79,7.001491,45.968989
79,7.000313,45.969
79,7.000323,45.968723
79,6.99991,45.968726
79,6.999949,45.968459
79,6.999612,45.968445
79,6.999161,45.968412
79,6.999169,45.96869
79,6.998663,45.968669
79,6.99832,45.96865
79,6.998014,45.968641
79,6.997615,45.968665
79,6.997654,45.968409
79,6.996859,45.968405
79,6.996855,45.968107
79,6.996487,45.968101
79,6.996453,45.968644
79,6.996041,45.968627
79,6.996011,45.969458
79,6.995658,45.969452
79,6.995638,45.969986
79,6.995226,45.969989
79,6.995187,45.971056
79,6.994835,45.971039
79,6.994786,45.971573
79,6.994418,45.971566
79,6.994408,45.971843
79,6.99401,45.971847
79,6.994001,45.972093
79,6.993618,45.972096
79,6.993182,45.972094
79,6.993211,45.972356
79,6.993191,45.972921
79,6.993559,45.972917
79,6.993579,45.973184
79,6.993947,45.973191
79,6.99394,45.973647
79,6.99393,45.973912
79,6.993901,45.974239
79,6.993574,45.974259
79,6.993584,45.974486
79,6.993329,45.974532
79,6.993128,45.974579
79,6.993152,45.974809
79,6.993147,45.975046
79,6.993154,45.975375
79,6.993129,45.975563
79,6.993125,45.976157
79,6.993505,45.976163
79,6.993459,45.97644
79,6.993079,45.976446
79,6.992716,45.976452
79,6.992653,45.976704
79,6.992291,45.976697
79,6.992282,45.976949
79,6.992173,45.977452
79,6.99145,45.97744
79,6.991476,45.977705
79,6.991094,45.977774
79,6.99104,45.978253
79,6.990316,45.978253
79,6.990371,45.977736
79,6.990003,45.977414
79,6.989967,45.976909
79,6.989606,45.976877
79,6.989577,45.976662
79,6.988891,45.976612
79,6.988863,45.976877
79,6.988465,45.97687
79,6.988384,45.977133
79,6.988799,45.977166
79,6.988761,45.977695
79,6.98849,45.977686
79,6.988002,45.977669
79,6.987994,45.977404
79,6.987649,45.977423
79,6.987613,45.977915
79,6.98716,45.977932
79,6.987151,45.978184
79,6.986082,45.978216
79,6.985963,45.978479
79,6.985583,45.978472
79,6.984914,45.978473
79,6.984799,45.978635
79,6.984075,45.978635
79,6.984138,45.977904
79,6.985298,45.977849
79,6.985312,45.977372
79,6.984901,45.977344
79,6.984936,45.97679
79,6.984553,45.976794
79,6.984562,45.976537
79,6.984164,45.97653
79,6.984189,45.976274
79,6.981862,45.976261
79,6.981819,45.976462
79,6.981075,45.9765
79,6.981048,45.976739
79,6.980686,45.976745
79,6.98064,45.977009
79,6.980242,45.977015
79,6.980216,45.977242
79,6.979889,45.977261
79,6.979872,45.977522
79,6.979489,45.977526
79,6.979101,45.977525
79,6.979091,45.978307
79,6.97946,45.978326
79,6.979397,45.978855
79,6.979043,45.978843
79,6.979043,45.979127
79,6.97865,45.979123
79,6.978283,45.979113
79,6.978236,45.979403
79,6.977507,45.97938
79,6.977094,45.979383
79,6.9771,45.97963
79,6.976717,45.979633
79,6.976692,45.9799
79,6.976294,45.979913
79,6.976285,45.98016
79,6.975917,45.980153
79,6.975893,45.98042
79,6.975495,45.980423
79,6.97514,45.980421
79,6.975102,45.980683
79,6.975083,45.981227
79,6.975066,45.981454
79,6.975072,45.98177
79,6.97482,45.981753
79,6.974692,45.981788
79,6.974666,45.982002
79,6.974302,45.982034
79,6.974222,45.982247
79,6.973875,45.982329
79,6.973832,45.982518
79,6.973515,45.982777
79,6.973205,45.982847
79,6.973151,45.983313
79,6.972753,45.983319
79,6.972636,45.983052
79,6.972273,45.983071
79,6.9723,45.983323
79,6.971845,45.983391
79,6.971907,45.984162
79,6.972253,45.98413
79,6.972352,45.983892
79,6.973039,45.983917
79,6.973022,45.984371
79,6.973436,45.984442
79,6.973355,45.984667
79,6.971889,45.984679
79,6.971863,45.984893
79,6.971464,45.984911
79,6.971488,45.98524
79,6.971432,45.986261
79,6.971804,45.986293
79,6.971785,45.98652
79,6.971721,45.986784
79,6.971823,45.986962
79,6.971763,45.987125
79,6.972141,45.987183
79,6.972116,45.987371
79,6.972532,45.987379
79,6.973345,45.987444
79,6.973428,45.987142
79,6.974152,45.987155
79,6.974224,45.986664
79,6.974567,45.986683
79,6.974626,45.986066
79,6.974898,45.986045
79,6.974878,45.9866
79,6.975257,45.986645
79,6.975348,45.987126
79,6.975265,45.987415
79,6.974884,45.987446
79,6.974874,45.987711
79,6.974837,45.988227
79,6.974528,45.98826
79,6.974058,45.988226
79,6.974102,45.988517
79,6.974043,45.988704
79,6.973634,45.988938
79,6.973555,45.989606
79,6.97399,45.989601
79,6.974037,45.989816
79,6.974776,45.989905
79,6.974694,45.990156
79,6.975599,45.990172
79,6.975581,45.989679
79,6.97645,45.989682
79,6.977427,45.989699
79,6.977863,45.989644
79,6.977855,45.989884
79,6.978631,45.989935
79,6.978602,45.99025
79,6.978548,45.991234
79,6.978185,45.99124
79,6.978231,45.990988
79,6.97756,45.991014
79,6.976656,45.990986
79,6.976546,45.991514
79,6.976529,45.991981
79,6.975801,45.992081
79,6.975801,45.992586
79,6.975058,45.992586
79,6.975004,45.993089
79,6.974189,45.993088
79,6.974271,45.993329
79,6.973438,45.993314
79,6.973074,45.993358
79,6.973139,45.993561
79,6.972612,45.993628
79,6.972638,45.993906
79,6.972868,45.994068
79,6.972675,45.994373
79,6.972562,45.994797
79,6.972239,45.994921
79,6.971821,45.994964
79,6.971651,45.995005
79,6.971108,45.995128
79,6.971076,45.995519
79,6.971123,45.995709
79,6.971078,45.995973
79,6.971581,45.996083
79,6.97175,45.996401
79,6.971599,45.996563
79,6.971221,45.996518
79,6.970731,45.996535
79,6.970633,45.996735
79,6.970289,45.996729
79,6.970177,45.99684
79,6.970277,45.997057
79,6.971398,45.997115
79,6.971444,45.997343
79,6.971822,45.9974
79,6.971742,45.997613
79,6.971786,45.997891
79,6.972563,45.99793
79,6.972536,45.998195
79,6.9721,45.998212
79,6.972092,45.998439
79,6.971366,45.998477
79,6.971301,45.998779
79,6.971277,45.998942
79,6.971728,45.998988
79,6.971882,45.998739
79,6.972478,45.998774
79,6.972524,45.999002
79,6.972498,45.999229
79,6.972116,45.999273
79,6.972088,45.999537
79,6.972388,45.999557
79,6.97234,45.999691
80,6.99357,46.007338
80,6.993711,46.007341
80,6.993701,46.00761
80,6.994088,46.007617
80,6.994079,46.007887
80,6.994069,46.008157
80,6.994456,46.008164
80,6.994446,46.008434
80,6.994833,46.00844
80,6.994824,46.00871
80,6.995211,46.008717
80,6.995201,46.008987
80,6.995589,46.008994
80,6.995579,46.009264
80,6.995569,46.009533
80,6.995956,46.00954
80,6.995947,46.00981
80,6.996334,46.009817
80,6.996721,46.009824
80,6.996711,46.010093
80,6.997099,46.0101
80,6.997486,46.010107
80,6.997496,46.009837
80,6.997883,46.009844
80,6.997893,46.009574
80,6.99828,46.009581
80,6.998667,46.009588
80,6.999054,46.009594
80,6.999442,46.009601
80,6.999451,46.009331
80,6.999839,46.009338
80,6.999848,46.009068
80,6.999858,46.008798
80,6.999868,46.008529
80,6.999878,46.008259
80,6.999887,46.007989
80,7.000275,46.007996
80,7.000265,46.008266
80,7.000652,46.008272
80,7.000642,46.008542
80,7.000633,46.008812
80,7.00102,46.008819
80,7.00101,46.009089
80,7.001,46.009359
80,7.001388,46.009365
80,7.001378,46.009635
80,7.001368,46.009905
80,7.001756,46.009912
80,7.001746,46.010182
80,7.001736,46.010451
80,7.001726,46.010721
80,7.002114,46.010728
80,7.002501,46.010735
80,7.002511,46.010465
80,7.002898,46.010472
80,7.003285,46.010479
80,7.003295,46.010209
80,7.003682,46.010215
80,7.004069,46.010222
80,7.004457,46.010229
80,7.004844,46.010236
80,7.005231,46.010243
80,7.005241,46.009973
80,7.005251,46.009703
80,7.00526,46.009433
80,7.005648,46.00944
80,7.005657,46.00917
80,7.005849,46.009173
80,7.005836,46.008898
80,7.005685,46.007991
80,7.005344,46.006793
80,7.004972,46.005571
80,7.004884,46.004598
80,7.004925,46.003577
80,7.004999,46.002183
80,7.005375,46.001605
80,7.005155,46.001601
80,7.004767,46.001594
80,7.004777,46.001324
80,7.004787,46.001054
80,7.004796,46.000784
80,7.004409,46.000778
80,7.004419,46.000508
80,7.004429,46.000238
80,7.004041,46.000231
80,7.004051,45.999961
80,7.003664,45.999955
80,7.003277,45.999948
80,7.00289,45.999941
80,7.00288,46.000211
80,7.002493,46.000204
80,7.002483,46.000474
80,7.002473,46.000744
80,7.002463,46.001014
80,7.002076,46.001007
80,7.002067,46.001277
80,7.001679,46.00127
80,7.001689,46.001
80,7.001699,46.00073
80,7.001708,46.00046
80,7.001718,46.000191
80,7.001728,45.999921
80,7.001341,45.999914
80,7.00135,45.999644
80,7.000963,45.999637
80,7.000973,45.999367
80,7.000586,45.999361
80,7.000199,45.999354
80,6.999811,45.999347
80,6.999424,45.99934
80,6.999037,45.999334
80,6.999027,45.999603
80,6.99864,45.999597
80,6.998253,45.99959
80,6.998243,45.99986
80,6.997856,45.999853
80,6.997469,45.999846
80,6.997082,45.999839
80,6.996694,45.999833
80,6.996685,46.000102
80,6.996297,46.000096
80,6.996288,46.000365
80,6.9959,46.000359
80,6.995891,46.000628
80,6.995504,46.000622
80,6.995116,46.000615
80,6.994729,46.000608
80,6.994525,46.000605
80,6.994335,46.000795
80,6.994332,46.000871
80,6.994115,46.000867
80,6.993942,46.000945
80,6.993935,46.001134
80,6.993782,46.001136
80,6.993545,46.001199
80,6.993538,46.001397
80,6.993151,46.00139
80,6.993141,46.00166
80,6.993132,46.00193
80,6.992744,46.001923
80,6.992735,46.002193
80,6.992347,46.002186
80,6.992338,46.002456
80,6.99195,46.002449
80,6.991563,46.002443
80,6.991553,46.002712
80,6.991166,46.002706
80,6.990779,46.002699
80,6.990769,46.002969
80,6.990382,46.002962
80,6.990409,46.003223
80,6.990519,46.003477
80,6.990897,46.00401
80,6.991837,46.005652
80,6.99203,46.005961
80,6.992211,46.005964
80,6.992201,46.006234
80,6.992848,46.006475
80,6.993542,46.007099
80,6.99357,46.007338
81,6.99203,46.005961
81,6.991837,46.005652
81,6.990897,46.00401
81,6.990519,46.003477
81,6.990409,46.003223
81,6.990362,46.003502
81,6.989975,46.003495
81,6.989588,46.003488
81,6.989201,46.003481
81,6.988814,46.003474
81,6.988804,46.003744
81,6.988417,46.003737
81,6.988407,46.004007
81,6.988397,46.004277
81,6.988387,46.004547
81,6.988,46.00454
81,6.987613,46.004533
81,6.987225,46.004526
81,6.986838,46.00452
81,6.986451,46.004513
81,6.986064,46.004506
81,6.985677,46.004499
81,6.985289,46.004492
81,6.984902,46.004485
81,6.984892,46.004755
81,6.984505,46.004748
81,6.984495,46.005018
81,6.984485,46.005288
81,6.984476,46.005558
81,6.984466,46.005828
81,6.984456,46.006098
81,6.984843,46.006104
81,6.984833,46.006374
81,6.985221,46.006381
81,6.985211,46.006651
81,6.985598,46.006658
81,6.985588,46.006928
81,6.985976,46.006935
81,6.985966,46.007204
81,6.985956,46.007474
81,6.985569,46.007467
81,6.985559,46.007737
81,6.985549,46.008007
81,6.985936,46.008014
81,6.985927,46.008284
81,6.985539,46.008277
81,6.98553,46.008547
81,6.985917,46.008554
81,6.985907,46.008823
81,6.986294,46.00883
81,6.986285,46.0091
81,6.986672,46.009107
81,6.986662,46.009377
81,6.986652,46.009647
81,6.986642,46.009916
81,6.98703,46.009923
81,6.98702,46.010193
81,6.98701,46.010463
81,6.987,46.010733
81,6.987388,46.01074
81,6.987378,46.011009
81,6.987765,46.011016
81,6.988152,46.011023
81,6.98854,46.01103
81,6.988927,46.011037
81,6.988937,46.010767
81,6.989324,46.010774
81,6.989334,46.010504
81,6.989343,46.010234
81,6.989731,46.010241
81,6.989741,46.009971
81,6.990128,46.009978
81,6.990515,46.009985
81,6.990902,46.009991
81,6.990912,46.009722
81,6.990922,46.009452
81,6.990932,46.009182
81,6.990941,46.008912
81,6.990951,46.008642
81,6.990564,46.008635
81,6.990574,46.008366
81,6.990583,46.008096
81,6.990593,46.007826
81,6.99098,46.007833
81,6.99099,46.007563
81,6.990603,46.007556
81,6.990613,46.007286
81,6.990623,46.007016
81,6.990235,46.00701
81,6.990245,46.00674
81,6.990632,46.006746
81,6.990642,46.006477
81,6.991029,46.006483
81,6.99102,46.006753
81,6.991407,46.00676
81,6.991794,46.006767
81,6.991804,46.006497
81,6.991814,46.006227
81,6.991823,46.005957
81,6.99203,46.005961
82,7.005849,46.009173
82,7.006045,46.009177
82,7.006432,46.009183
82,7.006422,46.009453
82,7.006809,46.00946
82,7.0068,46.00973
82,7.007187,46.009737
82,7.007177,46.010006
82,7.007565,46.010013
82,7.007555,46.010283
82,7.007545,46.010553
82,7.007535,46.010823
82,7.007923,46.01083
82,7.007913,46.011099
82,7.0083,46.011106
82,7.008291,46.011376
82,7.008281,46.011646
82,7.008668,46.011653
82,7.008659,46.011922
82,7.008649,46.012192
82,7.008639,46.012462
82,7.009026,46.012469
82,7.009414,46.012476
82,7.009423,46.012206
82,7.009811,46.012212
82,7.00982,46.011943
82,7.010208,46.011949
82,7.010217,46.01168
82,7.00983,46.011673
82,7.00984,46.011403
82,7.009453,46.011396
82,7.009462,46.011126
82,7.009472,46.010857
82,7.009482,46.010587
82,7.009869,46.010593
82,7.009879,46.010324
82,7.010266,46.01033
82,7.010275,46.01006
82,7.010663,46.010067
82,7.010672,46.009797
82,7.010682,46.009528
82,7.011069,46.009534
82,7.011079,46.009264
82,7.011089,46.008995
82,7.010701,46.008988
82,7.010711,46.008718
82,7.010721,46.008448
82,7.01073,46.008178
82,7.010343,46.008172
82,7.010353,46.007902
82,7.010363,46.007632
82,7.009975,46.007625
82,7.009985,46.007355
82,7.009995,46.007085
82,7.010382,46.007092
82,7.010392,46.006822
82,7.010779,46.006829
82,7.010769,46.007099
82,7.011156,46.007106
82,7.011147,46.007375
82,7.011534,46.007382
82,7.011524,46.007652
82,7.011137,46.007645
82,7.011127,46.007915
82,7.011515,46.007922
82,7.011505,46.008192
82,7.011892,46.008198
82,7.01228,46.008205
82,7.012289,46.007935
82,7.012676,46.007942
82,7.012686,46.007672
82,7.013073,46.007679
82,7.013083,46.007409
82,7.013093,46.007139
82,7.01348,46.007146
82,7.01349,46.006876
82,7.013499,46.006606
82,7.013887,46.006613
82,7.013896,46.006343
82,7.014283,46.00635
82,7.014293,46.00608
82,7.014303,46.00581
82,7.01469,46.005817
82,7.0147,46.005547
82,7.015087,46.005554
82,7.015097,46.005284
82,7.015106,46.005014
82,7.015493,46.005021
82,7.015798,46.005026
82,7.01573,46.004548
82,7.015671,46.003993
82,7.015448,46.003927
82,7.015262,46.003307
82,7.014188,46.002415
82,7.013659,46.002149
82,7.013654,46.002289
82,7.013644,46.002559
82,7.013635,46.002828
82,7.014022,46.002835
82,7.014012,46.003105
82,7.014002,46.003375
82,7.013615,46.003368
82,7.013606,46.003638
82,7.013218,46.003631
82,7.013228,46.003361
82,7.012841,46.003355
82,7.01285,46.003085
82,7.012463,46.003078
82,7.012473,46.002808
82,7.012483,46.002538
82,7.012095,46.002532
82,7.012105,46.002262
82,7.011718,46.002255
82,7.011727,46.001985
82,7.01134,46.001979
82,7.01135,46.001709
82,7.01136,46.001439
82,7.011369,46.001169
82,7.011379,46.000899
82,7.011389,46.000629
82,7.011776,46.000636
82,7.012163,46.000643
82,7.012342,46.000646
82,7.0122,46.000414
82,7.01173,45.999591
82,7.01145,45.998772
82,7.01123,45.998502
82,7.010691,45.997917
82,7.010324,45.997911
82,7.010314,45.99818
82,7.009927,45.998174
82,7.00954,45.998167
82,7.00953,45.998437
82,7.009143,45.99843
82,7.009133,45.9987
82,7.008746,45.998693
82,7.008736,45.998963
82,7.008349,45.998956
82,7.007962,45.998949
82,7.007952,45.999219
82,7.007565,45.999213
82,7.007178,45.999206
82,7.007168,45.999476
82,7.006781,45.999469
82,7.006771,45.999739
82,7.006762,46.000009
82,7.006374,46.000002
82,7.006365,46.000272
82,7.006355,46.000542
82,7.005968,46.000535
82,7.005958,46.000805
82,7.005571,46.000798
82,7.005561,46.001068
82,7.005551,46.001338
82,7.005542,46.001607
82,7.005375,46.001605
82,7.004999,46.002183
82,7.004925,46.003577
82,7.004884,46.004598
82,7.004972,46.005571
82,7.005344,46.006793
82,7.005685,46.007991
82,7.005836,46.008898
82,7.005849,46.009173
83,7.013941,46.007694
83,7.014235,46.007699
83,7.014225,46.007969
83,7.014613,46.007976
83,7.015,46.007983
83,7.015387,46.007989
83,7.015378,46.008259
83,7.015765,46.008266
83,7.015755,46.008536
83,7.016142,46.008542
83,7.016133,46.008812
83,7.016123,46.009082
83,7.016114,46.009352
83,7.016104,46.009622
83,7.016094,46.009892
83,7.016481,46.009898
83,7.016472,46.010168
83,7.016859,46.010175
83,7.017246,46.010182
83,7.017256,46.009912
83,7.017266,46.009642
83,7.017653,46.009649
83,7.017663,46.009379
83,7.017672,46.009109
83,7.017682,46.008839
83,7.017295,46.008832
83,7.017304,46.008563
83,7.016917,46.008556
83,7.016927,46.008286
83,7.016539,46.008279
83,7.016549,46.008009
83,7.016559,46.00774
83,7.016568,46.00747
83,7.016181,46.007463
83,7.016191,46.007193
83,7.015803,46.007186
83,7.015813,46.006917
83,7.015426,46.00691
83,7.015039,46.006903
83,7.014901,46.006901
83,7.014213,46.007393
83,7.013941,46.007694
84,7.023674,46.020824
84,7.023697,46.021348
84,7.024123,46.02166
84,7.024421,46.020979
84,7.024612,46.02022
84,7.024736,46.019803
84,7.025137,46.019315
84,7.025273,46.018555
84,7.02509,46.018449
84,7.025035,46.018417
84,7.02471,46.018229
84,7.024713,46.018141
84,7.024723,46.017872
84,7.024732,46.017602
84,7.02512,46.017608
84,7.025129,46.017339
84,7.025517,46.017345
84,7.025526,46.017075
84,7.025914,46.017082
84,7.025923,46.016812
84,7.026311,46.016819
84,7.02632,46.016549
84,7.026707,46.016556
84,7.026717,46.016286
84,7.026727,46.016016
84,7.027114,46.016023
84,7.027501,46.016029
84,7.027511,46.01576
84,7.027898,46.015766
84,7.027908,46.015496
84,7.028295,46.015503
84,7.028305,46.015233
84,7.028314,46.014963
84,7.028324,46.014694
84,7.028711,46.0147
84,7.028721,46.01443
84,7.02873,46.014161
84,7.029118,46.014167
84,7.029127,46.013897
84,7.029137,46.013628
84,7.029146,46.013358
84,7.029156,46.013088
84,7.029166,46.012818
84,7.029175,46.012548
84,7.029563,46.012555
84,7.029572,46.012285
84,7.029582,46.012015
84,7.029591,46.011745
84,7.029601,46.011475
84,7.02961,46.011206
84,7.02962,46.010936
84,7.030007,46.010942
84,7.030017,46.010673
84,7.030404,46.010679
84,7.030791,46.010686
84,7.031179,46.010693
84,7.031188,46.010423
84,7.031576,46.010429
84,7.031585,46.01016
84,7.031972,46.010166
84,7.031982,46.009896
84,7.031992,46.009627
84,7.032001,46.009357
84,7.032011,46.009087
84,7.03202,46.008817
84,7.03203,46.008547
84,7.032417,46.008554
84,7.032804,46.00856
84,7.033192,46.008567
84,7.033182,46.008837
84,7.033569,46.008844
84,7.033579,46.008574
84,7.033589,46.008304
84,7.033201,46.008297
84,7.033211,46.008027
84,7.03322,46.007758
84,7.032833,46.007751
84,7.032843,46.007481
84,7.032455,46.007474
84,7.032465,46.007205
84,7.032078,46.007198
84,7.032087,46.006928
84,7.032475,46.006935
84,7.032484,46.006665
84,7.032494,46.006395
84,7.032503,46.006125
84,7.032116,46.006119
84,7.032126,46.005849
84,7.032135,46.005579
84,7.032522,46.005585
84,7.032532,46.005316
84,7.032542,46.005046
84,7.032929,46.005052
84,7.032938,46.004783
84,7.033326,46.004789
84,7.033335,46.004519
84,7.033722,46.004526
84,7.03411,46.004533
84,7.034497,46.004539
84,7.034506,46.00427
84,7.034894,46.004276
84,7.034903,46.004006
84,7.034913,46.003737
84,7.034922,46.003467
84,7.034932,46.003197
84,7.034942,46.002927
84,7.034951,46.002657
84,7.035338,46.002664
84,7.035348,46.002394
84,7.035357,46.002124
84,7.035367,46.001854
84,7.035754,46.001861
84,7.035764,46.001591
84,7.036151,46.001598
84,7.03616,46.001328
84,7.036548,46.001334
84,7.036557,46.001065
84,7.036944,46.001071
84,7.036954,46.000801
84,7.037341,46.000808
84,7.037351,46.000538
84,7.037738,46.000545
84,7.038125,46.000552
84,7.038512,46.000558
84,7.0389,46.000565
84,7.039287,46.000571
84,7.039296,46.000302
84,7.039684,46.000308
84,7.040071,46.000315
84,7.040458,46.000322
84,7.040845,46.000328
84,7.041232,46.000335
84,7.04162,46.000341
84,7.041629,46.000072
84,7.042016,46.000078
84,7.042026,45.999808
84,7.042035,45.999539
84,7.042045,45.999269
84,7.042432,45.999275
84,7.042442,45.999005
84,7.042829,45.999012
84,7.042838,45.998742
84,7.043226,45.998749
84,7.043235,45.998479
84,7.043245,45.998209
84,7.043254,45.997939
84,7.042867,45.997933
84,7.042876,45.997663
84,7.043264,45.997669
84,7.043273,45.9974
84,7.043626,45.997433
84,7.043086,45.997104
84,7.040901,45.995788
84,7.039032,45.994829
84,7.038686,45.994405
84,7.038499,45.993785
84,7.038793,45.992787
84,7.039211,45.992069
84,7.04113,45.990505
84,7.04209,45.989796
84,7.042887,45.989378
84,7.043939,45.989027
84,7.043568,45.989034
84,7.043578,45.988764
84,7.043965,45.988771
84,7.043974,45.988501
84,7.044361,45.988508
84,7.044371,45.988238
84,7.044758,45.988245
84,7.044767,45.987975
84,7.044777,45.987705
84,7.04439,45.987698
84,7.044399,45.987428
84,7.044409,45.987158
84,7.044418,45.986889
84,7.044031,45.986882
84,7.044041,45.986612
84,7.043654,45.986606
84,7.043663,45.986336
84,7.043276,45.986329
84,7.042889,45.986322
84,7.042898,45.986053
84,7.042511,45.986046
84,7.042124,45.986039
84,7.041737,45.986033
84,7.041747,45.985763
84,7.04136,45.985756
84,7.040972,45.98575
84,7.040585,45.985743
84,7.040595,45.985473
84,7.040208,45.985466
84,7.039821,45.98546
84,7.03983,45.98519
84,7.039443,45.985183
84,7.039056,45.985177
84,7.039046,45.985446
84,7.038659,45.98544
84,7.038272,45.985433
84,7.038282,45.985163
84,7.037895,45.985157
84,7.037904,45.984887
84,7.037517,45.98488
84,7.03713,45.984874
84,7.03714,45.984604
84,7.036752,45.984597
84,7.036762,45.984327
84,7.036375,45.98432
84,7.035988,45.984314
84,7.035601,45.984307
84,7.03561,45.984037
84,7.035223,45.984031
84,7.034836,45.984024
84,7.034846,45.983754
84,7.034458,45.983748
84,7.034468,45.983478
84,7.034081,45.983471
84,7.033694,45.983464
84,7.033307,45.983458
84,7.03292,45.983451
84,7.032929,45.983181
84,7.032542,45.983174
84,7.032552,45.982905
84,7.032165,45.982898
84,7.031778,45.982891
84,7.03139,45.982885
84,7.031381,45.983154
84,7.030994,45.983148
84,7.030607,45.983141
84,7.030597,45.983411
84,7.03021,45.983404
84,7.029823,45.983398
84,7.029436,45.983391
84,7.029049,45.983384
84,7.029039,45.983654
84,7.028652,45.983647
84,7.028265,45.983641
84,7.028255,45.983911
84,7.027868,45.983904
84,7.027481,45.983897
84,7.027094,45.983891
84,7.026707,45.983884
84,7.026717,45.983614
84,7.02633,45.983607
84,7.025942,45.983601
84,7.025555,45.983594
84,7.025565,45.983324
84,7.025178,45.983317
84,7.024791,45.983311
84,7.0248,45.983041
84,7.024413,45.983034
84,7.024026,45.983028
84,7.024036,45.982758
84,7.023649,45.982751
84,7.023658,45.982481
84,7.023271,45.982474
84,7.023281,45.982205
84,7.022894,45.982198
84,7.022903,45.981928
84,7.022516,45.981921
84,7.022526,45.981662
84,7.020271,45.983333
84,7.02026,45.983641
84,7.019955,45.98368
84,7.019793,45.983664
84,7.019688,45.983655
84,7.019747,45.983759
84,7.019831,45.983909
84,7.019733,45.983952
84,7.01973,45.984033
84,7.01972,45.984303
84,7.019333,45.984296
84,7.019323,45.984566
84,7.018936,45.984559
84,7.018549,45.984553
84,7.018162,45.984546
84,7.018152,45.984816
84,7.017765,45.984809
84,7.017756,45.985079
84,7.017369,45.985072
84,7.017359,45.985342
84,7.016972,45.985335
84,7.016962,45.985605
84,7.016953,45.985875
84,7.016566,45.985868
84,7.016556,45.986138
84,7.016169,45.986136
84,7.016159,45.986401
84,7.01615,45.986671
84,7.01614,45.986941
84,7.01613,45.987211
84,7.015743,45.987204
84,7.015733,45.987474
84,7.015346,45.987467
84,7.015337,45.987737
84,7.01495,45.98773
84,7.014959,45.987461
84,7.014572,45.987454
84,7.014185,45.987447
84,7.014175,45.987717
84,7.013788,45.98771
84,7.013401,45.987704
84,7.013014,45.987697
84,7.012627,45.98769
84,7.01224,45.987683
84,7.011853,45.987677
84,7.011843,45.987946
84,7.01163,45.987943
84,7.01149,45.989497
84,7.011403,45.989829
84,7.011333,45.990093
84,7.011369,45.990368
84,7.011364,45.990501
84,7.011515,45.990513
84,7.011509,45.990641
84,7.011746,45.990645
84,7.011737,45.990915
84,7.012124,45.990922
84,7.012114,45.991191
84,7.012501,45.991198
84,7.012888,45.991205
84,7.012879,45.991475
84,7.012869,45.991745
84,7.012482,45.991738
84,7.012472,45.992008
84,7.012085,45.992001
84,7.012075,45.992271
84,7.012066,45.992541
84,7.011679,45.992534
84,7.011669,45.992804
84,7.011282,45.992797
84,7.011272,45.993067
84,7.011263,45.993337
84,7.010875,45.99333
84,7.010866,45.9936
84,7.010856,45.99387
84,7.010846,45.994139
84,7.010837,45.994409
84,7.010827,45.994679
84,7.010817,45.994949
84,7.011204,45.994956
84,7.011195,45.995226
84,7.011582,45.995232
84,7.011572,45.995502
84,7.011959,45.995509
84,7.01195,45.995779
84,7.01194,45.996049
84,7.011553,45.996042
84,7.011166,45.996035
84,7.010779,45.996028
84,7.010391,45.996022
84,7.010004,45.996015
84,7.009995,45.996285
84,7.009861,45.996282
84,7.009847,45.996372
84,7.00973,45.99655
84,7.009985,45.996555
84,7.009975,45.996824
84,7.009966,45.997094
84,7.010353,45.997101
84,7.010343,45.997371
84,7.01073,45.997378
84,7.010721,45.997647
84,7.010691,45.997917
84,7.01123,45.998502
84,7.01145,45.998772
84,7.01173,45.999591
84,7.0122,46.000414
84,7.012342,46.000646
84,7.01255,46.00065
84,7.012514,46.000928
84,7.012852,46.001483
84,7.012905,46.001569
84,7.013007,46.001738
84,7.013286,46.001742
84,7.013313,46.001977
84,7.013392,46.002014
84,7.013664,46.002019
84,7.013659,46.002149
84,7.014188,46.002415
84,7.015262,46.003307
84,7.015448,46.003927
84,7.015671,46.003993
84,7.01573,46.004548
84,7.015798,46.005026
84,7.015881,46.005028
84,7.016268,46.005034
84,7.016258,46.005304
84,7.016646,46.005311
84,7.016636,46.005581
84,7.016626,46.005851
84,7.017013,46.005857
84,7.017004,46.006127
84,7.016994,46.006397
84,7.017381,46.006404
84,7.017372,46.006674
84,7.017759,46.00668
84,7.017749,46.00695
84,7.017712,46.007265
84,7.017967,46.007224
84,7.018127,46.007227
84,7.018514,46.007233
84,7.018475,46.00753
84,7.018892,46.00751
84,7.019279,46.007517
84,7.019269,46.007787
84,7.019657,46.007793
84,7.020044,46.0078
84,7.020431,46.007807
84,7.020422,46.008077
84,7.020809,46.008083
84,7.020799,46.008353
84,7.021187,46.00836
84,7.021196,46.00809
84,7.021583,46.008097
84,7.021593,46.007827
84,7.021603,46.007557
84,7.021215,46.00755
84,7.021225,46.00728
84,7.021235,46.007011
84,7.021244,46.006741
84,7.020857,46.006734
84,7.020867,46.006464
84,7.020479,46.006458
84,7.020092,46.006451
84,7.020102,46.006181
84,7.020111,46.005911
84,7.020499,46.005918
84,7.020886,46.005925
84,7.021273,46.005931
84,7.02166,46.005938
84,7.021651,46.006208
84,7.022038,46.006214
84,7.022425,46.006221
84,7.022813,46.006228
84,7.022803,46.006498
84,7.02319,46.006504
84,7.023181,46.006774
84,7.023171,46.007044
84,7.023558,46.007051
84,7.023945,46.007058
84,7.024333,46.007064
84,7.02472,46.007071
84,7.025107,46.007078
84,7.025098,46.007347
84,7.025485,46.007354
84,7.025475,46.007624
84,7.025466,46.007894
84,7.025456,46.008164
84,7.025446,46.008434
84,7.025437,46.008703
84,7.025427,46.008973
84,7.02504,46.008967
84,7.02503,46.009236
84,7.024643,46.00923
84,7.024633,46.0095
84,7.024246,46.009493
84,7.024237,46.009763
84,7.023849,46.009756
84,7.02384,46.010026
84,7.02383,46.010296
84,7.023443,46.010289
84,7.023433,46.010559
84,7.023046,46.010552
84,7.023036,46.010822
84,7.023027,46.011092
84,7.022639,46.011085
84,7.02263,46.011355
84,7.02262,46.011625
84,7.022611,46.011895
84,7.022223,46.011888
84,7.022214,46.012158
84,7.022204,46.012428
84,7.022194,46.012698
84,7.022185,46.012967
84,7.022175,46.013237
84,7.021788,46.013231
84,7.021778,46.0135
84,7.021769,46.01377
84,7.021381,46.013764
84,7.021372,46.014033
84,7.020984,46.014027
84,7.020975,46.014297
84,7.020965,46.014566
84,7.020578,46.01456
84,7.020568,46.01483
84,7.020559,46.015099
84,7.020549,46.015369
84,7.020162,46.015362
84,7.020152,46.015632
84,7.020142,46.015902
84,7.020133,46.016172
84,7.020123,46.016442
84,7.020113,46.016712
84,7.020104,46.016982
84,7.020094,46.017251
84,7.020084,46.017521
84,7.020472,46.017528
84,7.020462,46.017798
84,7.020453,46.018068
84,7.020443,46.018338
84,7.02083,46.018344
84,7.020821,46.018614
84,7.021208,46.018621
84,7.021198,46.018891
84,7.021586,46.018897
84,7.021576,46.019167
84,7.021963,46.019174
84,7.021954,46.019444
84,7.022341,46.01945
84,7.022331,46.01972
84,7.022719,46.019727
84,7.022709,46.019997
84,7.023097,46.020004
84,7.023087,46.020273
84,7.023077,46.020543
84,7.023465,46.02055
84,7.023455,46.02082
84,7.023674,46.020824
85,7.043626,45.997433
85,7.044048,45.997413
85,7.044435,45.99742
85,7.044822,45.997426
85,7.045209,45.997433
85,7.0452,45.997703
85,7.045587,45.997709
85,7.045974,45.997716
85,7.046361,45.997722
85,7.046352,45.997992
85,7.046739,45.997999
85,7.047126,45.998006
85,7.047117,45.998275
85,7.047504,45.998282
85,7.047494,45.998552
85,7.047881,45.998559
85,7.048269,45.998565
85,7.048259,45.998835
85,7.048646,45.998842
85,7.049034,45.998848
85,7.049024,45.999118
85,7.049411,45.999125
85,7.049402,45.999395
85,7.049392,45.999664
85,7.04978,45.999671
85,7.04977,45.999941
85,7.050157,45.999947
85,7.050544,45.999954
85,7.050932,45.999961
85,7.051319,45.999967
85,7.051706,45.999974
85,7.052093,45.99998
85,7.052481,45.999987
85,7.052868,45.999994
85,7.052858,46.000264
85,7.053245,46.00027
85,7.053633,46.000277
85,7.05402,46.000283
85,7.054407,46.00029
85,7.054398,46.00056
85,7.054785,46.000566
85,7.054794,46.000297
85,7.055182,46.000303
85,7.055172,46.000573
85,7.055559,46.00058
85,7.055947,46.000586
85,7.056334,46.000593
85,7.056343,46.000323
85,7.05673,46.000329
85,7.057118,46.000336
85,7.057505,46.000343
85,7.057892,46.000349
85,7.058279,46.000356
85,7.058666,46.000362
85,7.059054,46.000369
85,7.059441,46.000376
85,7.059431,46.000645
85,7.059819,46.000652
85,7.060206,46.000659
85,7.060593,46.000665
85,7.060584,46.000935
85,7.060971,46.000942
85,7.061358,46.000948
85,7.061745,46.000955
85,7.062133,46.000961
85,7.06252,46.000968
85,7.062907,46.000974
85,7.063294,46.000981
85,7.063681,46.000988
85,7.064069,46.000994
85,7.064456,46.001001
85,7.064843,46.001007
85,7.06523,46.001014
85,7.065618,46.00102
85,7.066005,46.001027
85,7.066392,46.001033
85,7.066779,46.00104
85,7.067166,46.001047
85,7.067554,46.001053
85,7.067941,46.00106
85,7.068328,46.001066
85,7.068715,46.001073
85,7.069103,46.001079
85,7.06949,46.001086
85,7.069877,46.001092
85,7.070264,46.001099
85,7.070651,46.001105
85,7.070661,46.000836
85,7.07067,46.000566
85,7.07068,46.000296
85,7.070689,46.000026
85,7.070302,46.000019
85,7.070311,45.99975
85,7.069924,45.999743
85,7.069933,45.999473
85,7.069546,45.999467
85,7.069556,45.999197
85,7.069168,45.99919
85,7.069178,45.99892
85,7.06879,45.998914
85,7.0688,45.998644
85,7.068413,45.998637
85,7.068025,45.998631
85,7.068035,45.998361
85,7.067648,45.998355
85,7.06726,45.998348
85,7.06727,45.998078
85,7.066883,45.998072
85,7.066495,45.998065
85,7.066108,45.998058
85,7.066099,45.998328
85,7.065712,45.998322
85,7.065702,45.998592
85,7.065315,45.998585
85,7.064928,45.998579
85,7.064541,45.998572
85,7.06455,45.998302
85,7.064163,45.998296
85,7.064172,45.998026
85,7.063785,45.998019
85,7.063398,45.998013
85,7.063407,45.997743
85,7.06302,45.997736
85,7.062633,45.99773
85,7.062246,45.997723
85,7.062255,45.997453
85,7.062265,45.997183
85,7.062274,45.996913
85,7.061887,45.996907
85,7.061896,45.996637
85,7.061509,45.99663
85,7.061518,45.996361
85,7.061131,45.996354
85,7.060744,45.996347
85,7.060753,45.996078
85,7.060366,45.996071
85,7.059979,45.996064
85,7.059989,45.995795
85,7.059601,45.995788
85,7.059611,45.995518
85,7.059224,45.995512
85,7.059233,45.995242
85,7.058846,45.995235
85,7.058855,45.994965
85,7.058468,45.994959
85,7.058081,45.994952
85,7.05809,45.994682
85,7.057703,45.994676
85,7.057709,45.9945
85,7.057552,45.994489
85,7.056932,45.994424
85,7.056551,45.994386
85,7.056542,45.994656
85,7.056155,45.994649
85,7.055767,45.994643
85,7.055758,45.994913
85,7.055748,45.995182
85,7.055739,45.995452
85,7.056126,45.995459
85,7.056117,45.995729
85,7.056504,45.995735
85,7.056494,45.996005
85,7.056882,45.996012
85,7.056872,45.996282
85,7.057259,45.996288
85,7.05725,45.996558
85,7.05724,45.996828
85,7.057628,45.996835
85,7.058015,45.996841
85,7.058005,45.997111
85,7.057618,45.997104
85,7.057231,45.997098
85,7.056844,45.997091
85,7.056457,45.997085
85,7.056466,45.996815
85,7.056079,45.996808
85,7.055692,45.996802
85,7.055701,45.996532
85,7.055314,45.996525
85,7.054927,45.996519
85,7.054936,45.996249
85,7.054549,45.996242
85,7.054559,45.995972
85,7.054568,45.995702
85,7.054577,45.995433
85,7.05419,45.995426
85,7.0542,45.995156
85,7.053813,45.99515
85,7.053822,45.99488
85,7.053435,45.994873
85,7.053444,45.994603
85,7.053057,45.994597
85,7.05267,45.99459
85,7.052283,45.994583
85,7.051896,45.994577
85,7.051508,45.99457
85,7.051121,45.994564
85,7.050734,45.994557
85,7.050725,45.994827
85,7.050337,45.99482
85,7.050347,45.99455
85,7.04996,45.994544
85,7.049969,45.994274
85,7.050356,45.994281
85,7.050366,45.994011
85,7.050375,45.993741
85,7.050385,45.993471
85,7.049998,45.993464
85,7.04961,45.993458
85,7.049223,45.993451
85,7.048836,45.993445
85,7.048449,45.993438
85,7.048458,45.993168
85,7.048071,45.993161
85,7.047684,45.993155
85,7.047297,45.993148
85,7.04691,45.993142
85,7.046919,45.992872
85,7.046532,45.992865
85,7.046542,45.992595
85,7.046155,45.992589
85,7.046164,45.992319
85,7.046174,45.992049
85,7.046183,45.991779
85,7.046193,45.991509
85,7.04658,45.991516
85,7.046647,45.991517
85,7.046565,45.990886
85,7.046315,45.990332
85,7.046237,45.990259
85,7.046231,45.99043
85,7.045843,45.990423
85,7.045456,45.990417
85,7.045466,45.990147
85,7.045475,45.989877
85,7.045088,45.98987
85,7.045098,45.9896
85,7.04471,45.989594
85,7.04472,45.989324
85,7.044333,45.989317
85,7.043946,45.989311
85,7.043939,45.989027
85,7.042887,45.989378
85,7.04209,45.989796
85,7.04113,45.990505
85,7.039211,45.992069
85,7.038793,45.992787
85,7.038499,45.993785
85,7.038686,45.994405
85,7.039032,45.994829
85,7.040901,45.995788
85,7.043086,45.997104
85,7.043626,45.997433
86,6.971611,45.937299
86,6.971855,45.937213
86,6.971737,45.936844
86,6.972223,45.937083
86,6.97233,45.937045
86,6.972482,45.937048
86,6.97247,45.937167
86,6.973922,45.93723
86,6.973877,45.93753
86,6.974467,45.937725
86,6.974624,45.937959
86,6.975045,45.938221
86,6.97504,45.938359
86,6.975133,45.938523
86,6.975231,45.938571
86,6.975327,45.938665
86,6.975678,45.939041
86,6.975733,45.939342
86,6.975753,45.939713
86,6.975804,45.940129
86,6.975427,45.940465
86,6.97541,45.940931
86,6.97501,45.941235
86,6.973789,45.94125
86,6.973815,45.941497
86,6.972648,45.941489
86,6.972259,45.941482
86,6.972268,45.941235
86,6.971827,45.941203
86,6.971195,45.941134
86,6.971057,45.940392
86,6.970327,45.940402
86,6.970351,45.940921
86,6.970721,45.941426
86,6.970972,45.9418
86,6.970765,45.942028
86,6.970004,45.941991
86,6.969479,45.943037
86,6.96916,45.94334
86,6.968772,45.943079
86,6.968342,45.943048
86,6.968401,45.943257
86,6.967926,45.943549
86,6.96791,45.94386
86,6.96722,45.943837
86,6.967135,45.944344
86,6.965873,45.944437
86,6.965957,45.944855
86,6.965194,45.944887
86,6.965175,45.945395
86,6.964732,45.945734
86,6.964368,45.94592
86,6.963236,45.945912
86,6.963154,45.946206
86,6.962801,45.9462
86,6.962781,45.94673
86,6.963188,45.946738
86,6.963143,45.947008
86,6.962601,45.947011
86,6.962597,45.947116
86,6.961823,45.947102
86,6.961827,45.947009
86,6.961639,45.947006
86,6.961612,45.947252
86,6.961223,45.94727
86,6.961202,45.948319
86,6.961589,45.948363
86,6.96158,45.948609
86,6.961987,45.948616
86,6.961943,45.948862
86,6.962313,45.948894
86,6.962268,45.94914
86,6.961208,45.949121
86,6.961145,45.948898
86,6.960367,45.948896
86,6.960339,45.949661
86,6.960744,45.949705
86,6.960754,45.949915
86,6.961177,45.949947
86,6.961123,45.950464
86,6.962643,45.950504
86,6.963385,45.950529
86,6.963401,45.951073
86,6.962252,45.951027
86,6.96226,45.950818
86,6.9615,45.950792
86,6.961491,45.951039
86,6.961083,45.951081
86,6.961066,45.951549
86,6.961527,45.951825
86,6.961481,45.952171
86,6.961372,45.952369
86,6.961011,45.952348
86,6.96078,45.952297
86,6.960645,45.952899
86,6.960274,45.95288
86,6.960181,45.953964
86,6.960483,45.954072
86,6.960277,45.954276
86,6.96047,45.954441
86,6.960565,45.954559
86,6.960505,45.954784
86,6.960547,45.955069
86,6.960955,45.955052
86,6.961048,45.955838
86,6.962249,45.95653
86,6.960885,45.956668
86,6.960635,45.957172
86,6.959321,45.957157
86,6.959196,45.957539
86,6.95921,45.958071
86,6.959262,45.958279
86,6.959415,45.958814
86,6.960541,45.958834
86,6.960721,45.958421
86,6.960768,45.958052
86,6.961226,45.958222
86,6.961369,45.957947
86,6.961183,45.957597
86,6.960957,45.957409
86,6.961296,45.957207
86,6.961345,45.956791
86,6.96224,45.956784
86,6.962771,45.956747
86,6.963063,45.956938
86,6.963817,45.957159
86,6.964574,45.957288
86,6.96487,45.957363
86,6.965298,45.95744
86,6.965455,45.957674
86,6.965747,45.957841
86,6.966008,45.957961
86,6.96607,45.958054
86,6.966334,45.958105
86,6.966667,45.958042
86,6.967129,45.958119
86,6.967619,45.958313
86,6.968079,45.958414
86,6.968414,45.958304
86,6.968726,45.95794
86,6.968676,45.957477
86,6.969145,45.957346
86,6.969646,45.95724
86,6.970251,45.957019
86,6.970356,45.956859
86,6.970634,45.956494
86,6.970813,45.956151
86,6.971085,45.955948
86,6.971163,45.955626
86,6.971466,45.955515
86,6.971607,45.955264
86,6.971812,45.955105
86,6.97205,45.954925
86,6.972252,45.954836
86,6.972485,45.954817
86,6.97262,45.95475
86,6.972361,45.954584
86,6.972727,45.954544
86,6.972547,45.954444
86,6.972193,45.95445
86,6.972185,45.954178
86,6.971797,45.954146
86,6.971808,45.953851
86,6.971998,45.95363
86,6.972527,45.953662
86,6.972547,45.953131
86,6.972756,45.952834
86,6.973616,45.952872
86,6.974049,45.952834
86,6.974166,45.952351
86,6.974963,45.952295
86,6.975588,45.952422
86,6.976377,45.952598
86,6.976898,45.952838
86,6.977248,45.953237
86,6.977643,45.95346
86,6.977999,45.953551
86,6.978356,45.953765
86,6.978712,45.95398
86,6.978657,45.95458
86,6.978361,45.955102
86,6.978333,45.955644
86,6.97797,45.955638
86,6.977942,45.956168
86,6.977536,45.956161
86,6.977525,45.956697
86,6.977162,45.956691
86,6.977134,45.957227
86,6.976763,45.957215
86,6.976744,45.957486
86,6.976346,45.957497
86,6.976327,45.957762
86,6.975947,45.957749
86,6.975929,45.958014
86,6.97553,45.958026
86,6.975557,45.958273
86,6.975141,45.958272
86,6.975121,45.958567
86,6.974742,45.958548
86,6.974714,45.958813
86,6.974361,45.958801
86,6.974333,45.959084
86,6.97387,45.959557
86,6.973233,45.959753
86,6.972967,45.959772
86,6.972701,45.959813
86,6.972562,45.959973
86,6.972366,45.960129
86,6.971986,45.960116
86,6.971957,45.960924
86,6.97155,45.960929
86,6.971558,45.961194
86,6.971178,45.961181
86,6.971151,45.961428
86,6.969621,45.961419
86,6.969602,45.96169
86,6.969213,45.961689
86,6.969194,45.961961
86,6.969583,45.96198
86,6.969547,45.962232
86,6.96884,45.962213
86,6.968794,45.96249
86,6.968406,45.962477
86,6.968405,45.962749
86,6.968015,45.962748
86,6.967997,45.963007
86,6.967626,45.963006
86,6.967616,45.963265
86,6.967209,45.963264
86,6.967217,45.963536
86,6.966819,45.963535
86,6.966817,45.963819
86,6.966419,45.963811
86,6.966418,45.96433
86,6.966011,45.964329
86,6.966001,45.9646
86,6.965241,45.96458
86,6.965212,45.965388
86,6.964805,45.965381
86,6.964793,45.965936
86,6.964051,45.96591
86,6.964002,45.966995
86,6.963623,45.96697
86,6.963584,45.967796
86,6.963573,45.968333
86,6.963175,45.968325
86,6.963146,45.968868
86,6.963527,45.968868
86,6.963486,45.969972
86,6.963098,45.969947
86,6.963078,45.970489
86,6.963086,45.970749
86,6.962706,45.970742
86,6.962706,45.970995
86,6.962289,45.971018
86,6.96228,45.971265
86,6.961483,45.971269
86,6.961492,45.971522
86,6.961128,45.971534
86,6.96111,45.971793
86,6.960703,45.971798
86,6.960684,45.972316
86,6.959923,45.972315
86,6.959127,45.972301
86,6.95909,45.972578
86,6.959049,45.972577
86,6.959052,45.972588
86,6.959049,45.972586
86,6.957894,45.972599
86,6.957887,45.9728
86,6.957304,45.972941
86,6.95706,45.973054
86,6.956715,45.973265
86,6.956374,45.973377
86,6.956152,45.973524
86,6.955933,45.973604
86,6.955727,45.973969
86,6.955467,45.974501
86,6.955076,45.974678
86,6.954971,45.974895
86,6.954817,45.97516
86,6.954116,45.975248
86,6.953842,45.975512
86,6.953429,45.975622
86,6.953115,45.975666
86,6.952292,45.975786
86,6.952288,45.97592
86,6.951999,45.975915
86,6.951844,45.976214
86,6.95093,45.976197
86,6.950583,45.976493
86,6.949134,45.976635
86,6.94864,45.976995
86,6.946474,45.977023
86,6.946466,45.977224
86,6.947425,45.977309
86,6.947418,45.97751
86,6.948042,45.977554
86,6.948072,45.978025
86,6.948887,45.978106
86,6.949761,45.977887
86,6.950907,45.978143
86,6.953082,45.977863
86,6.953455,45.978188
86,6.954273,45.978169
86,6.954331,45.977902
86,6.956169,45.977633
86,6.956889,45.977679
86,6.956899,45.977411
86,6.957765,45.977427
86,6.957775,45.977159
86,6.958163,45.977065
86,6.958168,45.976931
86,6.958604,45.976838
86,6.958609,45.976704
86,6.958994,45.976711
86,6.959005,45.976409
86,6.96007,45.976227
86,6.960084,45.975858
86,6.960854,45.975838
86,6.960911,45.975605
86,6.96144,45.975614
86,6.961449,45.975346
86,6.962508,45.975331
86,6.962516,45.97513
86,6.963022,45.975089
86,6.9632,45.97484
86,6.963561,45.97483
86,6.963497,45.974611
86,6.964076,45.974554
86,6.964095,45.974051
86,6.964867,45.973998
86,6.964885,45.973495
86,6.965272,45.973435
86,6.965279,45.973234
86,6.965712,45.973242
86,6.965767,45.972961
86,6.966102,45.972962
86,6.966086,45.972678
86,6.966493,45.972673
86,6.966512,45.972167
86,6.967299,45.972162
86,6.9673,45.971897
86,6.967671,45.971916
86,6.967727,45.971115
86,6.96809,45.971115
86,6.968127,45.970832
86,6.968524,45.970845
86,6.968508,45.970574
86,6.968896,45.970599
86,6.968925,45.97005
86,6.969288,45.970032
86,6.969307,45.969514
86,6.969696,45.969521
86,6.969725,45.968979
86,6.970114,45.96898
86,6.970125,45.968461
86,6.970523,45.96845
86,6.970533,45.968185
86,6.971276,45.968198
86,6.971311,45.96794
86,6.971692,45.967934
86,6.971715,45.967669
86,6.972095,45.967676
86,6.972106,45.967392
86,6.972495,45.967402
86,6.972513,45.967143
86,6.972889,45.967138
86,6.972912,45.966879
86,6.973672,45.966889
86,6.973691,45.966618
86,6.974071,45.966631
86,6.974085,45.966357
86,6.974859,45.966368
86,6.97486,45.966096
86,6.975263,45.966103
86,6.975277,45.965838
86,6.975644,45.965845
86,6.975667,45.965564
86,6.976414,45.965581
86,6.976446,45.965322
86,6.976826,45.96532
86,6.976836,45.965051
86,6.977229,45.965061
86,6.977239,45.96479
86,6.977624,45.964794
86,6.977633,45.964535
86,6.978022,45.964539
86,6.978041,45.964265
86,6.97881,45.964278
86,6.978816,45.964004
86,6.979196,45.964017
86,6.979215,45.963739
86,6.979595,45.963752
86,6.979605,45.963484
86,6.980003,45.963488
86,6.980004,45.963216
86,6.980393,45.963223
86,6.980407,45.962958
86,6.980796,45.962968
86,6.980801,45.962703
86,6.981566,45.96271
86,6.98159,45.962168
86,6.981997,45.962175
86,6.981984,45.96191
86,6.982373,45.96191
86,6.982392,45.961645
86,6.982781,45.961652
86,6.982786,45.961378
86,6.983171,45.961394
86,6.983191,45.960845
86,6.983566,45.960852
86,6.983576,45.960586
86,6.983948,45.960587
86,6.983993,45.960316
86,6.984364,45.960329
86,6.984374,45.960045
86,6.984763,45.960058
86,6.984773,45.959522
86,6.985153,45.959535
86,6.985181,45.959257
86,6.985543,45.959276
86,6.985591,45.95845
86,6.985971,45.958463
86,6.985971,45.958204
86,6.986351,45.958211
86,6.986407,45.95765
86,6.986443,45.957392
86,6.986779,45.957391
86,6.986806,45.957139
86,6.987204,45.95714
86,6.987215,45.956603
86,6.987595,45.956604
86,6.987614,45.956077
86,6.987644,45.956045
86,6.988019,45.955648
86,6.988121,45.95554
86,6.988427,45.955216
86,6.988623,45.955008
86,6.988814,45.954806
86,6.989631,45.953941
86,6.99101,45.95206
86,6.992627,45.950792
86,6.993727,45.94944
86,6.99403,45.949158
86,6.994058,45.949132
86,6.994312,45.948895
86,6.994478,45.94874
86,6.994971,45.948281
86,6.996132,45.947572
86,6.996367,45.947429
86,6.99644,45.947408
86,6.996743,45.947319
86,6.996812,45.947299
86,6.997471,45.947106
86,6.99963,45.946305
86,7.001944,45.945736
86,7.004488,45.944866
86,7.006271,45.944469
86,7.007484,45.944045
86,7.007769,45.943945
86,7.008296,45.943761
86,7.009067,45.943788
86,7.009659,45.943914
86,7.010051,45.94406
86,7.010039,45.944383
86,7.010058,45.944799
86,7.010041,45.945261
86,7.01004,45.945657
86,7.010066,45.945929
86,7.010437,45.945935
86,7.010409,45.946478
86,7.010797,45.946491
86,7.010788,45.94675
86,7.011159,45.946756
86,7.011167,45.947034
86,7.011565,45.947035
86,7.011546,45.947318
86,7.0119,45.947324
86,7.011934,45.947837
86,7.012694,45.947875
86,7.012684,45.948146
86,7.013064,45.948147
86,7.013027,45.948677
86,7.013461,45.948678
86,7.013814,45.948696
86,7.013795,45.948968
86,7.014193,45.948975
86,7.014175,45.949239
86,7.014564,45.949252
86,7.014554,45.949518
86,7.014943,45.949537
86,7.014933,45.949796
86,7.015331,45.949803
86,7.015313,45.950068
86,7.015711,45.950074
86,7.01571,45.950352
86,7.016081,45.950352
86,7.016614,45.950484
86,7.016772,45.950694
86,7.016755,45.951179
86,7.015558,45.951274
86,7.015437,45.951896
86,7.014906,45.95191
86,7.014856,45.952213
86,7.015227,45.952219
86,7.015633,45.952239
86,7.015624,45.95251
86,7.015986,45.95251
86,7.015985,45.952782
86,7.016383,45.952807
86,7.016391,45.953072
86,7.017559,45.953068
86,7.017531,45.953339
86,7.017911,45.953346
86,7.017883,45.9539
86,7.018272,45.953901
86,7.018289,45.95416
86,7.018651,45.954173
86,7.01865,45.954457
86,7.019058,45.954439
86,7.01903,45.954728
86,7.019808,45.954736
86,7.019826,45.954477
86,7.020171,45.954471
86,7.020207,45.9542
86,7.020987,45.954211
86,7.021276,45.954494
86,7.021707,45.954478
86,7.021824,45.953972
86,7.023708,45.954007
86,7.023708,45.95426
86,7.024052,45.954279
86,7.024043,45.95455
86,7.024449,45.954563
86,7.02443,45.955087
86,7.024819,45.955094
86,7.024801,45.955365
86,7.025976,45.955392
86,7.026004,45.955108
86,7.026366,45.955127
86,7.026764,45.954843
86,7.027203,45.954619
86,7.027896,45.954882
86,7.027896,45.955141
86,7.029063,45.955161
86,7.029071,45.955445
86,7.02984,45.955452
86,7.029831,45.955717
86,7.032924,45.955783
86,7.032916,45.955524
86,7.034092,45.955532
86,7.034073,45.955803
86,7.035232,45.95581
86,7.035277,45.95554
86,7.035657,45.955552
86,7.035658,45.955275
86,7.036039,45.955263
86,7.036074,45.955017
86,7.036446,45.955011
86,7.036456,45.95448
86,7.036067,45.954474
86,7.036085,45.953949
86,7.035325,45.953936
86,7.035327,45.953375
86,7.034195,45.953368
86,7.034168,45.953892
86,7.033381,45.953878
86,7.03341,45.952805
86,7.03303,45.952799
86,7.033056,45.952546
86,7.033437,45.952534
86,7.033456,45.951998
86,7.033863,45.952005
86,7.033856,45.951462
86,7.034253,45.951469
86,7.034254,45.950938
86,7.035015,45.950945
86,7.035072,45.949323
86,7.034701,45.949311
86,7.034728,45.948787
86,7.033951,45.948761
86,7.033915,45.949032
86,7.032385,45.949018
86,7.03235,45.94927
86,7.030449,45.94925
86,7.030448,45.949521
86,7.030041,45.94952
86,7.030041,45.949773
86,7.028883,45.949766
86,7.028865,45.950018
86,7.028476,45.950018
86,7.028522,45.949229
86,7.028141,45.949222
86,7.028152,45.948932
86,7.026207,45.948899
86,7.026188,45.949176
86,7.025809,45.949157
86,7.025828,45.948368
86,7.025068,45.948355
86,7.025077,45.948083
86,7.024309,45.948064
86,7.024318,45.947799
86,7.023152,45.947766
86,7.023159,45.948044
86,7.021966,45.948023
86,7.021976,45.947746
86,7.021207,45.947733
86,7.020801,45.947713
86,7.020845,45.947461
86,7.020067,45.947448
86,7.020058,45.947719
86,7.019633,45.947724
86,7.019632,45.947995
86,7.018483,45.947969
86,7.01852,45.947674
86,7.018176,45.947552
86,7.018117,45.947343
86,7.017792,45.947176
86,7.017364,45.946864
86,7.016976,45.946845
86,7.016984,45.946604
86,7.016225,45.946579
86,7.016235,45.946289
86,7.015827,45.946313
86,7.015873,45.945765
86,7.015494,45.945739
86,7.014827,45.945784
86,7.014333,45.945683
86,7.014346,45.945313
86,7.014292,45.944989
86,7.014031,45.944868
86,7.013977,45.944633
86,7.013249,45.944508
86,7.013305,45.943862
86,7.013278,45.943677
86,7.013743,45.943662
86,7.013352,45.94347
86,7.013627,45.943276
86,7.013627,45.943029
86,7.013238,45.943023
86,7.013257,45.942755
86,7.014067,45.942747
86,7.015204,45.943033
86,7.017147,45.943677
86,7.01975,45.94389
86,7.019829,45.943929
86,7.01974,45.944228
86,7.020471,45.944518
86,7.020516,45.944772
86,7.020525,45.945043
86,7.020931,45.94505
86,7.020903,45.945346
86,7.021294,45.945303
86,7.021283,45.945593
86,7.021672,45.945594
86,7.021838,45.945878
86,7.021702,45.946227
86,7.022125,45.946442
86,7.02282,45.946477
86,7.02283,45.945879
86,7.023589,45.945904
86,7.023589,45.946164
86,7.024747,45.94619
86,7.024737,45.946461
86,7.025877,45.946475
86,7.025905,45.946197
86,7.027089,45.946224
86,7.027062,45.946489
86,7.02784,45.946509
86,7.02783,45.94678
86,7.02821,45.94678
86,7.028191,45.94707
86,7.029367,45.947084
86,7.029349,45.947602
86,7.031275,45.947648
86,7.031266,45.947913
86,7.031664,45.947913
86,7.031654,45.948185
86,7.032423,45.948192
86,7.032406,45.947945
86,7.033573,45.947959
86,7.033608,45.947694
86,7.034351,45.947707
86,7.03436,45.94796
86,7.035137,45.947979
86,7.035092,45.94825
86,7.035897,45.948252
86,7.035888,45.948005
86,7.036287,45.947993
86,7.036313,45.947506
86,7.035908,45.947437
86,7.035934,45.947197
86,7.035546,45.947178
86,7.035556,45.946894
86,7.034017,45.946887
86,7.033981,45.94741
86,7.033601,45.947398
86,7.033638,45.946609
86,7.033232,45.946589
86,7.033241,45.94633
86,7.030916,45.946296
86,7.030285,45.94619
86,7.02928,45.946496
86,7.028659,45.946254
86,7.02867,45.945954
86,7.029472,45.94576
86,7.030169,45.945726
86,7.030799,45.945713
86,7.031038,45.94551
86,7.0318,45.945523
86,7.031758,45.945776
86,7.034047,45.945807
86,7.034065,45.945542
86,7.034445,45.945543
86,7.034455,45.945278
86,7.034844,45.945278
86,7.034861,45.945025
86,7.03602,45.945039
86,7.036001,45.945323
86,7.036426,45.945305
86,7.03639,45.945564
86,7.036752,45.945582
86,7.03663,45.946669
86,7.037052,45.946907
86,7.037482,45.946915
86,7.037908,45.946417
86,7.037965,45.944807
86,7.03756,45.944757
86,7.037585,45.944523
86,7.03717,45.944516
86,7.037188,45.944245
86,7.036031,45.944213
86,7.03604,45.943954
86,7.034113,45.94392
86,7.034104,45.944173
86,7.033309,45.944166
86,7.033344,45.943907
86,7.032956,45.943894
86,7.03292,45.944147
86,7.032134,45.944127
86,7.032205,45.943604
86,7.032594,45.943611
86,7.032587,45.94308
86,7.032984,45.943087
86,7.032957,45.943358
86,7.034919,45.943385
86,7.034929,45.942855
86,7.035318,45.942855
86,7.035329,45.942566
86,7.035709,45.942566
86,7.035783,45.940963
86,7.034996,45.940962
86,7.035053,45.939612
86,7.034655,45.939605
86,7.034665,45.939321
86,7.034276,45.939314
86,7.034303,45.93905
86,7.034657,45.939043
86,7.034684,45.938791
86,7.033915,45.93879
86,7.033907,45.938512
86,7.033156,45.938493
86,7.033146,45.938777
86,7.032748,45.938764
86,7.032756,45.939029
86,7.032359,45.939028
86,7.032349,45.9393
86,7.031174,45.939267
86,7.031202,45.938978
86,7.03083,45.938977
86,7.030822,45.938471
86,7.030442,45.938453
86,7.030451,45.938194
86,7.029312,45.938149
86,7.029295,45.937884
86,7.028923,45.937896
86,7.028878,45.938173
86,7.027739,45.938141
86,7.027786,45.937049
86,7.02814,45.937055
86,7.028184,45.936797
86,7.028573,45.936791
86,7.028574,45.936526
86,7.029361,45.936527
86,7.029335,45.936003
86,7.028973,45.93599
86,7.028974,45.935731
86,7.027825,45.935711
86,7.027834,45.935952
86,7.026658,45.935938
86,7.026676,45.935679
86,7.025881,45.935671
86,7.025892,45.935363
86,7.024396,45.935373
86,7.024414,45.934869
86,7.02591,45.934858
86,7.025919,45.934592
86,7.02629,45.934593
86,7.026344,45.934322
86,7.026725,45.934308
86,7.026732,45.934092
86,7.027473,45.93408
86,7.027568,45.934334
86,7.028291,45.934335
86,7.028316,45.934119
86,7.028662,45.934077
86,7.028734,45.93302
86,7.030231,45.933058
86,7.030205,45.933298
86,7.031003,45.933347
86,7.031002,45.933878
86,7.031382,45.933885
86,7.03138,45.934172
86,7.031724,45.934178
86,7.03174,45.934707
86,7.031748,45.934971
86,7.031738,45.935247
86,7.031728,45.935524
86,7.031696,45.935766
86,7.032854,45.935767
86,7.032863,45.935527
86,7.033216,45.935533
86,7.033264,45.934441
86,7.033661,45.934454
86,7.033688,45.934202
86,7.034059,45.934214
86,7.034115,45.933364
86,7.034478,45.933364
86,7.034505,45.932581
86,7.034117,45.932568
86,7.034143,45.932316
86,7.034136,45.932032
86,7.034551,45.932051
86,7.034554,45.930947
86,7.034943,45.930954
86,7.034951,45.930719
86,7.035341,45.930701
86,7.03535,45.930442
86,7.035721,45.930461
86,7.035784,45.930166
86,7.036863,45.930172
86,7.036934,45.929667
86,7.036528,45.929648
86,7.036583,45.929081
86,7.037696,45.929113
86,7.03774,45.928855
86,7.038112,45.928849
86,7.03814,45.928565
86,7.038528,45.928597
86,7.038518,45.928856
86,7.039633,45.92885
86,7.039712,45.928617
86,7.040013,45.928585
86,7.040083,45.928358
86,7.040446,45.928352
86,7.040501,45.927557
86,7.040863,45.927557
86,7.0409,45.927021
86,7.041307,45.927009
86,7.041353,45.925955
86,7.04092,45.925941
86,7.040984,45.924863
86,7.040587,45.92485
86,7.040597,45.924326
86,7.040616,45.923771
86,7.039821,45.923763
86,7.039856,45.923511
86,7.038329,45.923454
86,7.038338,45.923189
86,7.03794,45.923194
86,7.037922,45.923459
86,7.036783,45.923427
86,7.036811,45.922373
86,7.036432,45.922335
86,7.036449,45.92186
86,7.036759,45.921841
86,7.036867,45.921294
86,7.036089,45.921293
86,7.03607,45.921811
86,7.035311,45.921798
86,7.035219,45.923147
86,7.034857,45.923123
86,7.034829,45.923412
86,7.034441,45.923405
86,7.034495,45.923123
86,7.034725,45.92312
86,7.034838,45.922919
86,7.034877,45.921809
86,7.034188,45.921785
86,7.034144,45.922043
86,7.03371,45.922054
86,7.033673,45.922862
86,7.03332,45.922856
86,7.033283,45.923126
86,7.032525,45.923076
86,7.032552,45.922571
86,7.032198,45.922559
86,7.032191,45.922022
86,7.032571,45.922028
86,7.03259,45.920986
86,7.03222,45.920961
86,7.032176,45.921201
86,7.031044,45.9212
86,7.031009,45.921458
86,7.030699,45.921453
86,7.030599,45.922543
86,7.030219,45.922537
86,7.030199,45.923339
86,7.030173,45.923597
86,7.029792,45.923597
86,7.029792,45.923868
86,7.029386,45.923843
86,7.029015,45.923836
86,7.029043,45.923294
86,7.029432,45.923301
86,7.029469,45.922505
86,7.029089,45.922505
86,7.029053,45.922763
86,7.028319,45.922763
86,7.028248,45.923021
86,7.027894,45.923027
86,7.027867,45.923551
86,7.027089,45.923538
86,7.027101,45.922717
86,7.027498,45.92273
86,7.027489,45.92249
86,7.028629,45.922497
86,7.028684,45.921955
86,7.029073,45.921956
86,7.029119,45.921142
86,7.028722,45.921135
86,7.028739,45.920889
86,7.02722,45.920838
86,7.027214,45.920517
86,7.026032,45.920471
86,7.025304,45.920521
86,7.025189,45.920284
86,7.024518,45.920273
86,7.024562,45.920027
86,7.024969,45.920009
86,7.024945,45.919194
86,7.02417,45.919119
86,7.02416,45.918897
86,7.023789,45.91889
86,7.023844,45.917843
86,7.023455,45.917823
86,7.023439,45.91728
86,7.022733,45.917256
86,7.022654,45.916983
86,7.02193,45.91697
86,7.021885,45.917253
86,7.020859,45.917248
86,7.02077,45.917765
86,7.020697,45.918331
86,7.020652,45.918614
86,7.022136,45.918627
86,7.022197,45.919418
86,7.02179,45.919423
86,7.021751,45.920509
86,7.021362,45.920502
86,7.021308,45.921044
86,7.021008,45.921026
86,7.021001,45.92073
86,7.02063,45.920699
86,7.020657,45.920453
86,7.020251,45.920446
86,7.020224,45.920211
86,7.019818,45.920179
86,7.017926,45.920171
86,7.017939,45.919332
86,7.018293,45.919326
86,7.018373,45.918562
86,7.016871,45.91853
86,7.016845,45.91877
86,7.016833,45.919338
86,7.017187,45.919337
86,7.01716,45.919861
86,7.016382,45.919842
86,7.016428,45.919318
86,7.01604,45.919274
86,7.016005,45.919027
86,7.014909,45.91902
86,7.014882,45.919279
86,7.014466,45.919278
86,7.014465,45.919562
86,7.014104,45.919537
86,7.014094,45.919808
86,7.014483,45.919815
86,7.014464,45.920092
86,7.015197,45.920111
86,7.015733,45.920375
86,7.016318,45.920708
86,7.01677,45.921017
86,7.016712,45.921709
86,7.01595,45.921719
86,7.015924,45.922536
86,7.016309,45.922812
86,7.016322,45.923367
86,7.013942,45.923322
86,7.013666,45.923551
86,7.014259,45.923683
86,7.01448,45.923935
86,7.013879,45.924087
86,7.013556,45.92385
86,7.013102,45.923567
86,7.013129,45.923308
86,7.01244,45.923284
86,7.01245,45.923025
86,7.01047,45.923003
86,7.010728,45.923292
86,7.011194,45.923534
86,7.011201,45.923842
86,7.011591,45.923812
86,7.012014,45.924355
86,7.012643,45.924389
86,7.013372,45.924355
86,7.013869,45.924364
86,7.014307,45.924164
86,7.014352,45.924688
86,7.015059,45.924711
86,7.015105,45.924922
86,7.015868,45.924953
86,7.015884,45.925439
86,7.015443,45.925506
86,7.015463,45.92578
86,7.016206,45.92578
86,7.016152,45.92631
86,7.016943,45.926382
86,7.016826,45.926889
86,7.014576,45.92685
86,7.014626,45.926342
86,7.014064,45.926309
86,7.013626,45.926532
86,7.013063,45.926523
86,7.012524,45.926791
86,7.011966,45.926642
86,7.011511,45.926403
86,7.011262,45.92596
86,7.010873,45.925699
86,7.010387,45.925413
86,7.009757,45.925137
86,7.00967,45.924605
86,7.009626,45.924358
86,7.008513,45.924338
86,7.008537,45.924647
86,7.007271,45.924573
86,7.00726,45.924873
86,7.007593,45.925347
86,7.008493,45.925387
86,7.008518,45.925671
86,7.009579,45.925677
86,7.009622,45.92595
86,7.009992,45.925981
86,7.010682,45.925993
86,7.010718,45.926462
86,7.011158,45.926507
86,7.01122,45.926755
86,7.011574,45.926761
86,7.0115,45.927327
86,7.011835,45.927358
86,7.011894,45.928173
86,7.012213,45.928179
86,7.012213,45.928672
86,7.012865,45.928721
86,7.01297,45.929253
86,7.013711,45.929291
86,7.013704,45.929488
86,7.014923,45.929534
86,7.014913,45.929817
86,7.013994,45.929802
86,7.012826,45.929806
86,7.011731,45.929787
86,7.010696,45.929757
86,7.010229,45.929443
86,7.008568,45.928538
86,7.007551,45.927987
86,7.006211,45.927277
86,7.005514,45.926922
86,7.004537,45.926753
86,7.004573,45.927287
86,7.00576,45.927689
86,7.007152,45.928437
86,7.008472,45.929028
86,7.009948,45.929667
86,7.010256,45.929988
86,7.010236,45.930538
86,7.010642,45.930558
86,7.010634,45.93078
86,7.010967,45.930859
86,7.01093,45.931908
86,7.010887,45.932725
86,7.010507,45.932696
86,7.010464,45.932972
86,7.010116,45.932969
86,7.009686,45.932965
86,7.009713,45.932682
86,7.008935,45.932668
86,7.008916,45.9332
86,7.008601,45.933194
86,7.008577,45.932928
86,7.008049,45.932918
86,7.007993,45.932414
86,7.007963,45.931728
86,7.007781,45.930696
86,7.006832,45.929765
86,7.005484,45.929284
86,7.004566,45.929001
86,7.005043,45.929391
86,7.005896,45.929977
86,7.006526,45.930674
86,7.007207,45.931486
86,7.007352,45.932022
86,7.007216,45.93295
86,7.007037,45.932947
86,7.007074,45.933295
86,7.007786,45.933307
86,7.007737,45.933757
86,7.007662,45.933998
86,7.007668,45.934264
86,7.007264,45.934585
86,7.006979,45.934553
86,7.006938,45.934309
86,7.006554,45.93433
86,7.006585,45.934003
86,7.006206,45.933938
86,7.006197,45.933713
86,7.005825,45.933707
86,7.005855,45.932399
86,7.005484,45.93238
86,7.005558,45.931802
86,7.005115,45.931831
86,7.005229,45.931586
86,7.004841,45.931555
86,7.004792,45.930962
86,7.0048,45.930234
86,7.003741,45.930178
86,7.00357,45.930027
86,7.003602,45.929633
86,7.002488,45.929626
86,7.00241,45.929834
86,7.002054,45.929902
86,7.002071,45.930408
86,7.002389,45.930414
86,7.00244,45.931451
86,7.001786,45.931452
86,7.001681,45.931425
86,7.001706,45.930722
86,7.0013,45.930691
86,7.001313,45.930345
86,7.000916,45.930351
86,7.000603,45.929885
86,6.999802,45.929375
86,7.000041,45.928808
86,7.000524,45.929045
86,7.001073,45.92894
86,7.001468,45.928604
86,7.001273,45.927953
86,7.00002,45.927855
86,6.999038,45.927838
86,6.998513,45.928781
86,6.998862,45.929702
86,6.999499,45.930208
86,6.999846,45.930636
86,6.999693,45.930638
86,7.000076,45.931242
86,7.000162,45.931614
86,7.000216,45.931938
86,6.998957,45.931939
86,6.998328,45.931951
86,6.998153,45.93166
86,6.997742,45.931664
86,6.997825,45.93118
86,6.997403,45.930894
86,6.997224,45.930889
86,6.996933,45.930201
86,6.997004,45.929745
86,6.996921,45.92902
86,6.996323,45.928933
86,6.995613,45.928959
86,6.995064,45.929026
86,6.994771,45.929592
86,6.994213,45.929925
86,6.993372,45.93052
86,6.994066,45.930951
86,6.994721,45.930963
86,6.995704,45.93098
86,6.996294,45.931212
86,6.996279,45.931639
86,6.99658,45.931645
86,6.996588,45.931916
86,6.996977,45.931923
86,6.996984,45.932219
86,6.997337,45.932225
86,6.997327,45.932509
86,6.998123,45.932486
86,6.998184,45.932277
86,6.999227,45.932283
86,6.99961,45.932205
86,6.999677,45.932563
86,6.999936,45.932372
86,7.00085,45.932273
86,7.000779,45.933323
86,7.000431,45.933329
86,7.000405,45.934439
86,7.000776,45.934445
86,7.00071,45.935801
86,7.000698,45.936038
86,7.001161,45.936056
86,7.001119,45.936322
86,7.001483,45.936329
86,7.001378,45.936887
86,7.000336,45.936868
86,7.000319,45.936337
86,6.999525,45.936299
86,6.999581,45.935239
86,6.999175,45.935194
86,6.999256,45.934418
86,6.99925,45.933616
86,6.997695,45.933589
86,6.997661,45.934045
86,6.99688,45.934118
86,6.99687,45.934401
86,6.996535,45.934371
86,6.996526,45.934605
86,6.995783,45.934617
86,6.995735,45.935455
86,6.994958,45.935417
86,6.994965,45.936219
86,6.995319,45.936213
86,6.995342,45.93704
86,6.994917,45.937045
86,6.994909,45.937279
86,6.992576,45.937238
86,6.992568,45.936979
86,6.992215,45.936948
86,6.992136,45.936687
86,6.991004,45.93668
86,6.991094,45.936151
86,6.99106,45.93562
86,6.99023,45.935593
86,6.99022,45.935876
86,6.989884,45.93587
86,6.989879,45.935525
86,6.988003,45.935554
86,6.987913,45.936083
86,6.987576,45.936114
86,6.987551,45.936323
86,6.986756,45.936309
86,6.986048,45.936309
86,6.986012,45.935839
86,6.985253,45.935801
86,6.985101,45.936095
86,6.984782,45.936114
86,6.984748,45.93657
86,6.985241,45.936615
86,6.985194,45.937417
86,6.983658,45.937365
86,6.98365,45.9366
86,6.982963,45.936538
86,6.982901,45.93629
86,6.981364,45.936251
86,6.98101,45.936245
86,6.981326,45.93676
86,6.981288,45.93736
86,6.98133,45.93815
86,6.98163,45.938168
86,6.981619,45.938464
86,6.981355,45.938435
86,6.981329,45.938669
86,6.981664,45.938687
86,6.981725,45.938972
86,6.982095,45.938991
86,6.982057,45.940051
86,6.982393,45.940057
86,6.982426,45.940601
86,6.982744,45.940606
86,6.982787,45.940879
86,6.983141,45.940873
86,6.983167,45.941132
86,6.983873,45.941169
86,6.983953,45.941405
86,6.984234,45.941459
86,6.984278,45.941719
86,6.983789,45.941912
86,6.983458,45.941906
86,6.983093,45.941711
86,6.982405,45.941674
86,6.982318,45.941129
86,6.981964,45.941136
86,6.981967,45.940593
86,6.98156,45.940585
86,6.981605,45.940309
86,6.98119,45.940295
86,6.981226,45.940049
86,6.980838,45.940011
86,6.980875,45.939487
86,6.98008,45.939455
86,6.9801,45.938912
86,6.979711,45.938905
86,6.979729,45.938418
86,6.979359,45.938375
86,6.979377,45.938104
86,6.97898,45.938103
86,6.978981,45.937825
86,6.978203,45.937818
86,6.978186,45.937564
86,6.977815,45.937533
86,6.977861,45.93725
86,6.976995,45.937222
86,6.97704,45.936964
86,6.976244,45.936975
86,6.976237,45.936666
86,6.975956,45.936624
86,6.975875,45.936413
86,6.974798,45.936369
86,6.974038,45.936356
86,6.973595,45.936385
86,6.97358,45.936589
86,6.972729,45.936595
86,6.972408,45.936411
86,6.972423,45.93598
86,6.972269,45.93571
86,6.971779,45.935799
86,6.97127,45.935705
86,6.971316,45.935487
86,6.971683,45.935319
86,6.971793,45.935206
86,6.971905,45.935208
86,6.971983,45.935012
86,6.972086,45.934754
86,6.972089,45.934678
86,6.971652,45.934671
86,6.971049,45.934736
86,6.970502,45.934764
86,6.970293,45.934494
86,6.96937,45.934363
86,6.968499,45.934272
86,6.967727,45.934486
86,6.967762,45.935021
86,6.968238,45.935448
86,6.968336,45.935755
86,6.96781,45.936698
86,6.968289,45.937049
86,6.968709,45.937514
86,6.969075,45.93794
86,6.969558,45.938177
86,6.969981,45.938565
86,6.970115,45.939368
86,6.97059,45.939834
86,6.971424,45.939429
86,6.971926,45.939133
86,6.972493,45.938572
86,6.972022,45.937992
86,6.972089,45.93765
86,6.971611,45.937299
87,6.955408,45.947648
87,6.95726,45.947735
87,6.957207,45.948232
87,6.958277,45.948243
87,6.958477,45.948527
87,6.9585,45.947722
87,6.959286,45.947732
87,6.959295,45.947465
87,6.960047,45.947473
87,6.960063,45.947212
87,6.960848,45.947226
87,6.960859,45.946945
87,6.961623,45.946968
87,6.961633,45.946692
87,6.961838,45.946695
87,6.961843,45.946563
87,6.962037,45.946591
87,6.962039,45.946432
87,6.962235,45.946433
87,6.96224,45.9463
87,6.962436,45.946322
87,6.962441,45.945896
87,6.96283,45.945898
87,6.96284,45.945636
87,6.963229,45.945638
87,6.963259,45.944833
87,6.963639,45.944813
87,6.963284,45.944553
87,6.963332,45.944292
87,6.963171,45.944019
87,6.961356,45.943989
87,6.961333,45.944265
87,6.960172,45.944239
87,6.960176,45.944506
87,6.959773,45.944509
87,6.95977,45.944766
87,6.958999,45.944743
87,6.958981,45.945033
87,6.958618,45.945302
87,6.95838,45.945482
87,6.958105,45.945755
87,6.95628,45.945814
87,6.956322,45.945584
87,6.955562,45.945524
87,6.955606,45.945225
87,6.955549,45.944992
87,6.95512,45.944938
87,6.954855,45.944934
87,6.954689,45.944931
87,6.954352,45.944946
87,6.95397,45.944939
87,6.953957,45.945477
87,6.953561,45.945465
87,6.953578,45.945199
87,6.953175,45.945201
87,6.953185,45.944915
87,6.952438,45.94489
87,6.952512,45.944684
87,6.952041,45.944633
87,6.952014,45.94518
87,6.951632,45.945173
87,6.951232,45.945239
87,6.951218,45.945631
87,6.950838,45.945955
87,6.950866,45.94618
87,6.950439,45.946215
87,6.950359,45.946448
87,6.950009,45.94675
87,6.949633,45.946748
87,6.94962,45.947287
87,6.950392,45.947301
87,6.950401,45.947053
87,6.951153,45.947047
87,6.951176,45.946781
87,6.952337,45.946802
87,6.952374,45.946526
87,6.952757,45.946533
87,6.952793,45.946286
87,6.953531,45.946299
87,6.953508,45.946537
87,6.95389,45.946553
87,6.953894,45.946811
87,6.954276,45.946836
87,6.954584,45.946894
87,6.955045,45.947117
87,6.955022,45.947374
87,6.955418,45.947381
87,6.955408,45.947648
88,6.95841,45.949615
88,6.958414,45.949608
88,6.958407,45.949597
88,6.958095,45.949082
88,6.958081,45.948525
88,6.958477,45.948527
88,6.958277,45.948243
88,6.957207,45.948232
88,6.95726,45.947735
88,6.955408,45.947648
88,6.954657,45.947634
88,6.954646,45.947911
88,6.954264,45.947913
88,6.954302,45.947628
88,6.953878,45.947621
88,6.953853,45.947925
88,6.953075,45.947902
88,6.953065,45.948178
88,6.952287,45.948145
88,6.952278,45.948412
88,6.951923,45.948396
88,6.951918,45.948148
88,6.950785,45.948128
88,6.950844,45.948386
88,6.950352,45.948387
88,6.950349,45.949206
88,6.949584,45.949183
88,6.94959,45.949412
88,6.948373,45.949419
88,6.948325,45.94998
88,6.947957,45.949964
88,6.947972,45.949173
88,6.948369,45.949161
88,6.948393,45.948885
88,6.948025,45.94886
88,6.948048,45.948612
88,6.947637,45.948624
88,6.947635,45.948328
88,6.946091,45.948301
88,6.946068,45.948558
88,6.945645,45.94855
88,6.945615,45.94842
88,6.945479,45.94851
88,6.945289,45.948563
88,6.944927,45.948561
88,6.944911,45.948818
88,6.94483,45.94903
88,6.944853,45.949308
88,6.944841,45.949631
88,6.945027,45.949981
88,6.944986,45.950188
88,6.945819,45.950065
88,6.946342,45.950259
88,6.947172,45.950204
88,6.947447,45.949955
88,6.947996,45.950335
88,6.947847,45.950771
88,6.946984,45.950825
88,6.946672,45.951189
88,6.946965,45.951333
88,6.948225,45.95131
88,6.948282,45.951565
88,6.947184,45.951684
88,6.947169,45.9521
88,6.947564,45.952176
88,6.947751,45.95248
88,6.947838,45.952828
88,6.948161,45.953042
88,6.947988,45.953247
88,6.948117,45.953342
88,6.948181,45.953389
88,6.948314,45.953392
88,6.94854,45.953557
88,6.948805,45.953562
88,6.949101,45.953614
88,6.949498,45.953621
88,6.949765,45.953579
88,6.950033,45.953492
88,6.95034,45.953266
88,6.951048,45.952932
88,6.951454,45.952708
88,6.952189,45.952537
88,6.952516,45.952658
88,6.952735,45.953009
88,6.952755,45.953379
88,6.953107,45.953709
88,6.953131,45.953963
88,6.953358,45.954083
88,6.953685,45.954227
88,6.953883,45.954231
88,6.954283,45.954169
88,6.954744,45.954246
88,6.955133,45.953727
88,6.955945,45.952564
88,6.956495,45.951293
88,6.957463,45.95027
88,6.958028,45.949795
88,6.958126,45.949746
88,6.958169,45.949724
88,6.95841,45.949615
89,6.95841,45.949615
89,6.958169,45.949724
89,6.958126,45.949746
89,6.958028,45.949795
89,6.957463,45.95027
89,6.956495,45.951293
89,6.955945,45.952564
89,6.955133,45.953727
89,6.954744,45.954246
89,6.954725,45.954778
89,6.954708,45.95524
89,6.955236,45.955295
89,6.955388,45.956569
89,6.955841,45.956855
89,6.955684,45.957522
89,6.955794,45.958148
89,6.955544,45.958629
89,6.955362,45.959065
89,6.954965,45.959058
89,6.954962,45.960029
89,6.955157,45.960148
89,6.955556,45.960109
89,6.955736,45.960094
89,6.956118,45.960105
89,6.956162,45.959291
89,6.956544,45.959288
89,6.956574,45.958479
89,6.956963,45.9585
89,6.956979,45.95768
89,6.957389,45.957683
89,6.957405,45.956878
89,6.958183,45.956906
89,6.958187,45.95663
89,6.958569,45.956641
89,6.958566,45.95636
89,6.958968,45.956377
89,6.959005,45.95612
89,6.958609,45.956103
89,6.958606,45.955817
89,6.958658,45.95476
89,6.959028,45.954757
89,6.959038,45.954471
89,6.958656,45.954455
89,6.958679,45.954198
89,6.959033,45.954223
89,6.959068,45.953662
89,6.95945,45.953678
89,6.959455,45.953163
89,6.959524,45.95204
89,6.960288,45.952063
89,6.96028,45.951548
89,6.959911,45.951532
89,6.959941,45.950713
89,6.959532,45.950705
89,6.959569,45.95043
89,6.959938,45.950436
89,6.959985,45.949894
89,6.958811,45.949873
89,6.958847,45.949635
89,6.958424,45.949608
89,6.95842,45.949611
89,6.95841,45.949615
90,6.960614,45.942379
90,6.961049,45.942271
90,6.96183,45.942106
90,6.961829,45.941849
90,6.962186,45.941855
90,6.962239,45.941584
90,6.962977,45.941567
90,6.962996,45.941046
90,6.963386,45.941053
90,6.963406,45.940781
90,6.963016,45.940781
90,6.962328,45.940814
90,6.959781,45.9407
90,6.959921,45.940494
90,6.961447,45.940452
90,6.961387,45.940266
90,6.962549,45.940217
90,6.962677,45.939702
90,6.963045,45.939701
90,6.963065,45.939444
90,6.963456,45.939429
90,6.963485,45.938628
90,6.961915,45.9386
90,6.961547,45.938593
90,6.961567,45.938057
90,6.961177,45.938042
90,6.961154,45.937777
90,6.960407,45.937771
90,6.960409,45.938021
90,6.959217,45.938007
90,6.956867,45.93798
90,6.95465,45.937904
90,6.954586,45.93847
90,6.955747,45.938489
90,6.955732,45.938744
90,6.955332,45.938756
90,6.955317,45.939018
90,6.954206,45.939003
90,6.954182,45.938732
90,6.953043,45.938703
90,6.953053,45.938445
90,6.953436,45.938451
90,6.953451,45.937908
90,6.953836,45.937911
90,6.953851,45.93765
90,6.954235,45.937653
90,6.954245,45.937382
90,6.954982,45.93738
90,6.955013,45.937116
90,6.955403,45.93713
90,6.955433,45.936609
90,6.956191,45.936607
90,6.956212,45.936343
90,6.956613,45.936343
90,6.956623,45.936078
90,6.957002,45.936078
90,6.957032,45.935254
90,6.956631,45.935255
90,6.956639,45.935028
90,6.955471,45.934984
90,6.955452,45.935506
90,6.954715,45.9355
90,6.953881,45.935493
90,6.953861,45.935757
90,6.953536,45.935743
90,6.953537,45.936023
90,6.953103,45.936015
90,6.953094,45.936265
90,6.952336,45.936266
90,6.952326,45.936538
90,6.951925,45.936546
90,6.951936,45.936819
90,6.950767,45.93679
90,6.950735,45.936487
90,6.950377,45.936496
90,6.94767,45.93644
90,6.946923,45.936434
90,6.946954,45.93617
90,6.945763,45.936148
90,6.945374,45.936126
90,6.945498,45.936329
90,6.945131,45.936415
90,6.944899,45.936411
90,6.944572,45.93629
90,6.944495,45.936589
90,6.943964,45.936625
90,6.943537,45.936525
90,6.943072,45.93654
90,6.942448,45.93639
90,6.942375,45.936597
90,6.942236,45.936756
90,6.942229,45.936941
90,6.942255,45.937149
90,6.941746,45.937464
90,6.941187,45.937361
90,6.940297,45.93723
90,6.939896,45.937315
90,6.939856,45.937522
90,6.939589,45.937564
90,6.939453,45.937654
90,6.939419,45.937676
90,6.939485,45.9377
90,6.939745,45.937821
90,6.940275,45.93783
90,6.94137,45.937781
90,6.941891,45.938021
90,6.942105,45.93851
90,6.942496,45.938679
90,6.941822,45.938991
90,6.941058,45.939046
90,6.941047,45.939347
90,6.941739,45.939451
90,6.942049,45.939133
90,6.942254,45.938952
90,6.942655,45.938867
90,6.942882,45.93901
90,6.94307,45.93929
90,6.94443,45.939246
90,6.944889,45.939369
90,6.944854,45.93964
90,6.94617,45.93967
90,6.946026,45.939968
90,6.946756,45.939958
90,6.947274,45.940268
90,6.9472,45.940497
90,6.947927,45.940534
90,6.94805,45.94079
90,6.948779,45.940802
90,6.948769,45.941057
90,6.949498,45.941047
90,6.949607,45.940795
90,6.95104,45.940839
90,6.95102,45.941111
90,6.952171,45.941349
90,6.95257,45.941388
90,6.953284,45.941416
90,6.953316,45.941145
90,6.954474,45.941166
90,6.954729,45.941164
90,6.955392,45.941153
90,6.955622,45.941201
90,6.956445,45.941208
90,6.957202,45.941237
90,6.957159,45.941524
90,6.958028,45.941524
90,6.958117,45.941826
90,6.958008,45.942078
90,6.958497,45.942295
90,6.959855,45.942296
90,6.960219,45.942325
90,6.960614,45.942379
91,6.950436,45.934894
91,6.950456,45.934365
91,6.950879,45.93435
91,6.950899,45.934086
91,6.950477,45.934086
91,6.950517,45.932998
91,6.948947,45.932977
91,6.948968,45.93269
91,6.948611,45.932684
91,6.948579,45.932963
91,6.948211,45.932949
91,6.948241,45.932428
91,6.947429,45.932406
91,6.947482,45.931862
91,6.94707,45.931855
91,6.947091,45.931583
91,6.945943,45.931563
91,6.945952,45.931321
91,6.945563,45.931299
91,6.945585,45.931012
91,6.942856,45.930963
91,6.942857,45.931235
91,6.942479,45.931213
91,6.942458,45.931477
91,6.942848,45.931484
91,6.942859,45.931772
91,6.943617,45.931778
91,6.943626,45.931521
91,6.944006,45.931505
91,6.943985,45.932072
91,6.944766,45.932063
91,6.944723,45.93235
91,6.945112,45.932372
91,6.945082,45.933172
91,6.945851,45.933179
91,6.945769,45.933491
91,6.945727,45.933722
91,6.946256,45.933754
91,6.946312,45.934033
91,6.946775,45.934064
91,6.948203,45.934038
91,6.948161,45.934286
91,6.947761,45.934287
91,6.94775,45.934574
91,6.948118,45.934588
91,6.950078,45.9346
91,6.950036,45.934879
91,6.950436,45.934894
92,6.9599,45.931004
92,6.95993,45.930192
92,6.961078,45.930216
92,6.961088,45.929946
92,6.962642,45.929978
92,6.962627,45.930237
92,6.964147,45.93026
92,6.964187,45.929995
92,6.963414,45.929981
92,6.963445,45.929421
92,6.963064,45.929415
92,6.963074,45.929142
92,6.962672,45.929155
92,6.962682,45.92889
92,6.962712,45.92861
92,6.961909,45.92861
92,6.961969,45.927525
92,6.961568,45.927518
92,6.961597,45.92672
92,6.961226,45.926707
92,6.961246,45.926175
92,6.960835,45.926168
92,6.960835,45.925615
92,6.960484,45.925608
92,6.960493,45.925349
92,6.960113,45.925336
92,6.960112,45.925069
92,6.959361,45.925042
92,6.95935,45.924797
92,6.958979,45.92479
92,6.958999,45.924524
92,6.958588,45.924489
92,6.958598,45.924223
92,6.958188,45.924202
92,6.958187,45.924482
92,6.957816,45.924475
92,6.957816,45.924216
92,6.957455,45.92421
92,6.957445,45.923656
92,6.957825,45.923684
92,6.957825,45.923138
92,6.957455,45.923117
92,6.957473,45.922894
92,6.957134,45.922845
92,6.957154,45.922307
92,6.95633,45.922327
92,6.956342,45.922824
92,6.955961,45.922817
92,6.955951,45.922551
92,6.955539,45.922558
92,6.955795,45.92297
92,6.956311,45.923111
92,6.956296,45.923377
92,6.956687,45.923391
92,6.956668,45.924185
92,6.956736,45.924396
92,6.956693,45.924673
92,6.957425,45.924479
92,6.95741,45.924745
92,6.956683,45.924927
92,6.957077,45.925027
92,6.957376,45.925009
92,6.957901,45.925134
92,6.958093,45.925322
92,6.958064,45.926107
92,6.95852,45.926324
92,6.958375,45.926668
92,6.957736,45.926659
92,6.957355,45.926645
92,6.957375,45.926372
92,6.956233,45.926375
92,6.956277,45.926076
92,6.95542,45.926071
92,6.955223,45.925918
92,6.95479,45.92598
92,6.954598,45.925791
92,6.953111,45.925718
92,6.953093,45.925302
92,6.952399,45.925266
92,6.952343,45.924965
92,6.951649,45.924929
92,6.951649,45.924372
92,6.951239,45.924343
92,6.951263,45.923833
92,6.950882,45.923826
92,6.950892,45.923553
92,6.950501,45.923542
92,6.950526,45.923007
92,6.950125,45.922993
92,6.950165,45.922462
92,6.949764,45.922447
92,6.949555,45.922442
92,6.949224,45.922436
92,6.948959,45.922431
92,6.948719,45.922658
92,6.948548,45.922817
92,6.948312,45.922928
92,6.948138,45.923156
92,6.94813,45.923364
92,6.947998,45.923361
92,6.947766,45.923357
92,6.94777,45.923242
92,6.947609,45.923123
92,6.947602,45.923308
92,6.947276,45.923164
92,6.947339,45.923257
92,6.947237,45.923325
92,6.947299,45.923441
92,6.947327,45.923581
92,6.947227,45.923602
92,6.947256,45.923718
92,6.94722,45.923787
92,6.947181,45.923948
92,6.947387,45.924043
92,6.947369,45.924274
92,6.94816,45.924309
92,6.94815,45.924568
92,6.948902,45.924596
92,6.948882,45.924854
92,6.949274,45.924854
92,6.949264,45.925127
92,6.949674,45.925156
92,6.949684,45.925415
92,6.950045,45.925442
92,6.950045,45.925701
92,6.950396,45.925715
92,6.950377,45.925967
92,6.950787,45.925988
92,6.950788,45.926247
92,6.951159,45.926254
92,6.951169,45.92652
92,6.95157,45.926527
92,6.95156,45.926793
92,6.952002,45.927039
92,6.952292,45.927072
92,6.953119,45.92729
92,6.953448,45.927342
92,6.953574,45.927529
92,6.953971,45.927537
92,6.9544,45.927567
92,6.954967,45.927485
92,6.955393,45.927608
92,6.955623,45.927636
92,6.955762,45.927688
92,6.956134,45.927673
92,6.956144,45.927946
92,6.956916,45.927967
92,6.956904,45.928009
92,6.956906,45.928499
92,6.957277,45.928506
92,6.957267,45.929059
92,6.957657,45.92908
92,6.957648,45.929332
92,6.958019,45.929338
92,6.958019,45.929605
92,6.958,45.92988
92,6.957994,45.930717
92,6.958359,45.930712
92,6.958321,45.931235
92,6.958732,45.931249
92,6.958712,45.931522
92,6.959082,45.931549
92,6.959093,45.931788
92,6.959856,45.931801
92,6.959875,45.931535
92,6.960257,45.931521
92,6.960286,45.931018
92,6.9599,45.931004
93,6.961506,45.913526
93,6.961584,45.913204
93,6.962072,45.913218
93,6.962088,45.912961
93,6.962492,45.912954
93,6.962518,45.912416
93,6.962122,45.912409
93,6.962162,45.911337
93,6.96062,45.91131
93,6.96061,45.911581
93,6.960214,45.911569
93,6.960197,45.911841
93,6.959809,45.911829
93,6.959796,45.912293
93,6.959068,45.91228
93,6.959015,45.912625
93,6.959852,45.912595
93,6.96019,45.912393
93,6.96014,45.912854
93,6.960633,45.912956
93,6.960625,45.913187
93,6.960548,45.913463
93,6.961506,45.913526
94,6.978474,45.93133
94,6.978466,45.931067
94,6.978864,45.931078
94,6.978888,45.93026
94,6.978887,45.930002
94,6.978517,45.92998
94,6.978515,45.929717
94,6.978134,45.929703
94,6.978138,45.929444
94,6.977757,45.92943
94,6.977778,45.929156
94,6.97738,45.929145
94,6.977399,45.928625
94,6.977001,45.928618
94,6.977026,45.928074
94,6.97664,45.928063
94,6.976667,45.926998
94,6.976309,45.926976
94,6.976306,45.926436
94,6.977069,45.92645
94,6.977059,45.926716
94,6.977462,45.926731
94,6.977414,45.928069
94,6.978199,45.928091
94,6.978183,45.928361
94,6.978565,45.92836
94,6.978545,45.928911
94,6.978786,45.929157
94,6.979548,45.929171
94,6.980093,45.928927
94,6.980124,45.928391
94,6.980505,45.928398
94,6.980528,45.927592
94,6.980921,45.927595
94,6.980964,45.926256
94,6.980589,45.926242
94,6.980597,45.925701
94,6.981769,45.925718
94,6.981754,45.925996
94,6.982527,45.926006
94,6.982472,45.92631
94,6.982469,45.927618
94,6.982862,45.927625
94,6.983551,45.927462
94,6.983632,45.927972
94,6.983985,45.928201
94,6.984367,45.928208
94,6.984379,45.928474
94,6.984499,45.928727
94,6.985427,45.92872
94,6.98549,45.928486
94,6.985533,45.92822
94,6.985937,45.928227
94,6.985955,45.927421
94,6.985574,45.927407
94,6.985583,45.927156
94,6.985214,45.927126
94,6.985212,45.926868
94,6.984831,45.926845
94,6.984828,45.92632
94,6.985602,45.926334
94,6.985593,45.926874
94,6.986726,45.926894
94,6.986755,45.926104
94,6.987552,45.926094
94,6.987578,45.924748
94,6.987197,45.924733
94,6.987228,45.924193
94,6.986835,45.924187
94,6.986884,45.922848
94,6.986503,45.922834
94,6.986522,45.922302
94,6.986903,45.922308
94,6.986913,45.922026
94,6.987283,45.922041
94,6.987325,45.921493
94,6.988481,45.921506
94,6.9885,45.920974
94,6.988914,45.920997
94,6.988913,45.920715
94,6.989283,45.920729
94,6.98931,45.920259
94,6.989288,45.919935
94,6.989166,45.919656
94,6.989274,45.919427
94,6.989517,45.919107
94,6.989395,45.918828
94,6.989042,45.918498
94,6.988893,45.918056
94,6.989232,45.917831
94,6.989013,45.91748
94,6.988627,45.917173
94,6.988161,45.917234
94,6.987707,45.916949
94,6.987113,45.916892
94,6.987398,45.917267
94,6.987751,45.917574
94,6.988439,45.917794
94,6.98839,45.918209
94,6.988182,45.918483
94,6.987122,45.918487
94,6.98626,45.918518
94,6.985859,45.918627
94,6.985679,45.919017
94,6.98518,45.919077
94,6.984893,45.91924
94,6.984553,45.919485
94,6.984396,45.919647
94,6.984316,45.919771
94,6.983928,45.919803
94,6.983511,45.919849
94,6.983375,45.920215
94,6.983105,45.920597
94,6.98304,45.920849
94,6.982974,45.921111
94,6.981784,45.92111
94,6.980784,45.921073
94,6.980425,45.921073
94,6.980359,45.920808
94,6.979686,45.920806
94,6.979369,45.920407
94,6.979297,45.920163
94,6.979284,45.919991
94,6.978945,45.919979
94,6.978891,45.919891
94,6.978699,45.919725
94,6.978469,45.919652
94,6.978071,45.919668
94,6.97778,45.919478
94,6.977849,45.919201
94,6.977703,45.919074
94,6.97757,45.918873
94,6.97724,45.918844
94,6.977016,45.918632
94,6.976727,45.918396
94,6.976407,45.91809
94,6.976083,45.917899
94,6.975763,45.917593
94,6.975513,45.917173
94,6.97544,45.916455
94,6.975554,45.915139
94,6.975895,45.914868
94,6.976512,45.914278
94,6.976767,45.913757
94,6.97716,45.913764
94,6.977169,45.913499
94,6.976982,45.913371
94,6.977223,45.913403
94,6.978233,45.913388
94,6.979097,45.913403
94,6.979958,45.913519
94,6.979994,45.913855
94,6.980618,45.913866
94,6.980657,45.914135
94,6.982006,45.914024
94,6.982235,45.91433
94,6.982812,45.914341
94,6.982804,45.914542
94,6.983136,45.914682
94,6.98371,45.914759
94,6.983848,45.914929
94,6.98433,45.914871
94,6.984606,45.915211
94,6.984847,45.915215
94,6.984978,45.915553
94,6.986322,45.91561
94,6.986312,45.915878
94,6.986745,45.915886
94,6.986881,45.91609
94,6.987171,45.916061
94,6.987161,45.916329
94,6.987149,45.916665
94,6.988109,45.916681
94,6.98811,45.916661
94,6.988252,45.91667
94,6.988265,45.916921
94,6.989038,45.91695
94,6.989051,45.917209
94,6.989415,45.917223
94,6.989611,45.917422
94,6.989804,45.9175
94,6.98993,45.917774
94,6.990789,45.917812
94,6.990815,45.918021
94,6.99131,45.918052
94,6.991644,45.91889
94,6.991645,45.919964
94,6.991535,45.921015
94,6.99084,45.921003
94,6.990784,45.922369
94,6.991535,45.922382
94,6.991538,45.92293
94,6.991908,45.922937
94,6.991909,45.923203
94,6.99072,45.92319
94,6.990726,45.923973
94,6.990728,45.924529
94,6.990967,45.924819
94,6.992259,45.924795
94,6.993016,45.924569
94,6.993036,45.924311
94,6.993412,45.924306
94,6.993428,45.924028
94,6.994583,45.924053
94,6.994587,45.923794
94,6.99498,45.923782
94,6.995149,45.92272
94,6.995405,45.922724
94,6.995396,45.92299
94,6.995782,45.923001
94,6.995754,45.923799
94,6.996146,45.923814
94,6.996161,45.923548
94,6.996537,45.92355
94,6.996568,45.923011
94,6.996175,45.923
94,6.996199,45.922182
94,6.996984,45.922188
94,6.996942,45.922743
94,6.997693,45.922772
94,6.997706,45.923031
94,6.99848,45.923036
94,6.998489,45.92277
94,6.99887,45.922785
94,6.998892,45.922511
94,6.999296,45.92251
94,6.999305,45.92226
94,6.999675,45.922258
94,6.999725,45.921171
94,7.000106,45.921177
94,7.000098,45.921718
94,7.001259,45.921734
94,7.001296,45.920396
94,7.001677,45.920406
94,7.001687,45.920124
94,7.002466,45.92015
94,7.002462,45.920416
94,7.002838,45.92043
94,7.002834,45.920689
94,7.004342,45.920719
94,7.004374,45.920461
94,7.005113,45.92049
94,7.00515,45.920725
94,7.005923,45.920747
94,7.005931,45.920214
94,7.007075,45.920234
94,7.007073,45.91996
94,7.007477,45.919983
94,7.007468,45.920225
94,7.007871,45.920248
94,7.007862,45.920506
94,7.008277,45.920514
94,7.008264,45.920239
94,7.009407,45.920275
94,7.009398,45.920525
94,7.010172,45.920539
94,7.010223,45.919733
94,7.01057,45.919763
94,7.010632,45.918667
94,7.011439,45.918681
94,7.011438,45.918399
94,7.013726,45.918439
94,7.013746,45.918173
94,7.014542,45.918187
94,7.014529,45.917928
94,7.014911,45.917935
94,7.014953,45.917388
94,7.015322,45.917402
94,7.015303,45.917934
94,7.015673,45.917948
94,7.015675,45.918207
94,7.016067,45.918221
94,7.016048,45.918761
94,7.016833,45.918775
94,7.016843,45.918501
94,7.018385,45.918524
94,7.0184,45.918262
94,7.019925,45.918288
94,7.019923,45.918014
94,7.020327,45.918021
94,7.020348,45.917755
94,7.02074,45.917762
94,7.020768,45.916964
94,7.021172,45.916971
94,7.021149,45.916673
94,7.020791,45.916659
94,7.020786,45.916165
94,7.020416,45.916143
94,7.020413,45.915603
94,7.020021,45.915588
94,7.020008,45.91533
94,7.019649,45.915308
94,7.019681,45.915042
94,7.019266,45.915035
94,7.019298,45.914769
94,7.018906,45.914754
94,7.018926,45.91452
94,7.016594,45.914448
94,7.016596,45.91471
94,7.015817,45.914701
94,7.015796,45.914982
94,7.014641,45.914966
94,7.014639,45.915487
94,7.013831,45.915473
94,7.013823,45.916037
94,7.01306,45.916016
94,7.013041,45.916258
94,7.011851,45.916261
94,7.011853,45.916519
94,7.011505,45.916521
94,7.011507,45.916795
94,7.009556,45.916753
94,7.009554,45.916495
94,7.00878,45.916489
94,7.00879,45.916215
94,7.006862,45.916166
94,7.006871,45.915908
94,7.005705,45.915887
94,7.005735,45.91534
94,7.007249,45.915366
94,7.007273,45.915637
94,7.008428,45.915657
94,7.008449,45.915379
94,7.009592,45.915419
94,7.009577,45.915677
94,7.010362,45.915694
94,7.010372,45.915417
94,7.011533,45.915441
94,7.011552,45.914893
94,7.011171,45.914871
94,7.011192,45.91462
94,7.010766,45.914597
94,7.010827,45.913533
94,7.011207,45.913556
94,7.011187,45.913806
94,7.012353,45.913842
94,7.012339,45.913286
94,7.01356,45.913338
94,7.013529,45.913588
94,7.014695,45.913608
94,7.014704,45.913334
94,7.015102,45.913341
94,7.015101,45.913071
94,7.015482,45.913086
94,7.015507,45.912538
94,7.015894,45.912545
94,7.015898,45.912274
94,7.015505,45.912268
94,7.015555,45.911192
94,7.014383,45.911171
94,7.014393,45.910897
94,7.013625,45.910884
94,7.013659,45.910086
94,7.012886,45.910065
94,7.012895,45.909795
94,7.011724,45.909774
94,7.01172,45.91004
94,7.010946,45.910031
94,7.010938,45.910571
94,7.009766,45.910551
94,7.009762,45.910817
94,7.008608,45.910797
94,7.008623,45.910531
94,7.007844,45.910505
94,7.007853,45.910251
94,7.00708,45.91023
94,7.007089,45.909964
94,7.00825,45.909984
94,7.008246,45.910254
94,7.00902,45.91026
94,7.009024,45.909986
94,7.009791,45.910007
94,7.009807,45.909741
94,7.010199,45.909748
94,7.010207,45.909215
94,7.012135,45.909249
94,7.012157,45.908959
94,7.011394,45.908954
94,7.011381,45.908695
94,7.011785,45.908695
94,7.011783,45.908428
94,7.012164,45.908443
94,7.012174,45.908153
94,7.012566,45.908176
94,7.012564,45.90762
94,7.012978,45.907635
94,7.012988,45.907368
94,7.01338,45.907367
94,7.013377,45.906835
94,7.012615,45.906818
94,7.011449,45.906786
94,7.011458,45.906543
94,7.010674,45.906514
94,7.010656,45.907328
94,7.009109,45.907293
94,7.009087,45.907582
94,7.008718,45.90756
94,7.008775,45.905948
94,7.00761,45.90592
94,7.007642,45.905654
94,7.00726,45.905655
94,7.007236,45.905389
94,7.005701,45.905338
94,7.005711,45.905057
94,7.005318,45.905073
94,7.004902,45.903799
94,7.004232,45.904018
94,7.003494,45.906132
94,7.002455,45.907408
94,7.002254,45.907369
94,7.002267,45.907524
94,7.001807,45.907552
94,7.001871,45.907835
94,7.001485,45.907805
94,7.001392,45.906712
94,7.00176,45.906687
94,7.00179,45.906115
94,7.00217,45.906071
94,7.002135,45.905814
94,7.002485,45.905745
94,7.00249,45.905496
94,7.003201,45.905418
94,7.00346,45.903694
94,7.003046,45.903687
94,7.003075,45.90288
94,7.00313,45.902592
94,7.00231,45.902624
94,7.002291,45.902835
94,7.001921,45.902829
94,7.001919,45.902578
94,7.00082,45.902559
94,7.000819,45.902293
94,7.001178,45.902291
94,7.001206,45.901195
94,7.001564,45.901209
94,7.001604,45.900404
94,7.001211,45.90042
94,7.001253,45.899881
94,7.00049,45.899875
94,7.000429,45.900634
94,7.000047,45.90065
94,7.000029,45.901175
94,6.999681,45.901169
94,6.99965,45.901732
94,6.998461,45.901727
94,6.998453,45.902251
94,6.997679,45.902246
94,6.997673,45.903037
94,6.996473,45.903047
94,6.996475,45.903297
94,6.995723,45.9033
94,6.995673,45.904082
94,6.995302,45.904084
94,6.99526,45.904631
94,6.992571,45.90456
94,6.99262,45.903504
94,6.992228,45.903481
94,6.992237,45.903223
94,6.991856,45.903216
94,6.991853,45.902684
94,6.991494,45.902693
94,6.991482,45.902387
94,6.989565,45.902354
94,6.989533,45.902627
94,6.987986,45.902608
94,6.987988,45.902866
94,6.986833,45.902854
94,6.986823,45.903136
94,6.986441,45.903145
94,6.986433,45.903677
94,6.986418,45.903923
94,6.985628,45.903913
94,6.98566,45.903652
94,6.985273,45.903641
94,6.985297,45.902831
94,6.98491,45.902824
94,6.984931,45.90255
94,6.984516,45.902547
94,6.984532,45.902265
94,6.984173,45.902274
94,6.984183,45.902
94,6.982994,45.901979
94,6.982962,45.902245
94,6.981819,45.902217
94,6.98182,45.902491
94,6.981462,45.902485
94,6.981452,45.902751
94,6.97986,45.902739
94,6.979862,45.902997
94,6.979469,45.90299
94,6.979441,45.904062
94,6.980225,45.904108
94,6.980921,45.904117
94,6.980978,45.904379
94,6.981373,45.904425
94,6.981595,45.904707
94,6.981785,45.904941
94,6.982145,45.90504
94,6.982136,45.905294
94,6.982488,45.905647
94,6.983111,45.905797
94,6.983608,45.905782
94,6.984104,45.905814
94,6.984998,45.905807
94,6.985669,45.905564
94,6.987025,45.905611
94,6.98818,45.905701
94,6.98827,45.906881
94,6.988862,45.906984
94,6.989099,45.907774
94,6.98876,45.907976
94,6.98822,45.908267
94,6.987854,45.908307
94,6.987294,45.908228
94,6.986996,45.908268
94,6.985438,45.908217
94,6.985492,45.907975
94,6.983912,45.907932
94,6.983933,45.907666
94,6.982789,45.907638
94,6.98282,45.907404
94,6.981991,45.907389
94,6.98196,45.907623
94,6.981645,45.907897
94,6.980873,45.907902
94,6.978604,45.907751
94,6.977971,45.907855
94,6.976254,45.907709
94,6.976296,45.907479
94,6.975815,45.907248
94,6.975824,45.906998
94,6.975062,45.906977
94,6.975094,45.906695
94,6.974937,45.906694
94,6.974912,45.90672
94,6.974346,45.906643
94,6.974307,45.906374
94,6.973539,45.906361
94,6.973548,45.906126
94,6.972491,45.906107
94,6.971844,45.906079
94,6.971207,45.905749
94,6.97107,45.905545
94,6.970542,45.905536
94,6.970553,45.905234
94,6.970121,45.905227
94,6.970127,45.905059
94,6.969336,45.904995
94,6.96937,45.904744
94,6.968457,45.904728
94,6.96842,45.904425
94,6.967892,45.904416
94,6.967805,45.904179
94,6.967517,45.904174
94,6.96748,45.903872
94,6.967143,45.903866
94,6.967105,45.903597
94,6.96677,45.903557
94,6.966491,45.903317
94,6.965819,45.903305
94,6.965489,45.903132
94,6.965065,45.902889
94,6.964674,45.903084
94,6.965537,45.90377
94,6.966465,45.904692
94,6.966181,45.905224
94,6.964859,45.904596
94,6.964376,45.903347
94,6.96395,45.903155
94,6.963602,45.903484
94,6.963367,45.903329
94,6.963316,45.903428
94,6.963484,45.904069
94,6.962339,45.903847
94,6.962441,45.903927
94,6.962426,45.904316
94,6.962807,45.904323
94,6.962786,45.904597
94,6.96319,45.904604
94,6.96318,45.904878
94,6.963931,45.904891
94,6.963945,45.905416
94,6.964696,45.905453
94,6.964686,45.905704
94,6.965057,45.905702
94,6.965048,45.906243
94,6.965418,45.906249
94,6.96543,45.906523
94,6.965811,45.906538
94,6.966211,45.907115
94,6.966154,45.907609
94,6.966165,45.907899
94,6.966535,45.907914
94,6.966525,45.90818
94,6.966896,45.908171
94,6.966898,45.908719
94,6.967268,45.908733
94,6.96728,45.909008
94,6.967651,45.909006
94,6.967641,45.90928
94,6.968044,45.909287
94,6.968034,45.909569
94,6.968393,45.909568
94,6.968408,45.910093
94,6.968777,45.910107
94,6.96879,45.910374
94,6.969149,45.910388
94,6.969161,45.910654
94,6.969509,45.910661
94,6.969534,45.911209
94,6.969915,45.911208
94,6.969896,45.91174
94,6.970288,45.911763
94,6.970278,45.912037
94,6.970659,45.912044
94,6.970672,45.912811
94,6.970982,45.913371
94,6.970975,45.91448
94,6.970471,45.914679
94,6.970417,45.915256
94,6.969977,45.915503
94,6.969279,45.915583
94,6.969172,45.915789
94,6.968511,45.915754
94,6.968267,45.915172
94,6.968246,45.914848
94,6.968162,45.91443
94,6.967732,45.914423
94,6.967038,45.914387
94,6.967045,45.913278
94,6.966383,45.913266
94,6.966311,45.914328
94,6.965929,45.914372
94,6.965933,45.914105
94,6.965546,45.914095
94,6.965519,45.914372
94,6.965144,45.914354
94,6.965128,45.914635
94,6.964736,45.91462
94,6.964738,45.914891
94,6.963964,45.914873
94,6.963944,45.915413
94,6.963558,45.915402
94,6.963547,45.915688
94,6.963155,45.915677
94,6.963151,45.915943
94,6.963543,45.915954
94,6.963523,45.916486
94,6.96393,45.916505
94,6.963921,45.916753
94,6.963519,45.916756
94,6.963515,45.917026
94,6.963117,45.917027
94,6.963097,45.917552
94,6.96271,45.917549
94,6.962701,45.917819
94,6.962319,45.917812
94,6.962315,45.918086
94,6.962253,45.918439
94,6.962317,45.919411
94,6.961873,45.919425
94,6.961857,45.919699
94,6.962244,45.919702
94,6.962191,45.921318
94,6.962175,45.921592
94,6.962573,45.921599
94,6.962517,45.922682
94,6.962915,45.922694
94,6.96288,45.9235
94,6.963267,45.923506
94,6.963257,45.923769
94,6.963644,45.923779
94,6.963614,45.924589
94,6.964012,45.924604
94,6.963997,45.924866
94,6.964383,45.924881
94,6.964368,45.925139
94,6.964766,45.92515
94,6.964751,45.925412
94,6.965508,45.92543
94,6.965509,45.925716
94,6.965896,45.925707
94,6.965897,45.925985
94,6.966267,45.925992
94,6.966247,45.926532
94,6.966629,45.926534
94,6.966611,45.927345
94,6.967003,45.927356
94,6.966993,45.927622
94,6.967369,45.927628
94,6.967371,45.927891
94,6.968525,45.927919
94,6.96853,45.927649
94,6.96969,45.927674
94,6.969686,45.92794
94,6.970062,45.927946
94,6.970057,45.92822
94,6.970456,45.928224
94,6.97041,45.929029
94,6.970808,45.929036
94,6.970803,45.92931
94,6.971179,45.929317
94,6.971169,45.929583
94,6.971562,45.929598
94,6.971541,45.92986
94,6.971165,45.929849
94,6.971136,45.930663
94,6.971517,45.93067
94,6.971513,45.93094
94,6.972281,45.93095
94,6.972285,45.93068
94,6.9727,45.930683
94,6.972693,45.930425
94,6.973837,45.930445
94,6.973839,45.930707
94,6.974225,45.930722
94,6.974212,45.931247
94,6.975355,45.931283
94,6.975346,45.931549
94,6.976108,45.931562
94,6.976115,45.931829
94,6.977663,45.93186
94,6.977679,45.931586
94,6.978077,45.931589
94,6.978081,45.931331
94,6.978474,45.93133
95,6.972189,45.89126
95,6.972208,45.889091
95,6.97184,45.889076
95,6.97185,45.888798
95,6.971452,45.888782
95,6.971479,45.888029
95,6.970375,45.888009
95,6.970372,45.88774
95,6.969935,45.887723
95,6.96994,45.886897
95,6.968861,45.886878
95,6.968884,45.8866
95,6.968486,45.886566
95,6.968516,45.8861
95,6.967297,45.88606
95,6.967317,45.885513
95,6.966958,45.885471
95,6.966979,45.885247
95,6.966197,45.885197
95,6.966218,45.884964
95,6.964266,45.884929
95,6.964206,45.885161
95,6.96468,45.885197
95,6.964684,45.885457
95,6.965043,45.885482
95,6.965021,45.885732
95,6.965406,45.885748
95,6.965409,45.886009
95,6.965794,45.886033
95,6.965746,45.886293
95,6.966131,45.886309
95,6.96616,45.886552
95,6.966481,45.886566
95,6.966489,45.887662
95,6.96725,45.887684
95,6.967257,45.888214
95,6.966884,45.888207
95,6.966841,45.889023
95,6.967227,45.889021
95,6.967204,45.88929
95,6.967615,45.889315
95,6.967591,45.889825
95,6.967981,45.889832
95,6.967951,45.890668
95,6.968376,45.890648
95,6.968392,45.890927
95,6.969104,45.890933
95,6.969111,45.890661
95,6.970289,45.890667
95,6.971427,45.89071
95,6.971421,45.890975
95,6.971801,45.890982
95,6.971791,45.891253
95,6.972189,45.89126
96,6.961079,45.888059
96,6.961097,45.887574
96,6.961482,45.887581
96,6.961486,45.887833
96,6.961833,45.887839
96,6.961853,45.888394
96,6.962614,45.888394
96,6.962632,45.88814
96,6.963027,45.888143
96,6.963023,45.887852
96,6.962974,45.887581
96,6.962678,45.887576
96,6.962662,45.887315
96,6.962277,45.88729
96,6.962241,45.886527
96,6.961548,45.886487
96,6.961559,45.886191
96,6.961186,45.886203
96,6.961195,45.885951
96,6.960759,45.885926
96,6.960788,45.885127
96,6.960442,45.885103
96,6.960451,45.884852
96,6.959645,45.884834
96,6.959636,45.885088
96,6.958884,45.885084
96,6.958825,45.886168
96,6.95845,45.886161
96,6.95844,45.886415
96,6.958828,45.886426
96,6.958825,45.886702
96,6.9592,45.886718
96,6.959184,45.886982
96,6.958808,45.886988
96,6.958786,45.887242
96,6.958404,45.887239
96,6.958368,45.888037
96,6.958349,45.888549
96,6.960289,45.888583
96,6.960336,45.888351
96,6.960683,45.888348
96,6.960693,45.88807
96,6.961079,45.888059
97,6.950495,45.88787
97,6.951426,45.887773
97,6.951554,45.88728
97,6.952542,45.887107
97,6.952935,45.886809
97,6.953614,45.886135
97,6.953589,45.885335
97,6.95311,45.885021
97,6.952623,45.884898
97,6.951323,45.884646
97,6.95076,45.885132
97,6.950529,45.88547
97,6.949943,45.886565
97,6.948963,45.886509
97,6.948098,45.886303
97,6.948546,45.887454
97,6.948736,45.88822
97,6.950495,45.88787
98,6.993609,45.887045
98,6.994425,45.887329
98,6.995475,45.887894
98,6.995927,45.887916
98,6.995858,45.888154
98,6.997109,45.888239
98,6.997083,45.888957
98,6.997495,45.888964
98,6.997812,45.8893
98,6.998856,45.889333
98,6.998884,45.889822
98,6.999684,45.889894
98,6.999704,45.889348
98,7.000814,45.889396
98,7.000812,45.890014
98,7.000766,45.890717
98,7.001219,45.890711
98,7.001081,45.890925
98,7.001535,45.891163
98,7.001561,45.891522
98,7.002755,45.891514
98,7.002814,45.891026
98,7.002347,45.891044
98,7.002443,45.890445
98,7.00197,45.890451
98,7.002018,45.889056
98,7.002058,45.887952
98,7.00135,45.88794
98,7.001367,45.887479
98,7.000967,45.887429
98,7.001036,45.88721
98,7.000586,45.887202
98,7.000608,45.886593
98,7.000611,45.886052
98,7.001796,45.886084
98,7.001823,45.885786
98,7.002876,45.885816
98,7.002921,45.885023
98,7.002163,45.88501
98,7.002182,45.884504
98,7.00177,45.884497
98,7.001797,45.88421
98,7.00104,45.884197
98,7.001047,45.88399
98,6.999887,45.88397
98,6.999861,45.884452
98,6.995862,45.884382
98,6.99592,45.884141
98,6.995196,45.88414
98,6.995207,45.88383
98,6.994845,45.883812
98,6.994859,45.882984
98,6.99532,45.882969
98,6.995288,45.882486
98,6.99687,45.882467
98,6.996888,45.88195
98,6.997202,45.881933
98,6.997246,45.881163
98,6.99537,45.88113
98,6.995346,45.880876
98,6.99459,45.880829
98,6.994633,45.880565
98,6.994946,45.880547
98,6.994938,45.880306
98,6.995382,45.880325
98,6.995418,45.879785
98,6.993855,45.879758
98,6.993908,45.879184
98,6.994698,45.879197
98,6.994718,45.878657
98,6.996281,45.878685
98,6.996309,45.877915
98,6.997083,45.877905
98,6.997141,45.876296
98,6.996697,45.876277
98,6.99671,45.87546
98,6.996347,45.875477
98,6.996367,45.874925
98,6.995973,45.874895
98,6.996002,45.873631
98,6.995232,45.873525
98,6.995234,45.872536
98,6.992917,45.872415
98,6.992969,45.871898
98,6.992558,45.871868
98,6.992595,45.870845
98,6.992233,45.870839
98,6.992233,45.870379
98,6.990691,45.870237
98,6.990711,45.869213
98,6.989165,45.869186
98,6.98917,45.869485
98,6.988464,45.869438
98,6.988394,45.870001
98,6.987999,45.870005
98,6.987989,45.87073
98,6.987232,45.870716
98,6.987093,45.873198
98,6.985186,45.87313
98,6.985175,45.873429
98,6.984813,45.873422
98,6.984795,45.873917
98,6.9844,45.873933
98,6.984374,45.874174
98,6.983996,45.874167
98,6.984014,45.873661
98,6.984394,45.873634
98,6.98444,45.872806
98,6.984095,45.872789
98,6.984086,45.872581
98,6.983231,45.872555
98,6.983272,45.871429
98,6.98365,45.871435
98,6.983661,45.871148
98,6.984071,45.871178
98,6.984115,45.87042
98,6.982666,45.870429
98,6.982599,45.870911
98,6.981874,45.870921
98,6.981789,45.87146
98,6.980999,45.871434
98,6.981031,45.871929
98,6.980668,45.871946
98,6.980536,45.873312
98,6.977888,45.873243
98,6.977907,45.872725
98,6.977462,45.87274
98,6.97746,45.871878
98,6.977181,45.871861
98,6.977185,45.870832
98,6.977968,45.870817
98,6.978026,45.870577
98,6.978741,45.870601
98,6.978698,45.871118
98,6.979479,45.871131
98,6.979522,45.870862
98,6.980584,45.870869
98,6.98066,45.870342
98,6.979105,45.870314
98,6.97914,45.870039
98,6.975743,45.870008
98,6.975644,45.869735
98,6.974526,45.869704
98,6.974465,45.870249
98,6.973708,45.87023
98,6.973724,45.869666
98,6.974101,45.869683
98,6.974126,45.86943
98,6.97449,45.869384
98,6.974548,45.868625
98,6.974156,45.868608
98,6.974209,45.867563
98,6.973439,45.867539
98,6.973401,45.86776
98,6.971966,45.867745
98,6.971849,45.868049
98,6.971519,45.868175
98,6.970687,45.868002
98,6.970737,45.867454
98,6.970322,45.867463
98,6.970356,45.86692
98,6.969964,45.866902
98,6.969999,45.86637
98,6.969198,45.866361
98,6.969231,45.866092
98,6.968846,45.866085
98,6.968826,45.866629
98,6.968442,45.866618
98,6.968431,45.86688
98,6.967276,45.866854
98,6.967233,45.866595
98,6.966885,45.866599
98,6.96691,45.866347
98,6.966517,45.866329
98,6.966532,45.865527
98,6.966171,45.865478
98,6.966163,45.864454
98,6.963884,45.864371
98,6.963894,45.864108
98,6.963154,45.864095
98,6.963143,45.863577
98,6.962797,45.863518
98,6.962816,45.863022
98,6.962393,45.863004
98,6.962388,45.86273
98,6.961649,45.862685
98,6.961628,45.862442
98,6.960858,45.862428
98,6.960868,45.862154
98,6.960476,45.862126
98,6.96047,45.861872
98,6.959715,45.861869
98,6.959687,45.863473
98,6.960427,45.863486
98,6.960365,45.86433
98,6.960033,45.864324
98,6.959999,45.864851
98,6.960753,45.864875
98,6.960684,45.865127
98,6.961484,45.865141
98,6.961495,45.865669
98,6.962279,45.865715
98,6.962265,45.866517
98,6.963427,45.866538
98,6.963363,45.867877
98,6.962956,45.86787
98,6.96299,45.867343
98,6.962266,45.867319
98,6.96226,45.867066
98,6.961468,45.867031
98,6.961478,45.866762
98,6.9607,45.866758
98,6.96066,45.867829
98,6.960636,45.868092
98,6.961006,45.868089
98,6.961009,45.868637
98,6.960653,45.868652
98,6.960656,45.86918
98,6.961382,45.869172
98,6.961364,45.869457
98,6.960989,45.869443
98,6.960885,45.872684
98,6.961259,45.872701
98,6.961254,45.873235
98,6.960447,45.873231
98,6.960427,45.873774
98,6.960788,45.873771
98,6.960808,45.874013
98,6.960787,45.874586
98,6.960023,45.874573
98,6.960021,45.874835
98,6.959624,45.874838
98,6.959619,45.875371
98,6.96,45.875388
98,6.959991,45.87564
98,6.960383,45.875659
98,6.960354,45.876467
98,6.961125,45.876476
98,6.961126,45.876748
98,6.961878,45.876771
98,6.961885,45.8765
98,6.962288,45.876507
98,6.962278,45.876799
98,6.962668,45.876776
98,6.962642,45.877883
98,6.962974,45.877869
98,6.962993,45.878131
98,6.963425,45.878149
98,6.963387,45.87841
98,6.963746,45.878447
98,6.963739,45.879232
98,6.964106,45.879249
98,6.964123,45.879773
98,6.964475,45.879799
98,6.964449,45.880318
98,6.964845,45.88034
98,6.964791,45.881422
98,6.96521,45.881414
98,6.965214,45.881676
98,6.96556,45.881692
98,6.965584,45.882226
98,6.965922,45.882243
98,6.965941,45.88251
98,6.966331,45.882512
98,6.966329,45.882763
98,6.966703,45.882785
98,6.966669,45.883318
98,6.966279,45.883337
98,6.966242,45.883857
98,6.966624,45.883871
98,6.966604,45.884122
98,6.966997,45.884145
98,6.967018,45.88387
98,6.967805,45.8839
98,6.967773,45.884151
98,6.968178,45.884174
98,6.968181,45.884717
98,6.968528,45.884754
98,6.968566,45.885266
98,6.968915,45.885272
98,6.968917,45.885524
98,6.969298,45.885554
98,6.969255,45.885805
98,6.970031,45.885842
98,6.970044,45.886094
98,6.970407,45.886209
98,6.970625,45.886507
98,6.97081,45.886697
98,6.971163,45.886908
98,6.971746,45.887248
98,6.972933,45.887216
98,6.973436,45.887231
98,6.974155,45.887264
98,6.974724,45.887408
98,6.974925,45.887118
98,6.973917,45.886459
98,6.972941,45.885934
98,6.973108,45.885563
98,6.974658,45.886045
98,6.97536,45.886725
98,6.976307,45.886982
98,6.976641,45.887282
98,6.976942,45.887421
98,6.977549,45.887538
98,6.978756,45.886972
98,6.978644,45.887932
98,6.978466,45.888623
98,6.978415,45.888996
98,6.978084,45.889444
98,6.97768,45.889422
98,6.977604,45.889971
98,6.977253,45.890004
98,6.9772,45.890537
98,6.97684,45.890539
98,6.976832,45.890759
98,6.976426,45.890775
98,6.976461,45.891051
98,6.976045,45.891051
98,6.97599,45.891318
98,6.975664,45.891304
98,6.975609,45.891578
98,6.975282,45.891573
98,6.975216,45.891862
98,6.974912,45.891857
98,6.97488,45.892108
98,6.974498,45.892101
98,6.974432,45.892367
98,6.974105,45.892361
98,6.974051,45.89262
98,6.973667,45.892645
98,6.973624,45.892895
98,6.973263,45.892913
98,6.973176,45.893163
98,6.972455,45.893173
98,6.972467,45.893441
98,6.972062,45.893442
98,6.972054,45.893669
98,6.971715,45.893687
98,6.971642,45.893901
98,6.971371,45.893958
98,6.971287,45.893975
98,6.97091,45.894054
98,6.970205,45.894202
98,6.968929,45.894468
98,6.96761,45.894951
98,6.967414,45.895023
98,6.966919,45.895204
98,6.965057,45.895886
98,6.963131,45.896286
98,6.962527,45.896412
98,6.961906,45.896489
98,6.961164,45.896582
98,6.958251,45.896945
98,6.955067,45.897723
98,6.95456,45.897701
98,6.954141,45.897702
98,6.953304,45.89795
98,6.953027,45.898033
98,6.951558,45.898468
98,6.949637,45.898767
98,6.949189,45.898759
98,6.948069,45.898738
98,6.947876,45.898735
98,6.947081,45.898721
98,6.945676,45.897028
98,6.943837,45.895114
98,6.942891,45.89405
98,6.942778,45.893878
98,6.941482,45.892025
98,6.940918,45.889577
98,6.941164,45.886722
98,6.941266,45.885594
98,6.941339,45.884791
98,6.941439,45.883679
98,6.941471,45.88368
98,6.941559,45.88343
98,6.941931,45.883405
98,6.941949,45.882918
98,6.941163,45.882865
98,6.941234,45.881262
98,6.941263,45.880489
98,6.941628,45.880177
98,6.941644,45.880163
98,6.941971,45.879884
98,6.943025,45.87916
98,6.944822,45.878406
98,6.94623,45.877773
98,6.946354,45.877716
98,6.947263,45.877307
98,6.948262,45.876904
98,6.948285,45.877213
98,6.950771,45.877204
98,6.950603,45.877602
98,6.949289,45.877979
98,6.947858,45.878407
98,6.947351,45.878692
98,6.947032,45.879409
98,6.94699,45.879927
98,6.945736,45.879945
98,6.945647,45.880291
98,6.946218,45.880354
98,6.946355,45.880811
98,6.946928,45.880821
98,6.947789,45.880276
98,6.948745,45.880293
98,6.949192,45.880044
98,6.949777,45.87927
98,6.950463,45.879335
98,6.950476,45.88003
98,6.953354,45.880136
98,6.954373,45.880127
98,6.95455,45.880531
98,6.954744,45.8809
98,6.95562,45.880947
98,6.955589,45.881182
98,6.955948,45.88122
98,6.955915,45.881502
98,6.95623,45.881508
98,6.956188,45.882042
98,6.956931,45.882336
98,6.957108,45.88274
98,6.957403,45.883039
98,6.958239,45.883188
98,6.9595,45.88321
98,6.960004,45.882959
98,6.960281,45.882775
98,6.960758,45.882658
98,6.96093,45.882268
98,6.960594,45.882215
98,6.960584,45.881885
98,6.960089,45.881876
98,6.960097,45.881671
98,6.95974,45.881571
98,6.95971,45.881161
98,6.95931,45.881028
98,6.959396,45.880527
98,6.959014,45.880504
98,6.958955,45.880267
98,6.958663,45.880246
98,6.95856,45.879977
98,6.957999,45.87992
98,6.958008,45.879684
98,6.957424,45.879658
98,6.957477,45.879423
98,6.957185,45.879418
98,6.957173,45.879135
98,6.956813,45.879113
98,6.956757,45.878797
98,6.95636,45.878586
98,6.956391,45.877737
98,6.956818,45.877745
98,6.956837,45.877234
98,6.957186,45.877225
98,6.95723,45.876966
98,6.957624,45.876965
98,6.957632,45.876423
98,6.957284,45.876409
98,6.957294,45.876134
98,6.956113,45.876113
98,6.956159,45.876381
98,6.954934,45.876351
98,6.954968,45.876635
98,6.954159,45.876604
98,6.954157,45.876345
98,6.95454,45.876344
98,6.954559,45.876116
98,6.954864,45.876106
98,6.954919,45.875832
98,6.955685,45.875814
98,6.955739,45.875556
98,6.956482,45.875553
98,6.956502,45.875325
98,6.957257,45.8753
98,6.957331,45.874814
98,6.95768,45.874828
98,6.95774,45.873476
98,6.956977,45.873431
98,6.956988,45.873722
98,6.95619,45.873716
98,6.956169,45.873975
98,6.955809,45.873953
98,6.955822,45.87422
98,6.955013,45.874175
98,6.954976,45.873969
98,6.955359,45.873961
98,6.955369,45.873678
98,6.95607,45.873612
98,6.956166,45.873425
98,6.956527,45.873415
98,6.956537,45.873133
98,6.957302,45.873146
98,6.957319,45.872077
98,6.958151,45.872108
98,6.958261,45.871544
98,6.958621,45.87155
98,6.958571,45.870771
98,6.957447,45.870743
98,6.957499,45.870241
98,6.957072,45.870225
98,6.957094,45.869935
98,6.957848,45.869925
98,6.9578,45.869688
98,6.958587,45.86971
98,6.95862,45.869435
98,6.959397,45.869434
98,6.95943,45.869135
98,6.960598,45.869211
98,6.960616,45.86841
98,6.960246,45.868356
98,6.960367,45.867816
98,6.95877,45.867795
98,6.95876,45.86807
98,6.95832,45.868093
98,6.958335,45.868597
98,6.957447,45.868573
98,6.957493,45.868849
98,6.956356,45.868868
98,6.956329,45.869308
98,6.955862,45.869457
98,6.955629,45.869657
98,6.9556,45.869845
98,6.955148,45.869884
98,6.955151,45.870419
98,6.954388,45.870374
98,6.95442,45.870705
98,6.953881,45.870679
98,6.953915,45.870381
98,6.954011,45.869597
98,6.954731,45.86961
98,6.954794,45.869123
98,6.954389,45.8691
98,6.954366,45.868518
98,6.954816,45.868526
98,6.954825,45.868259
98,6.954421,45.868236
98,6.954388,45.867905
98,6.954405,45.867434
98,6.954923,45.867427
98,6.954931,45.867207
98,6.955224,45.867213
98,6.955989,45.867211
98,6.95603,45.866708
98,6.957562,45.866673
98,6.957576,45.866909
98,6.958408,45.866924
98,6.958416,45.866704
98,6.959517,45.866755
98,6.959553,45.867007
98,6.960654,45.867058
98,6.960674,45.866508
98,6.960269,45.866517
98,6.959248,45.866428
98,6.95921,45.865932
98,6.959218,45.865405
98,6.957711,45.86537
98,6.957664,45.865126
98,6.957307,45.865041
98,6.957238,45.864756
98,6.956862,45.864592
98,6.956862,45.864286
98,6.956525,45.864264
98,6.956542,45.864099
98,6.956254,45.863968
98,6.955422,45.863946
98,6.955452,45.863443
98,6.956161,45.863432
98,6.95613,45.863683
98,6.956535,45.863675
98,6.956525,45.863965
98,6.95694,45.863988
98,6.956926,45.864366
98,6.957102,45.864494
98,6.957524,45.864628
98,6.957555,45.865021
98,6.958408,45.865084
98,6.958441,45.864801
98,6.958058,45.864795
98,6.958086,45.863742
98,6.957715,45.863735
98,6.957725,45.863444
98,6.957729,45.862414
98,6.958214,45.862399
98,6.958212,45.862148
98,6.957438,45.862079
98,6.957379,45.861842
98,6.956627,45.861797
98,6.956635,45.861561
98,6.956298,45.861548
98,6.956299,45.861831
98,6.955839,45.861791
98,6.955847,45.861563
98,6.955488,45.861533
98,6.955478,45.861808
98,6.955129,45.86181
98,6.955068,45.862563
98,6.954661,45.862619
98,6.95467,45.862061
98,6.954333,45.862039
98,6.954279,45.862298
98,6.953537,45.862276
98,6.953537,45.862575
98,6.952739,45.862553
98,6.952719,45.863095
98,6.952337,45.86308
98,6.952363,45.863899
98,6.953072,45.863903
98,6.953062,45.864186
98,6.952309,45.864157
98,6.952248,45.865516
98,6.951077,45.865511
98,6.951064,45.865251
98,6.951076,45.864937
98,6.951492,45.864952
98,6.951532,45.864175
98,6.950756,45.864153
98,6.950742,45.863618
98,6.950034,45.86359
98,6.95001,45.863314
98,6.950381,45.863336
98,6.950444,45.862528
98,6.950052,45.862473
98,6.95005,45.862245
98,6.949645,45.86223
98,6.949643,45.861971
98,6.948474,45.861934
98,6.948476,45.862201
98,6.948835,45.862231
98,6.948814,45.862498
98,6.94851,45.862493
98,6.9483,45.862724
98,6.948086,45.863004
98,6.947571,45.86331
98,6.947251,45.863829
98,6.947643,45.864034
98,6.947817,45.864101
98,6.948034,45.864112
98,6.948036,45.864379
98,6.947642,45.864364
98,6.947623,45.864142
98,6.947258,45.86409
98,6.947262,45.864617
98,6.947633,45.864623
98,6.947634,45.86519
98,6.94723,45.865167
98,6.947175,45.866514
98,6.947167,45.866851
98,6.947396,45.866805
98,6.94754,45.866801
98,6.947548,45.867089
98,6.947748,45.8671
98,6.9479,45.8671
98,6.947901,45.867369
98,6.947917,45.867468
98,6.948314,45.867475
98,6.948323,45.86735
98,6.948507,45.867356
98,6.948513,45.867208
98,6.948899,45.867215
98,6.948909,45.866945
98,6.949108,45.866949
98,6.949116,45.86683
98,6.949479,45.866843
98,6.949461,45.867225
98,6.949672,45.867229
98,6.949662,45.867499
98,6.949448,45.867495
98,6.949438,45.867697
98,6.94944,45.868164
98,6.949448,45.868458
98,6.94924,45.868455
98,6.949236,45.868571
98,6.949023,45.868568
98,6.949009,45.868958
98,6.948999,45.869225
98,6.948264,45.869205
98,6.948259,45.869094
98,6.947671,45.869083
98,6.947681,45.868813
98,6.947691,45.868544
98,6.9477,45.868274
98,6.947314,45.868267
98,6.947324,45.867997
98,6.947334,45.867727
98,6.947344,45.867457
98,6.947541,45.867461
98,6.947544,45.867342
98,6.94714,45.867303
98,6.947112,45.867049
98,6.946973,45.867049
98,6.946968,45.86718
98,6.946581,45.867174
98,6.946591,45.866904
98,6.946205,45.866897
98,6.946215,45.866627
98,6.945829,45.86662
98,6.945839,45.86635
98,6.945849,45.86608
98,6.946235,45.866087
98,6.946245,45.865817
98,6.946428,45.865821
98,6.946435,45.865679
98,6.946772,45.865693
98,6.946854,45.864366
98,6.946146,45.864345
98,6.946104,45.864887
98,6.945733,45.86488
98,6.945735,45.865116
98,6.944902,45.865117
98,6.944531,45.865517
98,6.944373,45.865724
98,6.944142,45.866184
98,6.943629,45.866714
98,6.944064,45.866957
98,6.944129,45.86701
98,6.944462,45.866996
98,6.944499,45.867404
98,6.94472,45.86746
98,6.944942,45.867432
98,6.945206,45.86756
98,6.945209,45.867788
98,6.945221,45.868087
98,6.945579,45.868124
98,6.945542,45.869146
98,6.946328,45.869191
98,6.946295,45.869458
98,6.946689,45.869457
98,6.946669,45.869716
98,6.947444,45.869754
98,6.947435,45.870296
98,6.947817,45.870311
98,6.94822,45.870713
98,6.948384,45.870716
98,6.948377,45.870894
98,6.948455,45.870988
98,6.94876,45.870993
98,6.94875,45.871263
98,6.949136,45.87127
98,6.94913,45.871448
98,6.949309,45.871461
98,6.949291,45.871701
98,6.949295,45.871813
98,6.949503,45.871816
98,6.949493,45.872086
98,6.949483,45.872356
98,6.949097,45.872349
98,6.949087,45.872619
98,6.947909,45.872598
98,6.947347,45.8727
98,6.947345,45.872588
98,6.947155,45.872584
98,6.947165,45.872314
98,6.946393,45.872301
98,6.946402,45.872031
98,6.945858,45.872021
98,6.945859,45.872139
98,6.945431,45.872147
98,6.945436,45.872013
98,6.944471,45.871996
98,6.944481,45.871726
98,6.944286,45.871723
98,6.944293,45.871875
98,6.943529,45.871846
98,6.94355,45.87128
98,6.943724,45.871292
98,6.943728,45.871173
98,6.943342,45.871166
98,6.943352,45.870896
98,6.943362,45.870626
98,6.943372,45.870356
98,6.942986,45.870349
98,6.942996,45.870079
98,6.943005,45.869809
98,6.943015,45.86954
98,6.942629,45.869533
98,6.942639,45.869263
98,6.943025,45.86927
98,6.943035,45.869
98,6.943145,45.869002
98,6.943143,45.868883
98,6.943426,45.868878
98,6.943432,45.868737
98,6.94361,45.86874
98,6.943626,45.868608
98,6.943974,45.868614
98,6.944209,45.868619
98,6.944214,45.868481
98,6.944373,45.868484
98,6.94439,45.868339
98,6.944805,45.868362
98,6.944748,45.867612
98,6.944442,45.867546
98,6.944071,45.867531
98,6.94409,45.867013
98,6.943294,45.866935
98,6.943293,45.867258
98,6.942123,45.867252
98,6.942113,45.867527
98,6.941685,45.86752
98,6.941394,45.867483
98,6.941337,45.867812
98,6.94091,45.867789
98,6.940879,45.868008
98,6.940852,45.868192
98,6.940719,45.868294
98,6.940852,45.868761
98,6.941252,45.869083
98,6.941225,45.869618
98,6.941142,45.870204
98,6.940918,45.871039
98,6.941135,45.872062
98,6.941595,45.872086
98,6.941576,45.872314
98,6.94198,45.872337
98,6.942104,45.873187
98,6.94115,45.87347
98,6.940738,45.873659
98,6.940506,45.874072
98,6.939952,45.874211
98,6.93963,45.874412
98,6.939181,45.874692
98,6.938775,45.874708
98,6.938793,45.87515
98,6.938631,45.875476
98,6.938339,45.875534
98,6.938212,45.875783
98,6.937981,45.87607
98,6.937381,45.876232
98,6.936766,45.876056
98,6.936788,45.875789
98,6.936046,45.87576
98,6.93597,45.875533
98,6.935695,45.875195
98,6.935387,45.875073
98,6.934878,45.874921
98,6.934909,45.874391
98,6.934521,45.87438
98,6.934537,45.874101
98,6.934931,45.874108
98,6.934945,45.873861
98,6.934575,45.87383
98,6.934572,45.873602
98,6.934168,45.873571
98,6.934177,45.873021
98,6.933852,45.872992
98,6.933827,45.872755
98,6.933423,45.872725
98,6.933431,45.872198
98,6.933006,45.872143
98,6.933485,45.871998
98,6.93427,45.872237
98,6.935282,45.87212
98,6.93454,45.871448
98,6.934248,45.871427
98,6.933916,45.871362
98,6.933579,45.871206
98,6.9331,45.871123
98,6.933174,45.86974
98,6.933204,45.869222
98,6.933213,45.868971
98,6.933844,45.868966
98,6.933967,45.868686
98,6.934642,45.868698
98,6.934615,45.868194
98,6.935043,45.868202
98,6.93552,45.868006
98,6.936727,45.867818
98,6.937426,45.867663
98,6.937789,45.867523
98,6.938181,45.867365
98,6.938682,45.867167
98,6.939091,45.867097
98,6.939188,45.866784
98,6.939466,45.866371
98,6.940321,45.86631
98,6.940656,45.866125
98,6.94096,45.866139
98,6.941026,45.865865
98,6.941397,45.865871
98,6.941407,45.865604
98,6.941789,45.865611
98,6.94142,45.864982
98,6.939908,45.86476
98,6.939624,45.864276
98,6.939979,45.863953
98,6.940341,45.863682
98,6.940713,45.863681
98,6.940734,45.863414
98,6.941487,45.863444
98,6.941545,45.863704
98,6.94219,45.863888
98,6.942615,45.863991
98,6.94278,45.864153
98,6.942998,45.864273
98,6.94339,45.864478
98,6.944177,45.864027
98,6.944273,45.863775
98,6.944579,45.863515
98,6.944764,45.86326
98,6.945163,45.862908
98,6.945352,45.86268
98,6.945381,45.861894
98,6.945831,45.861902
98,6.945759,45.8608
98,6.94621,45.860793
98,6.946229,45.860258
98,6.946567,45.860249
98,6.946695,45.859229
98,6.947449,45.859219
98,6.947495,45.859495
98,6.948956,45.859537
98,6.948965,45.858995
98,6.949392,45.859002
98,6.949389,45.858476
98,6.949031,45.858438
98,6.949102,45.857102
98,6.948304,45.857096
98,6.948313,45.856829
98,6.947932,45.856806
98,6.947941,45.856547
98,6.947143,45.856533
98,6.947206,45.85574
98,6.946812,45.855733
98,6.946823,45.85545
98,6.946418,45.855427
98,6.946465,45.854622
98,6.946088,45.854615
98,6.946104,45.854348
98,6.945699,45.854337
98,6.945702,45.853798
98,6.945366,45.853772
98,6.945317,45.853253
98,6.944968,45.853254
98,6.94499,45.852972
98,6.944641,45.852973
98,6.944572,45.852705
98,6.944212,45.852698
98,6.944178,45.852422
98,6.94384,45.852416
98,6.943838,45.852165
98,6.94267,45.852128
98,6.942668,45.851861
98,6.941275,45.85182
98,6.940016,45.851781
98,6.93996,45.852087
98,6.939578,45.852064
98,6.939557,45.852323
98,6.939186,45.852309
98,6.939165,45.852584
98,6.938423,45.852578
98,6.938454,45.850967
98,6.938848,45.850966
98,6.938885,45.850711
98,6.939251,45.850702
98,6.939267,45.850435
98,6.939649,45.850442
98,6.939675,45.850191
98,6.940046,45.850194
98,6.940102,45.849916
98,6.940428,45.849922
98,6.940483,45.849647
98,6.941198,45.849633
98,6.941622,45.849121
98,6.941677,45.848226
98,6.941692,45.847833
98,6.941491,45.847783
98,6.940568,45.847797
98,6.940557,45.847483
98,6.940151,45.847507
98,6.940117,45.847223
98,6.937081,45.847184
98,6.937159,45.846903
98,6.936642,45.846893
98,6.936696,45.846643
98,6.936293,45.846588
98,6.936363,45.845913
98,6.934433,45.845477
98,6.933285,45.845472
98,6.933231,45.845739
98,6.932859,45.84574
98,6.932872,45.845992
98,6.931703,45.845986
98,6.93167,45.846253
98,6.930918,45.846224
98,6.930896,45.846498
98,6.929772,45.846486
98,6.929771,45.846203
98,6.929039,45.846221
98,6.929008,45.846456
98,6.928614,45.846465
98,6.92857,45.846731
98,6.928211,45.846717
98,6.928201,45.846984
98,6.928583,45.846991
98,6.928542,45.848099
98,6.92816,45.848092
98,6.928138,45.848359
98,6.927363,45.848345
98,6.927384,45.84807
98,6.927003,45.848039
98,6.926989,45.847811
98,6.926607,45.847781
98,6.926628,45.847522
98,6.925842,45.847492
98,6.925851,45.84724
98,6.925087,45.847226
98,6.925108,45.846952
98,6.923961,45.846939
98,6.923896,45.847189
98,6.923175,45.847199
98,6.923177,45.847443
98,6.92275,45.847435
98,6.922685,45.848275
98,6.922383,45.848246
98,6.922329,45.848772
98,6.921587,45.848759
98,6.92156,45.847972
98,6.921179,45.847941
98,6.921178,45.847666
98,6.920807,45.847652
98,6.920816,45.847416
98,6.921221,45.847415
98,6.921242,45.847149
98,6.920827,45.847125
98,6.920859,45.846576
98,6.920499,45.846569
98,6.920531,45.846302
98,6.919272,45.846295
98,6.919314,45.845761
98,6.918619,45.845701
98,6.918592,45.845213
98,6.918142,45.845205
98,6.918152,45.844954
98,6.91624,45.844935
98,6.91625,45.844652
98,6.915869,45.844629
98,6.9159,45.84441
98,6.91554,45.844403
98,6.915508,45.844041
98,6.915216,45.844035
98,6.915189,45.843563
98,6.914807,45.843541
98,6.91479,45.842801
98,6.915173,45.842792
98,6.915209,45.842431
98,6.914849,45.842409
98,6.914889,45.841663
98,6.914486,45.841593
98,6.914472,45.841081
98,6.914157,45.841068
98,6.914156,45.840793
98,6.913358,45.840786
98,6.913314,45.841045
98,6.912212,45.84104
98,6.912163,45.841307
98,6.911409,45.841305
98,6.911389,45.841556
98,6.910634,45.84157
98,6.910637,45.841794
98,6.910238,45.841782
98,6.910216,45.842077
98,6.909834,45.842054
98,6.909802,45.842608
98,6.910173,45.84263
98,6.910186,45.842882
98,6.910591,45.84289
98,6.910571,45.843416
98,6.910165,45.84344
98,6.910119,45.844666
98,6.910048,45.845954
98,6.910132,45.846128
98,6.910447,45.84611
98,6.910459,45.846409
98,6.910066,45.846386
98,6.910076,45.846104
98,6.909682,45.846112
98,6.909681,45.845837
98,6.909288,45.845822
98,6.909297,45.845578
98,6.908949,45.845556
98,6.908903,45.845296
98,6.908178,45.845279
98,6.908194,45.845016
98,6.9078,45.845008
98,6.907799,45.844737
98,6.907423,45.844722
98,6.907427,45.844463
98,6.907034,45.844444
98,6.906997,45.844982
98,6.906626,45.844971
98,6.906249,45.844976
98,6.906228,45.845243
98,6.905092,45.845222
98,6.90511,45.844149
98,6.904728,45.844134
98,6.904775,45.843325
98,6.903606,45.843304
98,6.903638,45.84275
98,6.90325,45.842755
98,6.903248,45.842496
98,6.902495,45.84249
98,6.902431,45.843007
98,6.900778,45.842977
98,6.897451,45.842908
98,6.896006,45.842897
98,6.89396,45.842863
98,6.893944,45.843126
98,6.893185,45.84312
98,6.893147,45.843383
98,6.892776,45.843372
98,6.892772,45.843639
98,6.892396,45.843621
98,6.892387,45.843775
98,6.89258,45.843778
98,6.89257,45.844048
98,6.893342,45.844062
98,6.893332,45.844332
98,6.893322,45.844602
98,6.891391,45.844566
98,6.891381,45.844836
98,6.890995,45.844829
98,6.890985,45.845099
98,6.890599,45.845092
98,6.890588,45.845361
98,6.890202,45.845354
98,6.890192,45.845624
98,6.889616,45.845614
98,6.889574,45.846253
98,6.889008,45.84628
98,6.889003,45.846412
98,6.888993,45.846682
98,6.888794,45.846678
98,6.888732,45.847087
98,6.888204,45.847101
98,6.8882,45.847207
98,6.888033,45.847204
98,6.888026,45.847608
98,6.888363,45.847623
98,6.88831,45.848439
98,6.888154,45.848436
98,6.888149,45.848557
98,6.887763,45.84855
98,6.887753,45.848819
98,6.887743,45.849089
98,6.887732,45.849359
98,6.887722,45.849629
98,6.887336,45.849622
98,6.887326,45.849892
98,6.886554,45.849877
98,6.88554,45.849984
98,6.885519,45.851094
98,6.885155,45.851074
98,6.885117,45.851336
98,6.885567,45.85136
98,6.885523,45.851611
98,6.885883,45.851626
98,6.885863,45.852144
98,6.886257,45.852151
98,6.886269,45.85271
98,6.886069,45.852839
98,6.886827,45.852853
98,6.886838,45.852583
98,6.887224,45.85259
98,6.887234,45.85232
98,6.888779,45.852349
98,6.888789,45.852079
98,6.889175,45.852086
98,6.889185,45.851816
98,6.889485,45.851822
98,6.889637,45.851413
98,6.890098,45.851392
98,6.890021,45.852328
98,6.889938,45.852351
98,6.889937,45.85237
98,6.889874,45.852369
98,6.889547,45.85246
98,6.889541,45.852633
98,6.889423,45.852631
98,6.889413,45.8529
98,6.88953,45.852903
98,6.889526,45.853015
98,6.889913,45.853002
98,6.889917,45.85291
98,6.890303,45.852917
98,6.890313,45.852647
98,6.890323,45.852377
98,6.890526,45.852381
98,6.890544,45.851983
98,6.890724,45.851986
98,6.89073,45.851845
98,6.890904,45.851848
98,6.890914,45.851715
98,6.891507,45.851732
98,6.891512,45.851589
98,6.891707,45.851593
98,6.891728,45.851458
98,6.892077,45.851469
98,6.892109,45.851202
98,6.892685,45.851216
98,6.892691,45.851071
98,6.892891,45.851074
98,6.892941,45.85093
98,6.893083,45.850933
98,6.893087,45.850808
98,6.893279,45.850812
98,6.893266,45.850661
98,6.893479,45.850678
98,6.893484,45.850545
98,6.893656,45.850548
98,6.893679,45.850142
98,6.894016,45.850156
98,6.894083,45.84989
98,6.894465,45.849882
98,6.894476,45.849614
98,6.897173,45.849672
98,6.897141,45.849939
98,6.897557,45.849946
98,6.897558,45.850206
98,6.899886,45.850249
98,6.899832,45.851081
98,6.899646,45.85107
98,6.899641,45.851199
98,6.899445,45.851195
98,6.89943,45.851593
98,6.899789,45.851615
98,6.8998,45.851923
98,6.900757,45.852087
98,6.900408,45.852293
98,6.900759,45.852299
98,6.900752,45.852489
98,6.901517,45.852583
98,6.901521,45.852583
98,6.901521,45.852584
98,6.90166,45.852601
98,6.902475,45.852737
98,6.902652,45.852971
98,6.902844,45.853267
98,6.903224,45.853313
98,6.903238,45.853557
98,6.904779,45.85357
98,6.904756,45.85386
98,6.90515,45.853867
98,6.905129,45.854119
98,6.905521,45.854165
98,6.905501,45.854409
98,6.905916,45.854432
98,6.905853,45.855217
98,6.904717,45.855212
98,6.904713,45.855072
98,6.904519,45.855069
98,6.904524,45.854944
98,6.90394,45.85493
98,6.903941,45.855209
98,6.903542,45.855198
98,6.903552,45.854915
98,6.903181,45.854912
98,6.903183,45.854774
98,6.901202,45.854738
98,6.901186,45.854864
98,6.900848,45.854858
98,6.90088,45.854622
98,6.900082,45.8546
98,6.900109,45.854178
98,6.89953,45.854167
98,6.89954,45.853897
98,6.899154,45.85389
98,6.899164,45.85362
98,6.898778,45.853613
98,6.898788,45.853343
98,6.898402,45.853336
98,6.898412,45.853066
98,6.898026,45.853059
98,6.898016,45.853329
98,6.897629,45.853322
98,6.897619,45.853592
98,6.897253,45.853585
98,6.897232,45.853601
98,6.897223,45.853854
98,6.896451,45.85384
98,6.89644,45.85411
98,6.89643,45.85438
98,6.896429,45.854409
98,6.896979,45.854573
98,6.897995,45.854878
98,6.897994,45.854851
98,6.899156,45.854804
98,6.899193,45.855109
98,6.899595,45.85511
98,6.899621,45.855311
98,6.900048,45.85565
98,6.900091,45.85565
98,6.900097,45.855689
98,6.900118,45.855706
98,6.900488,45.855914
98,6.900551,45.855912
98,6.900554,45.855952
98,6.900816,45.856099
98,6.90153,45.856179
98,6.902638,45.856142
98,6.90266,45.856306
98,6.90332,45.856379
98,6.903333,45.856389
98,6.903473,45.856388
98,6.903473,45.856492
98,6.903715,45.856671
98,6.903872,45.856661
98,6.903889,45.856799
98,6.904054,45.85692
98,6.903669,45.857125
98,6.903666,45.857213
98,6.903529,45.857211
98,6.903535,45.857279
98,6.903369,45.857286
98,6.903275,45.857336
98,6.90327,45.857476
98,6.903021,45.857471
98,6.90288,45.857546
98,6.902873,45.857739
98,6.902101,45.857725
98,6.902105,45.857621
98,6.901922,45.857625
98,6.901904,45.857502
98,6.901853,45.857495
98,6.901812,45.857449
98,6.901725,45.857448
98,6.901728,45.857355
98,6.901567,45.857175
98,6.901349,45.857171
98,6.901357,45.856953
98,6.901214,45.856898
98,6.900973,45.856894
98,6.900976,45.856808
98,6.900465,45.856614
98,6.899824,45.856603
98,6.899833,45.856375
98,6.899716,45.856331
98,6.899448,45.856326
98,6.899452,45.85623
98,6.898967,45.856047
98,6.898686,45.856042
98,6.89869,45.855933
98,6.898289,45.855764
98,6.897538,45.85575
98,6.897528,45.85602
98,6.897141,45.856013
98,6.897132,45.856262
98,6.897754,45.85616
98,6.89772,45.857067
98,6.897481,45.857258
98,6.897477,45.857369
98,6.897467,45.857639
98,6.897461,45.857777
98,6.898021,45.857793
98,6.898016,45.858061
98,6.899191,45.858078
98,6.899165,45.858616
98,6.898589,45.858608
98,6.898584,45.85874
98,6.897812,45.858726
98,6.897802,45.858996
98,6.897578,45.858991
98,6.897518,45.859888
98,6.896992,45.85999
98,6.896989,45.860061
98,6.896719,45.860056
98,6.896601,45.86009
98,6.896592,45.860323
98,6.896206,45.860316
98,6.896216,45.860046
98,6.89583,45.860039
98,6.89584,45.85977
98,6.895068,45.859755
98,6.895058,45.860025
98,6.893513,45.859997
98,6.893523,45.859727
98,6.893137,45.85972
98,6.893127,45.85999
98,6.89312,45.86018
98,6.89333,45.860263
98,6.893503,45.860266
98,6.8935,45.860331
98,6.893691,45.860406
98,6.893686,45.86054
98,6.893879,45.860543
98,6.893869,45.860813
98,6.894641,45.860828
98,6.894631,45.861097
98,6.894621,45.861367
98,6.894417,45.861363
98,6.894409,45.861501
98,6.894229,45.861497
98,6.894224,45.86163
98,6.894022,45.861626
98,6.894006,45.861753
98,6.894063,45.861897
98,6.894214,45.8619
98,6.894204,45.86217
98,6.894171,45.862169
98,6.894213,45.862273
98,6.893572,45.862822
98,6.893212,45.862807
98,6.893146,45.863372
98,6.892999,45.863366
98,6.892994,45.863497
98,6.892608,45.86349
98,6.892603,45.863633
98,6.892787,45.863648
98,6.892782,45.863763
98,6.892984,45.863767
98,6.89298,45.863884
98,6.893564,45.863906
98,6.893577,45.864182
98,6.893903,45.86418
98,6.893914,45.864324
98,6.894297,45.864331
98,6.894329,45.863921
98,6.894712,45.863928
98,6.894687,45.863676
98,6.895081,45.863675
98,6.895102,45.863416
98,6.895317,45.863402
98,6.895322,45.86327
98,6.895481,45.863273
98,6.895506,45.862857
98,6.895922,45.862873
98,6.895943,45.862606
98,6.897089,45.862651
98,6.896793,45.863027
98,6.896877,45.863029
98,6.896867,45.863299
98,6.896864,45.863382
98,6.897452,45.863459
98,6.897421,45.86371
98,6.897825,45.863733
98,6.897815,45.864001
98,6.898185,45.864015
98,6.898176,45.864274
98,6.897782,45.864267
98,6.897761,45.864538
98,6.898171,45.864546
98,6.898151,45.865084
98,6.897959,45.865082
98,6.897954,45.865209
98,6.897949,45.86535
98,6.898123,45.865362
98,6.898132,45.865885
98,6.898497,45.8659
98,6.898498,45.866163
98,6.89811,45.866156
98,6.897919,45.866154
98,6.897913,45.866288
98,6.897141,45.866274
98,6.897151,45.866004
98,6.896765,45.865997
98,6.896775,45.865727
98,6.896389,45.86572
98,6.896399,45.86545
98,6.896013,45.865443
98,6.896023,45.865173
98,6.894092,45.865138
98,6.894082,45.865408
98,6.893309,45.865393
98,6.893319,45.865124
98,6.892161,45.865102
98,6.892171,45.864832
98,6.891785,45.864825
98,6.891795,45.864555
98,6.891409,45.864548
98,6.891419,45.864278
98,6.891429,45.864009
98,6.891439,45.863739
98,6.891053,45.863732
98,6.891063,45.863462
98,6.891073,45.863192
98,6.890687,45.863185
98,6.890697,45.862915
98,6.890708,45.862645
98,6.890321,45.862638
98,6.890332,45.862368
98,6.889945,45.862361
98,6.889956,45.862091
98,6.889183,45.862077
98,6.889193,45.861807
98,6.888807,45.8618
98,6.888817,45.86153
98,6.888431,45.861523
98,6.888441,45.861253
98,6.888452,45.860983
98,6.88811,45.860977
98,6.888089,45.861048
98,6.888001,45.86129
98,6.887957,45.86145
98,6.887882,45.861673
98,6.88786,45.86183
98,6.88781,45.861936
98,6.887788,45.86207
98,6.887779,45.862292
98,6.887286,45.862522
98,6.887031,45.862671
98,6.887813,45.862639
98,6.887868,45.862933
98,6.889075,45.862884
98,6.889154,45.864023
98,6.888722,45.86406
98,6.888715,45.864228
98,6.88871,45.864369
98,6.889181,45.864349
98,6.889191,45.864656
98,6.888756,45.864694
98,6.888763,45.864969
98,6.888478,45.864991
98,6.888409,45.864493
98,6.887932,45.864484
98,6.887943,45.864214
98,6.88717,45.8642
98,6.88716,45.86447
98,6.887037,45.864467
98,6.886936,45.864776
98,6.886773,45.865217
98,6.886778,45.865223
98,6.886804,45.865601
98,6.886803,45.865934
98,6.886822,45.866289
98,6.886798,45.867033
98,6.886807,45.867465
98,6.886841,45.867837
98,6.886811,45.868157
98,6.886614,45.869063
98,6.886336,45.869562
98,6.885445,45.870842
98,6.885106,45.871133
98,6.884977,45.871256
98,6.884792,45.871288
98,6.884793,45.871311
98,6.885192,45.871326
98,6.885148,45.87185
98,6.885511,45.871866
98,6.885479,45.872694
98,6.885879,45.872698
98,6.885861,45.873493
98,6.885467,45.873486
98,6.885451,45.873748
98,6.88507,45.873749
98,6.885029,45.874819
98,6.88541,45.874839
98,6.885406,45.875105
98,6.88695,45.875125
98,6.886946,45.875396
98,6.887315,45.875411
98,6.887317,45.875682
98,6.887698,45.875689
98,6.887684,45.876231
98,6.886903,45.876212
98,6.886899,45.876483
98,6.888061,45.876513
98,6.88801,45.877041
98,6.888452,45.877057
98,6.888431,45.877607
98,6.889206,45.877621
98,6.889164,45.878425
98,6.889539,45.878432
98,6.88952,45.879244
98,6.889121,45.879245
98,6.889093,45.880302
98,6.889843,45.880333
98,6.889865,45.880054
98,6.893728,45.880125
98,6.893708,45.880658
98,6.895257,45.880712
98,6.895262,45.881229
98,6.897139,45.881272
98,6.897141,45.881526
98,6.897516,45.881541
98,6.897518,45.881803
98,6.897906,45.881819
98,6.897937,45.880999
98,6.899062,45.881028
98,6.899016,45.882914
98,6.899427,45.88293
98,6.899417,45.883192
98,6.900955,45.883221
98,6.900945,45.883483
98,6.902883,45.883518
98,6.90288,45.883265
98,6.904394,45.883284
98,6.904421,45.883555
98,6.904821,45.883546
98,6.904756,45.884636
98,6.907468,45.884686
98,6.907458,45.884961
98,6.908221,45.884962
98,6.908231,45.884708
98,6.908612,45.884715
98,6.908622,45.884449
98,6.909004,45.884452
98,6.90902,45.88419
98,6.909414,45.884188
98,6.90943,45.883922
98,6.910581,45.883935
98,6.910603,45.883664
98,6.911371,45.883695
98,6.911374,45.883953
98,6.912118,45.883975
98,6.91211,45.884508
98,6.911723,45.884501
98,6.911706,45.884776
98,6.911325,45.884761
98,6.911321,45.885032
98,6.910158,45.885014
98,6.910116,45.88583
98,6.909359,45.8858
98,6.909337,45.886074
98,6.907793,45.886046
98,6.907789,45.886317
98,6.907407,45.88631
98,6.907379,45.886572
98,6.90661,45.886562
98,6.906626,45.886295
98,6.906233,45.886288
98,6.906242,45.886026
98,6.904711,45.885994
98,6.904713,45.886252
98,6.904295,45.886244
98,6.904276,45.887065
98,6.904688,45.887072
98,6.904644,45.887613
98,6.905455,45.88762
98,6.905405,45.887356
98,6.906204,45.887363
98,6.906207,45.887625
98,6.906582,45.887632
98,6.90656,45.887902
98,6.906197,45.887887
98,6.906198,45.888167
98,6.906363,45.88858
98,6.906097,45.889369
98,6.906089,45.890094
98,6.906052,45.891414
98,6.906839,45.891428
98,6.906848,45.890878
98,6.907235,45.890894
98,6.907233,45.890623
98,6.907621,45.890622
98,6.907642,45.890377
98,6.908019,45.89035
98,6.908071,45.889284
98,6.908834,45.889307
98,6.908856,45.889036
98,6.909244,45.889035
98,6.909254,45.888781
98,6.910029,45.888778
98,6.910039,45.888516
98,6.911578,45.888527
98,6.911575,45.888273
98,6.912738,45.888286
98,6.912748,45.888033
98,6.913524,45.88803
98,6.913569,45.887785
98,6.913945,45.887784
98,6.913944,45.887496
98,6.914307,45.887511
98,6.914329,45.887232
98,6.915116,45.887255
98,6.915567,45.886978
98,6.915911,45.886728
98,6.915943,45.886195
98,6.916707,45.8862
98,6.916717,45.88593
98,6.91708,45.885936
98,6.917078,45.885674
98,6.917465,45.885681
98,6.917512,45.885403
98,6.918275,45.885417
98,6.918729,45.885414
98,6.919344,45.885442
98,6.919421,45.884904
98,6.919821,45.884912
98,6.919818,45.884658
98,6.920242,45.884665
98,6.920535,45.88462
98,6.921055,45.884646
98,6.921381,45.884678
98,6.921375,45.884966
98,6.921759,45.884947
98,6.92406,45.88498
98,6.924069,45.884743
98,6.925232,45.884748
98,6.92521,45.885014
98,6.925424,45.885105
98,6.925697,45.885289
98,6.926006,45.885282
98,6.926091,45.884903
98,6.925718,45.884747
98,6.925535,45.884522
98,6.924804,45.884499
98,6.924861,45.884219
98,6.925266,45.884177
98,6.925298,45.883929
98,6.924527,45.883913
98,6.923712,45.883917
98,6.923801,45.883439
98,6.924154,45.88312
98,6.926464,45.883156
98,6.926426,45.882924
98,6.927256,45.882889
98,6.927261,45.883156
98,6.927695,45.883179
98,6.92801,45.882986
98,6.92852,45.882664
98,6.929608,45.8827
98,6.929952,45.882988
98,6.930199,45.883373
98,6.930834,45.8835
98,6.931076,45.884033
98,6.931471,45.88419
98,6.931699,45.884426
98,6.931785,45.884659
98,6.931809,45.88485
98,6.931609,45.890856
98,6.931639,45.891123
98,6.931142,45.891584
98,6.931181,45.891613
98,6.931149,45.891805
98,6.931163,45.892085
98,6.931119,45.892617
98,6.931098,45.893233
98,6.930969,45.897014
98,6.931381,45.897021
98,6.931372,45.897258
98,6.931748,45.897265
98,6.931764,45.897815
98,6.932091,45.897821
98,6.932052,45.899192
98,6.932416,45.899198
98,6.932396,45.899714
98,6.932796,45.899721
98,6.932786,45.9
98,6.933186,45.900008
98,6.933189,45.900566
98,6.933953,45.900572
98,6.933945,45.901096
98,6.934297,45.901103
98,6.934289,45.901644
98,6.934676,45.90166
98,6.934656,45.902201
98,6.935043,45.902225
98,6.935036,45.902749
98,6.935423,45.902756
98,6.935349,45.904092
98,6.935736,45.904125
98,6.935642,45.906002
98,6.936054,45.906009
98,6.93596,45.90952
98,6.935573,45.909513
98,6.935514,45.911103
98,6.935113,45.911113
98,6.935081,45.911662
98,6.934669,45.911646
98,6.934671,45.911926
98,6.934283,45.911927
98,6.934273,45.912181
98,6.933873,45.912199
98,6.933855,45.913003
98,6.933468,45.912979
98,6.933413,45.91379
98,6.93305,45.913792
98,6.933028,45.914046
98,6.932677,45.914039
98,6.93263,45.914318
98,6.931478,45.914314
98,6.931457,45.914559
98,6.930693,45.914562
98,6.930708,45.914816
98,6.930332,45.914818
98,6.930286,45.915062
98,6.929922,45.915081
98,6.9299,45.915343
98,6.929537,45.915328
98,6.929514,45.915607
98,6.928739,45.915585
98,6.928717,45.915855
98,6.928353,45.915848
98,6.928319,45.916119
98,6.927943,45.916129
98,6.927934,45.916374
98,6.927158,45.916351
98,6.92715,45.916901
98,6.926762,45.916903
98,6.926764,45.917165
98,6.92594,45.917159
98,6.925978,45.91743
98,6.925178,45.917424
98,6.925169,45.917686
98,6.924793,45.917688
98,6.92477,45.917958
98,6.924407,45.917943
98,6.924375,45.918468
98,6.923999,45.918469
98,6.923576,45.918453
98,6.923552,45.918749
98,6.923201,45.918751
98,6.923182,45.91925
98,6.922042,45.919246
98,6.922012,45.92005
98,6.921601,45.920034
98,6.921592,45.920592
98,6.921204,45.920602
98,6.921196,45.921118
98,6.920784,45.921119
98,6.920768,45.922194
98,6.920368,45.922203
98,6.920295,45.92381
98,6.919895,45.923811
98,6.919788,45.927313
98,6.920164,45.92732
98,6.920136,45.928394
98,6.920512,45.928401
98,6.920408,45.931505
98,6.920387,45.932053
98,6.920447,45.93207
98,6.920444,45.932074
98,6.920776,45.932214
98,6.920991,45.932889
98,6.920312,45.933044
98,6.920374,45.933951
98,6.920342,45.934822
98,6.920405,45.935696
98,6.920676,45.93617
98,6.920557,45.936772
98,6.919946,45.9377
98,6.919822,45.938436
98,6.919792,45.93924
98,6.920154,45.93985
98,6.920826,45.939863
98,6.921307,45.939871
98,6.921403,45.939873
98,6.9214,45.93994
98,6.922583,45.939157
98,6.923567,45.938571
98,6.924262,45.93798
98,6.924664,45.937517
98,6.924669,45.937383
98,6.924686,45.936914
98,6.924803,45.936379
98,6.925209,45.935783
98,6.92551,45.935453
98,6.925715,45.935121
98,6.926021,45.934657
98,6.926038,45.934188
98,6.926521,45.93413
98,6.926581,45.932521
98,6.927157,45.932531
98,6.927202,45.931324
98,6.92789,45.930934
98,6.928292,45.930472
98,6.928309,45.930003
98,6.927927,45.929929
98,6.927798,45.928249
98,6.927509,45.928244
98,6.927496,45.92603
98,6.926924,45.925885
98,6.927149,45.925017
98,6.92747,45.924151
98,6.927406,45.923278
98,6.928293,45.92269
98,6.928875,45.922566
98,6.929453,45.92251
98,6.929939,45.922384
98,6.93049,45.922142
98,6.931249,45.92164
98,6.932798,45.921096
98,6.935717,45.920387
98,6.937227,45.919424
98,6.940304,45.917422
98,6.942158,45.916007
98,6.943557,45.91508
98,6.944603,45.913346
98,6.946107,45.911049
98,6.947094,45.909466
98,6.948638,45.90755
98,6.94947,45.906502
98,6.950106,45.905701
98,6.950165,45.905642
98,6.950759,45.905183
98,6.951397,45.904825
98,6.952426,45.904274
98,6.953081,45.904101
98,6.953887,45.90373
98,6.95438,45.903403
98,6.955894,45.90338
98,6.955952,45.903112
98,6.95696,45.903147
98,6.957089,45.902898
98,6.958387,45.902871
98,6.959493,45.902857
98,6.959973,45.902866
98,6.961317,45.90289
98,6.961517,45.902692
98,6.962381,45.902707
98,6.963157,45.90252
98,6.964031,45.902267
98,6.964427,45.901939
98,6.965483,45.901958
98,6.965964,45.901966
98,6.966554,45.901574
98,6.967148,45.901115
98,6.967825,45.900993
98,6.968403,45.900936
98,6.96879,45.900876
98,6.969474,45.900553
98,6.970051,45.900563
98,6.97074,45.900106
98,6.971604,45.900121
98,6.9719,45.899925
98,6.972003,45.899725
98,6.972582,45.899669
98,6.972975,45.899407
98,6.973367,45.899213
98,6.973569,45.898948
98,6.97415,45.898824
98,6.974548,45.898429
98,6.97542,45.898243
98,6.975508,45.898047
98,6.975752,45.898047
98,6.97577,45.897553
98,6.976248,45.897538
98,6.976259,45.897251
98,6.976999,45.897276
98,6.976993,45.896988
98,6.977405,45.896984
98,6.97743,45.896731
98,6.978139,45.896732
98,6.978184,45.895951
98,6.978974,45.895953
98,6.979001,45.895666
98,6.979396,45.895662
98,6.979418,45.894627
98,6.980208,45.894641
98,6.980218,45.894365
98,6.980596,45.894372
98,6.980656,45.894086
98,6.981001,45.894115
98,6.981097,45.893275
98,6.981401,45.893064
98,6.981731,45.893046
98,6.981775,45.89276
98,6.982185,45.892801
98,6.982231,45.891986
98,6.982611,45.891958
98,6.982637,45.891694
98,6.982998,45.891735
98,6.983017,45.891206
98,6.983791,45.891208
98,6.983834,45.890933
98,6.984181,45.890904
98,6.984238,45.88979
98,6.984631,45.889831
98,6.984633,45.889325
98,6.98539,45.88935
98,6.985368,45.889039
98,6.985829,45.889036
98,6.985823,45.888407
98,6.986408,45.887957
98,6.987522,45.887329
98,6.988465,45.886889
98,6.989677,45.886567
98,6.990828,45.886435
98,6.992022,45.886608
98,6.993613,45.886939
98,6.993609,45.887045
99,6.924441,45.885808
99,6.923678,45.885794
99,6.923624,45.886606
99,6.922861,45.8866
99,6.92285,45.886871
99,6.921676,45.88685
99,6.921666,45.887112
99,6.922041,45.887119
99,6.922021,45.88766
99,6.922421,45.887667
99,6.922423,45.887938
99,6.923198,45.887961
99,6.923232,45.887682
99,6.923596,45.887689
99,6.923605,45.887426
99,6.923957,45.887424
99,6.924002,45.88718
99,6.924367,45.887152
99,6.924386,45.886637
99,6.924798,45.886636
99,6.925317,45.886626
99,6.925194,45.886101
99,6.924872,45.88584
99,6.924975,45.885618
99,6.924806,45.885589
99,6.924611,45.885585
99,6.924441,45.885808
100,6.930359,45.89132
100,6.930338,45.89073
100,6.930045,45.890535
100,6.929272,45.890491
100,6.928897,45.890476
100,6.928523,45.890403
100,6.928496,45.890173
100,6.928183,45.890152
100,6.928166,45.889938
100,6.927841,45.889919
100,6.927468,45.889842
100,6.926815,45.889918
100,6.926216,45.889886
100,6.925494,45.889789
100,6.92545,45.889627
100,6.925461,45.889339
100,6.926218,45.889349
100,6.926234,45.889082
100,6.926628,45.889085
100,6.926644,45.888823
100,6.927357,45.888809
100,6.9274,45.888321
100,6.926653,45.888287
100,6.926667,45.888536
100,6.926279,45.888524
100,6.925891,45.888534
100,6.925869,45.888805
100,6.925747,45.889025
100,6.925059,45.889069
100,6.924696,45.889054
100,6.924662,45.889324
100,6.924299,45.889301
100,6.92423,45.88985
100,6.923878,45.88986
100,6.923833,45.890105
100,6.923494,45.890099
100,6.923472,45.890361
100,6.92272,45.890372
100,6.922367,45.890448
100,6.921934,45.890638
100,6.92171,45.890611
100,6.921433,45.890659
100,6.921136,45.890606
100,6.92076,45.890591
100,6.920782,45.890337
100,6.91962,45.890299
100,6.919641,45.890054
100,6.918568,45.890027
100,6.918124,45.889201
100,6.917083,45.888802
100,6.916811,45.889292
100,6.916841,45.88994
100,6.917299,45.890277
100,6.917283,45.890553
100,6.91692,45.890538
100,6.916891,45.891333
100,6.916455,45.891316
100,6.916469,45.891587
100,6.916082,45.891572
100,6.916083,45.891868
100,6.915696,45.891844
100,6.915663,45.892394
100,6.915276,45.892378
100,6.915253,45.892657
100,6.911789,45.892602
100,6.9118,45.892315
100,6.91146,45.892308
100,6.911444,45.891783
100,6.910693,45.891778
100,6.910698,45.890974
100,6.911875,45.890962
100,6.911882,45.890437
100,6.911495,45.890422
100,6.911517,45.890151
100,6.909966,45.890157
100,6.909917,45.891764
100,6.910317,45.891763
100,6.910297,45.892296
100,6.911073,45.89231
100,6.911126,45.892349
100,6.911177,45.89258
100,6.911326,45.892964
100,6.911758,45.893086
100,6.912121,45.893588
100,6.912361,45.894164
100,6.912848,45.894592
100,6.91376,45.89499
100,6.914022,45.894933
100,6.914017,45.895072
100,6.914429,45.895075
100,6.914419,45.895342
100,6.915576,45.895363
100,6.915586,45.895101
100,6.916749,45.89513
100,6.916759,45.894855
100,6.917134,45.894858
100,6.917145,45.894583
100,6.917508,45.894586
100,6.917935,45.894526
100,6.918411,45.894535
100,6.918696,45.894599
100,6.919882,45.894629
100,6.92026,45.894604
100,6.920656,45.894716
100,6.92059,45.895158
100,6.920214,45.895168
100,6.920179,45.895447
100,6.917514,45.895398
100,6.917435,45.89703
100,6.916666,45.897012
100,6.916624,45.897815
100,6.917417,45.89783
100,6.917433,45.897572
100,6.917809,45.89757
100,6.917819,45.897304
100,6.918594,45.897318
100,6.918636,45.896527
100,6.919788,45.896506
100,6.919786,45.896235
100,6.920149,45.89625
100,6.920139,45.896521
100,6.921338,45.896543
100,6.921323,45.896288
100,6.921723,45.896304
100,6.921733,45.896025
100,6.922146,45.896016
100,6.922131,45.895762
100,6.922506,45.895785
100,6.922533,45.89604
100,6.922896,45.896055
100,6.922959,45.896318
100,6.923673,45.896331
100,6.923644,45.897126
100,6.923232,45.89711
100,6.923222,45.897381
100,6.922846,45.897383
100,6.922836,45.897653
100,6.922424,45.897646
100,6.922414,45.897916
100,6.92165,45.897936
100,6.921618,45.898452
100,6.92203,45.89846
100,6.921997,45.898713
100,6.92242,45.898729
100,6.92241,45.899
100,6.923185,45.899014
100,6.923187,45.899285
100,6.923563,45.899291
100,6.923577,45.899554
100,6.925455,45.899588
100,6.925525,45.899033
100,6.924924,45.899039
100,6.92473,45.898861
100,6.924741,45.898246
100,6.924762,45.897688
100,6.925118,45.897191
100,6.924443,45.897161
100,6.92412,45.896439
100,6.924497,45.896092
100,6.925651,45.895806
100,6.92566,45.895401
100,6.926248,45.895141
100,6.927002,45.89497
100,6.926863,45.893985
100,6.92647,45.892718
100,6.927223,45.892578
100,6.927312,45.892373
100,6.927762,45.892049
100,6.928117,45.891575
100,6.928494,45.891538
100,6.92854,45.891303
100,6.929628,45.891323
100,6.930359,45.89132
101,6.908064,45.895773
101,6.907975,45.895809
101,6.908181,45.89583
101,6.908165,45.896562
101,6.90779,45.896539
101,6.907778,45.896849
101,6.908144,45.896824
101,6.908156,45.897111
101,6.90852,45.897109
101,6.908533,45.897682
101,6.908909,45.897681
101,6.908868,45.898476
101,6.909267,45.898475
101,6.909253,45.898221
101,6.909641,45.898212
101,6.909705,45.897417
101,6.910069,45.897432
101,6.910111,45.896621
101,6.909337,45.896607
101,6.909344,45.895796
101,6.908064,45.895773
102,6.907975,45.895809
102,6.908064,45.895773
102,6.907807,45.895768
102,6.907784,45.895489
102,6.907033,45.895467
102,6.907031,45.895213
102,6.907406,45.895235
102,6.907417,45.894933
102,6.907053,45.894927
102,6.907039,45.89468
102,6.906699,45.894642
102,6.906673,45.894419
102,6.906321,45.894396
102,6.906352,45.894182
102,6.90673,45.894125
102,6.906763,45.893855
102,6.907105,45.893854
102,6.907135,45.893043
102,6.90676,45.893028
102,6.906788,45.891979
102,6.906036,45.891965
102,6.906015,45.892219
102,6.905989,45.892759
102,6.905619,45.892757
102,6.905573,45.89369
102,6.905539,45.894899
102,6.905139,45.894916
102,6.905138,45.894637
102,6.904,45.894616
102,6.903946,45.895148
102,6.904344,45.895171
102,6.904365,45.894909
102,6.904752,45.894908
102,6.904696,45.895178
102,6.905118,45.895186
102,6.90512,45.895432
102,6.904357,45.89541
102,6.904358,45.895705
102,6.904722,45.895703
102,6.904735,45.895966
102,6.905874,45.895987
102,6.90666,45.895993
102,6.906614,45.896295
102,6.907013,45.896302
102,6.907023,45.896024
102,6.907398,45.896039
102,6.907408,45.895776
102,6.907716,45.895782
102,6.907975,45.895809
103,6.895336,45.904743
103,6.895764,45.905299
103,6.896207,45.905352
103,6.896219,45.905298
103,6.896604,45.905289
103,6.896655,45.905223
103,6.897111,45.905214
103,6.897495,45.905221
103,6.897708,45.905309
103,6.89843,45.905289
103,6.89851,45.905072
103,6.89916,45.905034
103,6.899314,45.904768
103,6.899557,45.904706
103,6.899873,45.904594
103,6.900102,45.90428
103,6.900345,45.904183
103,6.900495,45.904035
103,6.900492,45.904035
103,6.900514,45.904029
103,6.900524,45.904019
103,6.900922,45.904034
103,6.901508,45.903857
103,6.902514,45.903506
103,6.9028,45.903372
103,6.90331,45.903251
103,6.904317,45.902965
103,6.904846,45.902722
103,6.905232,45.902753
103,6.905265,45.902475
103,6.90563,45.902474
103,6.905672,45.901663
103,6.906081,45.901671
103,6.906114,45.901417
103,6.906455,45.901423
103,6.906486,45.900604
103,6.906873,45.900619
103,6.906884,45.900329
103,6.907271,45.900344
103,6.907285,45.899807
103,6.907667,45.899818
103,6.907683,45.899544
103,6.908064,45.899555
103,6.90808,45.899281
103,6.908473,45.899284
103,6.908477,45.899018
103,6.908858,45.899033
103,6.908874,45.898763
103,6.908487,45.898755
103,6.908513,45.898223
103,6.908109,45.8982
103,6.90813,45.897938
103,6.907743,45.897934
103,6.907742,45.897664
103,6.907361,45.897645
103,6.907386,45.897116
103,6.906612,45.897094
103,6.906617,45.89682
103,6.90623,45.896817
103,6.906201,45.897898
103,6.905808,45.897887
103,6.905793,45.898428
103,6.905002,45.898413
103,6.904998,45.89868
103,6.904616,45.898681
103,6.904617,45.898947
103,6.90423,45.898944
103,6.904214,45.899206
103,6.90344,45.899192
103,6.903442,45.899737
103,6.903027,45.899729
103,6.903017,45.900004
103,6.902641,45.899997
103,6.90266,45.899182
103,6.903053,45.899193
103,6.903073,45.898644
103,6.903455,45.898659
103,6.903523,45.897304
103,6.903141,45.897297
103,6.903169,45.897023
103,6.90236,45.897004
103,6.90235,45.897287
103,6.901188,45.897269
103,6.901155,45.897539
103,6.900791,45.897532
103,6.900792,45.897811
103,6.900393,45.897804
103,6.900395,45.898066
103,6.900019,45.898075
103,6.899977,45.89887
103,6.898827,45.898849
103,6.898818,45.899095
103,6.898043,45.899097
103,6.897969,45.900169
103,6.897756,45.900165
103,6.896938,45.901177
103,6.895683,45.902773
103,6.895054,45.904071
103,6.895336,45.904743
104,6.905538,45.911122
104,6.905995,45.911113
104,6.906235,45.911118
104,6.906717,45.911059
104,6.907057,45.910965
104,6.907252,45.910902
104,6.907407,45.910603
104,6.907851,45.910309
104,6.908352,45.910161
104,6.908385,45.910151
104,6.908381,45.91015
104,6.908534,45.910134
104,6.90897,45.909895
104,6.909702,45.909718
104,6.910005,45.909312
104,6.910304,45.909231
104,6.910695,45.909276
104,6.911063,45.909319
104,6.911486,45.909309
104,6.911656,45.90921
104,6.911934,45.909246
104,6.912449,45.90924
104,6.912737,45.909091
104,6.913058,45.909011
104,6.913161,45.908554
104,6.913639,45.908408
104,6.913942,45.907494
104,6.914716,45.907509
104,6.914742,45.90696
104,6.915146,45.906971
104,6.915171,45.90616
104,6.915541,45.906171
104,6.915568,45.905897
104,6.915175,45.905894
104,6.915192,45.905616
104,6.91481,45.905609
104,6.914859,45.903987
104,6.916795,45.904038
104,6.916848,45.90322
104,6.9172,45.903242
104,6.917221,45.902988
104,6.917609,45.902971
104,6.917595,45.902438
104,6.917242,45.902432
104,6.917279,45.900539
104,6.916493,45.900525
104,6.916537,45.900263
104,6.915775,45.900225
104,6.915796,45.899971
104,6.914999,45.899956
104,6.914966,45.900218
104,6.914215,45.900213
104,6.91416,45.900466
104,6.913852,45.900453
104,6.913817,45.900189
104,6.913065,45.900184
104,6.913047,45.901257
104,6.912661,45.901242
104,6.912627,45.901528
104,6.912228,45.901529
104,6.91223,45.901775
104,6.911468,45.901745
104,6.911466,45.901491
104,6.910305,45.90147
104,6.910241,45.902558
104,6.910675,45.90255
104,6.910663,45.902852
104,6.9099,45.902854
104,6.909891,45.903077
104,6.909458,45.903085
104,6.90947,45.903364
104,6.909084,45.903325
104,6.909063,45.903889
104,6.90945,45.903896
104,6.909397,45.904722
104,6.909795,45.904738
104,6.909777,45.905509
104,6.909748,45.90599
104,6.909825,45.906067
104,6.910144,45.906065
104,6.910165,45.905807
104,6.911298,45.905831
104,6.911314,45.905553
104,6.911707,45.90556
104,6.911712,45.905278
104,6.91211,45.905281
104,6.91212,45.905023
104,6.912513,45.90503
104,6.912467,45.906107
104,6.911687,45.906093
104,6.910542,45.906076
104,6.910528,45.906609
104,6.909742,45.906602
104,6.909768,45.906066
104,6.909381,45.906035
104,6.90939,45.905796
104,6.908958,45.905788
104,6.908936,45.906051
104,6.908196,45.906045
104,6.908218,45.905759
104,6.90741,45.905744
104,6.907431,45.90549
104,6.907805,45.905521
104,6.907838,45.904949
104,6.907099,45.904927
104,6.907045,45.905753
104,6.906669,45.905746
104,6.906661,45.90655
104,6.906251,45.90655
104,6.906253,45.906811
104,6.906276,45.90685
104,6.906275,45.90685
104,6.906138,45.907292
104,6.906031,45.907592
104,6.905829,45.907857
104,6.90573,45.907922
104,6.905867,45.908126
104,6.905715,45.908316
104,6.905436,45.908411
104,6.905171,45.90875
104,6.90492,45.909014
104,6.904852,45.909222
104,6.90457,45.909376
104,6.904386,45.909482
104,6.904367,45.909675
104,6.904262,45.909916
104,6.904253,45.910142
104,6.904,45.910473
104,6.904164,45.910593
104,6.904388,45.910698
104,6.904384,45.910807
104,6.904378,45.910975
104,6.905073,45.911013
104,6.905538,45.911122
105,6.920149,45.906771
105,6.920115,45.906517
105,6.920565,45.906525
105,6.920576,45.906231
105,6.920155,45.906233
105,6.920178,45.90599
105,6.919407,45.906006
105,6.919432,45.905723
105,6.919083,45.905716
105,6.919036,45.905421
105,6.919429,45.905428
105,6.919424,45.905154
105,6.918698,45.905131
105,6.918305,45.905144
105,6.918267,45.905397
105,6.918294,45.906219
105,6.918628,45.906233
105,6.918575,45.906489
105,6.919029,45.906508
105,6.919012,45.906786
105,6.919398,45.906796
105,6.919386,45.907051
105,6.918995,45.907049
105,6.918982,45.907267
105,6.918957,45.907551
105,6.919349,45.907548
105,6.919343,45.907325
105,6.919736,45.907322
105,6.919756,45.906784
105,6.920149,45.906771
106,6.915701,45.911842
106,6.916184,45.911708
106,6.916596,45.91162
106,6.91721,45.911631
106,6.917896,45.911548
106,6.917906,45.911263
106,6.917678,45.910973
106,6.917516,45.910756
106,6.91688,45.910434
106,6.916509,45.910309
106,6.916135,45.910278
106,6.915887,45.910512
106,6.915671,45.910817
106,6.915456,45.911099
106,6.915367,45.911645
106,6.915701,45.911842
107,6.925501,45.912046
107,6.925479,45.911745
107,6.92462,45.911762
107,6.92463,45.911484
107,6.924668,45.911291
107,6.924456,45.910755
107,6.924758,45.910645
107,6.925253,45.9107
107,6.92565,45.910708
107,6.925942,45.910875
107,6.926268,45.911019
107,6.927261,45.911014
107,6.9272,45.910875
107,6.927339,45.910715
107,6.927374,45.910647
107,6.927183,45.910435
107,6.926607,45.910422
107,6.926606,45.910151
107,6.927004,45.910166
107,6.927026,45.909888
107,6.926638,45.909889
107,6.926637,45.909627
107,6.924689,45.909591
107,6.924745,45.909322
107,6.924324,45.909298
107,6.924357,45.909029
107,6.923936,45.909021
107,6.923969,45.908743
107,6.923194,45.908729
107,6.923173,45.908999
107,6.922785,45.909
107,6.922776,45.909254
107,6.922001,45.909248
107,6.921623,45.909479
107,6.921205,45.909512
107,6.921284,45.909235
107,6.920839,45.909235
107,6.920818,45.909497
107,6.920842,45.909768
107,6.92098,45.90986
107,6.920906,45.910067
107,6.920802,45.910203
107,6.920826,45.910435
107,6.920818,45.910643
107,6.920814,45.910758
107,6.920839,45.910967
107,6.920863,45.911222
107,6.920888,45.91143
107,6.921282,45.91153
107,6.921571,45.911766
107,6.921972,45.911658
107,6.922174,45.911592
107,6.922639,45.911531
107,6.923002,45.911584
107,6.922882,45.911235
107,6.923311,45.911289
107,6.923518,45.911062
107,6.923562,45.910762
107,6.923862,45.910698
107,6.924158,45.910773
107,6.924376,45.911124
107,6.92454,45.912074
107,6.924663,45.912308
107,6.924965,45.912285
107,6.925261,45.912272
107,6.925501,45.912046
108,6.929709,45.907522
108,6.929851,45.907271
108,6.930975,45.907314
108,6.930951,45.907059
108,6.931001,45.906715
108,6.929738,45.906737
108,6.929487,45.906363
108,6.929565,45.90604
108,6.929577,45.90574
108,6.929527,45.9053
108,6.929678,45.904794
108,6.929657,45.90447
108,6.929671,45.904078
108,6.929549,45.903798
108,6.929119,45.90379
108,6.928755,45.903784
108,6.928527,45.903687
108,6.928308,45.90336
108,6.928218,45.903104
108,6.9277,45.902794
108,6.927466,45.901958
108,6.927387,45.901424
108,6.927622,45.900435
108,6.927258,45.900428
108,6.926985,45.900433
108,6.925372,45.900394
108,6.925396,45.900649
108,6.924865,45.900685
108,6.924879,45.901194
108,6.924434,45.901579
108,6.924312,45.901927
108,6.924211,45.902245
108,6.924807,45.902313
108,6.925741,45.902312
108,6.925737,45.902888
108,6.925798,45.903198
108,6.925848,45.903615
108,6.925506,45.90391
108,6.925285,45.904455
108,6.924898,45.904448
108,6.924894,45.904719
108,6.924501,45.904708
108,6.924479,45.90499
108,6.924103,45.904987
108,6.924072,45.905507
108,6.924459,45.905526
108,6.924449,45.905789
108,6.925241,45.905803
108,6.925257,45.905269
108,6.926117,45.905284
108,6.926073,45.905584
108,6.926562,45.905778
108,6.927453,45.905863
108,6.9275,45.906373
108,6.927101,45.906435
108,6.927148,45.906944
108,6.92712,45.907201
108,6.92711,45.90746
108,6.927503,45.907471
108,6.927482,45.907733
108,6.928312,45.907682
108,6.928416,45.907568
108,6.929709,45.907522
109,6.882258,45.893414
109,6.88227,45.893466
109,6.882286,45.893943
109,6.882483,45.894161
109,6.882505,45.894375
109,6.882579,45.894329
109,6.882977,45.894622
109,6.883133,45.894982
109,6.883015,45.895409
109,6.883259,45.896176
109,6.883684,45.89666
109,6.883729,45.897256
109,6.884359,45.897744
109,6.885012,45.897613
109,6.885224,45.897403
109,6.885646,45.897184
109,6.885748,45.896987
109,6.886037,45.896976
109,6.886046,45.896725
109,6.886119,45.896709
109,6.886389,45.896546
109,6.886687,45.8963
109,6.886988,45.895971
109,6.88723,45.895908
109,6.887238,45.89569
109,6.887557,45.895528
109,6.887828,45.895349
109,6.888271,45.895055
109,6.888471,45.894857
109,6.888551,45.894658
109,6.888909,45.894077
109,6.889341,45.894085
109,6.889637,45.893873
109,6.889951,45.893845
109,6.890311,45.893835
109,6.890576,45.893823
109,6.890943,45.893645
109,6.891268,45.893299
109,6.891629,45.893289
109,6.891629,45.893288
109,6.891743,45.893306
109,6.892028,45.893312
109,6.892039,45.893037
109,6.892455,45.893044
109,6.892476,45.892793
109,6.893611,45.892822
109,6.893644,45.892556
109,6.894026,45.892555
109,6.894006,45.892798
109,6.895164,45.892819
109,6.895134,45.893919
109,6.896618,45.893946
109,6.896639,45.893672
109,6.897044,45.893671
109,6.897076,45.893145
109,6.896694,45.893115
109,6.896714,45.892596
109,6.896321,45.892574
109,6.896394,45.891522
109,6.897147,45.891544
109,6.897181,45.891254
109,6.897945,45.891268
109,6.897936,45.891511
109,6.899095,45.891525
109,6.899072,45.891831
109,6.900635,45.891844
109,6.900622,45.891301
109,6.900251,45.891287
109,6.900271,45.890761
109,6.901002,45.890766
109,6.901034,45.890515
109,6.901382,45.890545
109,6.901458,45.889722
109,6.899918,45.889678
109,6.899974,45.888335
109,6.899205,45.888301
109,6.899239,45.887237
109,6.898874,45.887231
109,6.898853,45.887497
109,6.898077,45.887491
109,6.898072,45.887762
109,6.896914,45.887752
109,6.896924,45.887474
109,6.897312,45.887481
109,6.897338,45.886935
109,6.895787,45.886895
109,6.895771,45.887166
109,6.895366,45.887174
109,6.894613,45.88716
109,6.894581,45.887686
109,6.893806,45.887664
109,6.893837,45.887138
109,6.893061,45.887131
109,6.89304,45.887382
109,6.892287,45.887376
109,6.892348,45.886058
109,6.891932,45.88605
109,6.891889,45.886293
109,6.891158,45.886279
109,6.891127,45.886813
109,6.890745,45.886798
109,6.890734,45.887088
109,6.890374,45.887082
109,6.890364,45.887349
109,6.889948,45.887333
109,6.889938,45.8876
109,6.889557,45.88757
109,6.889546,45.88786
109,6.889175,45.887853
109,6.889185,45.887594
109,6.887633,45.887565
109,6.887598,45.88729
109,6.886867,45.887292
109,6.886857,45.887567
109,6.886475,45.887552
109,6.886466,45.888086
109,6.886072,45.888079
109,6.886085,45.88833
109,6.885298,45.888316
109,6.885256,45.889132
109,6.885235,45.889391
109,6.885607,45.889374
109,6.885618,45.889681
109,6.886011,45.889696
109,6.886012,45.889948
109,6.885891,45.88995
109,6.88554,45.890883
109,6.88487,45.891466
109,6.883846,45.8924
109,6.882937,45.892978
109,6.882346,45.893277
109,6.882258,45.893414
110,6.899653,45.886709
110,6.899654,45.886174
110,6.900051,45.886188
110,6.900052,45.885911
110,6.900438,45.885945
110,6.900468,45.885654
110,6.900866,45.885641
110,6.900876,45.88512
110,6.901255,45.88512
110,6.901285,45.884308
110,6.901663,45.884322
110,6.901702,45.883531
110,6.900938,45.883491
110,6.900943,45.883231
110,6.90087,45.883228
110,6.899436,45.883206
110,6.8994,45.883199
110,6.899405,45.882942
110,6.899015,45.882926
110,6.898991,45.882915
110,6.899052,45.881041
110,6.898321,45.881023
110,6.898314,45.881023
110,6.897953,45.881014
110,6.897922,45.881836
110,6.897496,45.881818
110,6.897497,45.881551
110,6.897124,45.881534
110,6.897119,45.881283
110,6.89524,45.881242
110,6.89523,45.88072
110,6.893691,45.880665
110,6.893715,45.88014
110,6.889927,45.880077
110,6.88985,45.880577
110,6.890583,45.880605
110,6.890564,45.881129
110,6.890967,45.88115
110,6.890937,45.881942
110,6.890514,45.881934
110,6.89011,45.881927
110,6.890177,45.881686
110,6.890523,45.881692
110,6.890494,45.881437
110,6.890187,45.881417
110,6.890199,45.881109
110,6.889469,45.881082
110,6.889461,45.88061
110,6.889055,45.880589
110,6.889084,45.880319
110,6.888697,45.880298
110,6.888709,45.879486
110,6.887934,45.879458
110,6.887527,45.87945
110,6.887537,45.879193
110,6.887189,45.879173
110,6.887178,45.879471
110,6.886733,45.879436
110,6.886722,45.87972
110,6.886414,45.879674
110,6.886306,45.881292
110,6.887035,45.881346
110,6.887015,45.88238
110,6.88738,45.8824
110,6.887447,45.882159
110,6.888216,45.88216
110,6.888176,45.882741
110,6.887484,45.882711
110,6.887443,45.883791
110,6.888952,45.883804
110,6.888962,45.884061
110,6.888535,45.884073
110,6.888523,45.884635
110,6.889675,45.884684
110,6.889747,45.883568
110,6.888952,45.883546
110,6.888963,45.883012
110,6.889729,45.883012
110,6.889729,45.883276
110,6.890881,45.883311
110,6.89087,45.884117
110,6.891258,45.88411
110,6.891209,45.88438
110,6.891616,45.884388
110,6.891624,45.88493
110,6.89236,45.88495
110,6.892381,45.884666
110,6.892759,45.884673
110,6.892798,45.884152
110,6.893176,45.884159
110,6.893196,45.883882
110,6.893593,45.883903
110,6.893613,45.883097
110,6.893943,45.88311
110,6.893963,45.882826
110,6.89475,45.882832
110,6.89473,45.883382
110,6.894369,45.883375
110,6.894359,45.883639
110,6.894001,45.883619
110,6.893961,45.88416
110,6.893582,45.884173
110,6.893563,45.88443
110,6.893166,45.884416
110,6.893185,45.884694
110,6.893911,45.884714
110,6.89395,45.884444
110,6.894308,45.884464
110,6.894358,45.884161
110,6.894727,45.884167
110,6.894716,45.883937
110,6.895123,45.883945
110,6.895153,45.883667
110,6.895502,45.883667
110,6.895482,45.884195
110,6.895859,45.884209
110,6.89587,45.883938
110,6.896684,45.883939
110,6.896645,45.884216
110,6.897051,45.884231
110,6.896993,45.88448
110,6.897816,45.884509
110,6.897828,45.884211
110,6.898195,45.884238
110,6.898583,45.884246
110,6.898543,45.884779
110,6.898541,45.885335
110,6.898919,45.885342
110,6.898869,45.886681
110,6.899653,45.886709
111,6.883433,45.888546
111,6.88343,45.887497
111,6.883845,45.887295
111,6.884024,45.885981
111,6.883436,45.88587
111,6.883435,45.885597
111,6.883066,45.885598
111,6.883088,45.885326
111,6.882297,45.885303
111,6.882286,45.885584
111,6.881138,45.885554
111,6.881168,45.88476
111,6.88079,45.88473
111,6.88081,45.884481
111,6.88042,45.884466
111,6.880419,45.883928
111,6.880039,45.883929
111,6.880048,45.883119
111,6.879691,45.883104
111,6.879723,45.882279
111,6.878552,45.882265
111,6.878552,45.882545
111,6.878151,45.882514
111,6.878151,45.882811
111,6.877751,45.882788
111,6.877718,45.88306
111,6.877383,45.883069
111,6.876603,45.883047
111,6.876593,45.8836
111,6.87618,45.8836
111,6.876139,45.884386
111,6.87654,45.884394
111,6.87653,45.884658
111,6.876139,45.884659
111,6.876152,45.884924
111,6.876963,45.884996
111,6.877416,45.886053
111,6.877615,45.886042
111,6.877873,45.886436
111,6.878375,45.886594
111,6.878436,45.88685
111,6.878778,45.886867
111,6.879153,45.887178
111,6.880285,45.887424
111,6.880356,45.88768
111,6.880699,45.887705
111,6.880936,45.88823
111,6.881392,45.888263
111,6.881584,45.887553
111,6.882311,45.887611
111,6.882706,45.888502
111,6.883433,45.888546
112,6.876147,45.881648
112,6.876414,45.881376
112,6.876792,45.881323
112,6.877054,45.881162
112,6.877211,45.881009
112,6.877232,45.88074
112,6.877262,45.880508
112,6.877377,45.880308
112,6.877792,45.880106
112,6.877738,45.87985
112,6.877577,45.879563
112,6.877717,45.879258
112,6.878024,45.879084
112,6.878248,45.878834
112,6.877871,45.878745
112,6.877903,45.878481
112,6.877491,45.878473
112,6.877512,45.878209
112,6.877168,45.878163
112,6.876936,45.877806
112,6.875846,45.877711
112,6.875617,45.877885
112,6.874272,45.877936
112,6.874056,45.878137
112,6.873287,45.878122
112,6.873187,45.878275
112,6.872943,45.878373
112,6.872907,45.878427
112,6.872728,45.878506
112,6.8728,45.878867
112,6.872826,45.879317
112,6.872813,45.879646
112,6.872846,45.879902
112,6.872859,45.880142
112,6.873069,45.880235
112,6.873544,45.880454
112,6.873737,45.880727
112,6.873895,45.881089
112,6.874343,45.881435
112,6.874725,45.881656
112,6.874904,45.881617
112,6.875246,45.881654
112,6.875483,45.881686
112,6.876147,45.881648
113,6.881357,45.878273
113,6.881419,45.878009
113,6.881745,45.878028
113,6.881819,45.877451
113,6.88225,45.877459
113,6.882259,45.877218
113,6.882966,45.877207
113,6.883075,45.876161
113,6.883402,45.876168
113,6.883413,45.875891
113,6.883827,45.875874
113,6.88382,45.875609
113,6.884199,45.875616
113,6.884217,45.875317
113,6.88423,45.875093
113,6.883823,45.87507
113,6.88303,45.875077
113,6.882685,45.87507
113,6.882676,45.875323
113,6.882662,45.875855
113,6.881897,45.875851
113,6.881889,45.876373
113,6.881134,45.876349
113,6.881088,45.876628
113,6.880316,45.876616
113,6.880295,45.876903
113,6.879901,45.87689
113,6.879899,45.877174
113,6.879519,45.877167
113,6.879513,45.878239
113,6.881357,45.878273
114,6.87482,45.843449
114,6.87466,45.842997
114,6.87451,45.842447
114,6.874505,45.841685
114,6.874353,45.841206
114,6.874033,45.840675
114,6.873778,45.840392
114,6.873775,45.840459
114,6.873765,45.840729
114,6.873379,45.840722
114,6.873389,45.840452
114,6.873178,45.840448
114,6.873172,45.840336
114,6.873007,45.840326
114,6.873013,45.840175
114,6.873024,45.839905
114,6.873032,45.83967
114,6.872542,45.839553
114,6.871694,45.839465
114,6.870808,45.839383
114,6.869896,45.839241
114,6.869664,45.83907
114,6.869582,45.83864
114,6.870002,45.838267
114,6.87051,45.837934
114,6.870996,45.837214
114,6.87186,45.836896
114,6.872926,45.83663
114,6.873205,45.836469
114,6.873567,45.835904
114,6.873492,45.835188
114,6.873497,45.835054
114,6.873209,45.835048
114,6.873219,45.834778
114,6.873229,45.834509
114,6.872843,45.834501
114,6.872457,45.834494
114,6.872071,45.834487
114,6.871685,45.83448
114,6.871695,45.83421
114,6.871309,45.834203
114,6.87132,45.833933
114,6.870934,45.833926
114,6.870944,45.833656
114,6.870954,45.833386
114,6.870568,45.833379
114,6.870182,45.833372
114,6.869796,45.833365
114,6.869792,45.833482
114,6.869565,45.83346
114,6.869552,45.833224
114,6.869135,45.833216
114,6.868782,45.833372
114,6.867932,45.833308
114,6.866817,45.833073
114,6.86521,45.832781
114,6.864178,45.832595
114,6.863033,45.832693
114,6.86235,45.832727
114,6.861875,45.832695
114,6.861245,45.832668
114,6.860631,45.832687
114,6.859929,45.832789
114,6.85958,45.833057
114,6.859069,45.833464
114,6.858771,45.833642
114,6.858805,45.833673
114,6.858415,45.834071
114,6.857963,45.834312
114,6.857217,45.834667
114,6.856637,45.834804
114,6.855953,45.835203
114,6.855014,45.835257
114,6.854383,45.835281
114,6.853992,45.835679
114,6.853725,45.835995
114,6.853434,45.836478
114,6.853101,45.83671
114,6.85265,45.836933
114,6.85231,45.837344
114,6.851701,45.837689
114,6.851108,45.837595
114,6.85058,45.837585
114,6.85008,45.837754
114,6.849433,45.838183
114,6.849033,45.838401
114,6.848718,45.838598
114,6.848506,45.838632
114,6.848486,45.838765
114,6.848125,45.838781
114,6.848105,45.839025
114,6.847549,45.839032
114,6.847555,45.839158
114,6.847346,45.839154
114,6.847341,45.839286
114,6.846731,45.839291
114,6.846658,45.839452
114,6.84618,45.839882
114,6.845091,45.840389
114,6.843633,45.840613
114,6.842909,45.840741
114,6.84297,45.841066
114,6.843435,45.841843
114,6.843435,45.842543
114,6.844419,45.8429
114,6.844419,45.842911
114,6.844419,45.84292
114,6.844672,45.843147
114,6.844328,45.843621
114,6.844293,45.84453
114,6.844043,45.846054
114,6.844171,45.846855
114,6.844957,45.84758
114,6.845477,45.848192
114,6.84703,45.849067
114,6.847921,45.849448
114,6.84873,45.849864
114,6.849414,45.850337
114,6.849959,45.85089
114,6.850306,45.851563
114,6.850629,45.852414
114,6.851191,45.852895
114,6.853095,45.85394
114,6.853166,45.853969
114,6.853171,45.853845
114,6.853943,45.85386
114,6.853953,45.85359
114,6.854726,45.853604
114,6.854715,45.853874
114,6.854705,45.854144
114,6.854694,45.854414
114,6.854308,45.854406
114,6.854307,45.854429
114,6.854972,45.85467
114,6.855772,45.855206
114,6.856445,45.855845
114,6.856871,45.856792
114,6.857469,45.856768
114,6.857479,45.857056
114,6.857515,45.857335
114,6.857971,45.857336
114,6.857956,45.857654
114,6.857661,45.857666
114,6.857659,45.85771
114,6.857649,45.857979
114,6.857639,45.858249
114,6.857635,45.858329
114,6.857649,45.858448
114,6.85781,45.858523
114,6.858014,45.858526
114,6.858014,45.858534
114,6.858084,45.858536
114,6.858133,45.858795
114,6.858492,45.858799
114,6.859743,45.858739
114,6.85975,45.858829
114,6.859935,45.858832
114,6.859927,45.859027
114,6.860165,45.859012
114,6.860173,45.859107
114,6.860311,45.859109
114,6.860302,45.859341
114,6.860577,45.859323
114,6.860587,45.859385
114,6.860687,45.859387
114,6.860676,45.859656
114,6.860667,45.859909
114,6.860668,45.859917
114,6.861066,45.859891
114,6.861176,45.861063
114,6.860749,45.861071
114,6.86082,45.861819
114,6.86098,45.861822
114,6.860969,45.862092
114,6.860964,45.862239
114,6.861231,45.862228
114,6.861271,45.862638
114,6.861335,45.862639
114,6.861324,45.862909
114,6.861317,45.863107
114,6.861319,45.863131
114,6.861316,45.863131
114,6.861314,45.863179
114,6.861304,45.863448
114,6.861293,45.863718
114,6.861283,45.863988
114,6.861281,45.864051
114,6.861423,45.864052
114,6.861473,45.865159
114,6.86128,45.865167
114,6.861371,45.86564
114,6.861321,45.866647
114,6.86165,45.866641
114,6.861691,45.867223
114,6.862091,45.867217
114,6.862252,45.869254
114,6.86166,45.869278
114,6.861297,45.869885
114,6.861004,45.870275
114,6.860804,45.87077
114,6.860516,45.871217
114,6.860481,45.87158
114,6.860231,45.872103
114,6.860228,45.872138
114,6.860255,45.87279
114,6.860238,45.873223
114,6.8603,45.873922
114,6.860285,45.875478
114,6.860102,45.876198
114,6.859891,45.877238
114,6.859418,45.878005
114,6.858969,45.878392
114,6.858977,45.878392
114,6.858994,45.878726
114,6.859033,45.879179
114,6.859334,45.879421
114,6.859323,45.879751
114,6.859016,45.879868
114,6.858904,45.880551
114,6.858597,45.880729
114,6.858484,45.881087
114,6.858216,45.881156
114,6.858034,45.881407
114,6.857696,45.881595
114,6.857389,45.882309
114,6.857078,45.88258
114,6.856855,45.88374
114,6.856689,45.884048
114,6.856414,45.884825
114,6.856203,45.884982
114,6.855862,45.885485
114,6.855616,45.885612
114,6.855585,45.886162
114,6.855216,45.886155
114,6.855185,45.886691
114,6.854806,45.886691
114,6.854785,45.88722
114,6.854018,45.887199
114,6.854017,45.887477
114,6.854376,45.887484
114,6.854376,45.887749
114,6.853987,45.887748
114,6.853945,45.888577
114,6.853566,45.888563
114,6.853546,45.889092
114,6.853167,45.889085
114,6.852983,45.88949
114,6.852747,45.889607
114,6.852639,45.890068
114,6.852338,45.890143
114,6.852347,45.890408
114,6.852152,45.890478
114,6.851928,45.890672
114,6.851641,45.890918
114,6.851518,45.891221
114,6.850841,45.89276
114,6.851096,45.893379
114,6.852227,45.892981
114,6.853346,45.892328
114,6.853925,45.89177
114,6.854206,45.891715
114,6.85464,45.891588
114,6.855196,45.891629
114,6.855574,45.891293
114,6.856169,45.891437
114,6.856919,45.891451
114,6.857061,45.891095
114,6.85809,45.891338
114,6.858469,45.891345
114,6.858509,45.891074
114,6.858484,45.890912
114,6.858637,45.89084
114,6.858538,45.890628
114,6.858725,45.890227
114,6.859346,45.890254
114,6.859358,45.889924
114,6.85911,45.889695
114,6.85899,45.889468
114,6.859441,45.889447
114,6.85992,45.889261
114,6.859999,45.888848
114,6.860537,45.888415
114,6.861179,45.888326
114,6.861315,45.888165
114,6.861695,45.888144
114,6.861735,45.887894
114,6.862657,45.887814
114,6.862892,45.887644
114,6.863422,45.887439
114,6.86396,45.887389
114,6.864723,45.887074
114,6.86501,45.887409
114,6.865283,45.887564
114,6.86565,45.887496
114,6.866645,45.887275
114,6.86729,45.887227
114,6.868967,45.886569
114,6.870221,45.886308
114,6.869109,45.885104
114,6.869634,45.884844
114,6.869987,45.884522
114,6.870356,45.884529
114,6.870396,45.883735
114,6.870755,45.883735
114,6.870776,45.883456
114,6.870406,45.883463
114,6.870447,45.882656
114,6.870806,45.882662
114,6.870817,45.882377
114,6.869941,45.882083
114,6.870047,45.881787
114,6.870484,45.881498
114,6.870359,45.881065
114,6.870874,45.880768
114,6.870935,45.879161
114,6.871359,45.879178
114,6.871356,45.878602
114,6.871689,45.878612
114,6.87174,45.878389
114,6.872904,45.878377
114,6.872959,45.877565
114,6.872559,45.877566
114,6.872521,45.877303
114,6.87332,45.87731
114,6.873363,45.876515
114,6.874139,45.876504
114,6.874134,45.875979
114,6.873759,45.875981
114,6.873757,45.87571
114,6.874278,45.875953
114,6.874145,45.875692
114,6.874168,45.875421
114,6.87493,45.875444
114,6.875006,45.874091
114,6.875369,45.874098
114,6.87542,45.87277
114,6.87582,45.872778
114,6.87584,45.872228
114,6.876991,45.872241
114,6.877026,45.871971
114,6.877437,45.871978
114,6.877486,45.870371
114,6.877813,45.870377
114,6.877836,45.870107
114,6.877497,45.870092
114,6.877517,45.869568
114,6.877868,45.869574
114,6.87789,45.869304
114,6.878278,45.869302
114,6.878299,45.868761
114,6.879037,45.868775
114,6.879059,45.868513
114,6.878696,45.868498
114,6.878706,45.868235
114,6.87907,45.868234
114,6.879123,45.867168
114,6.879522,45.867167
114,6.879502,45.8677
114,6.879889,45.867716
114,6.879879,45.867986
114,6.880642,45.867992
114,6.880663,45.867451
114,6.881074,45.867475
114,6.88098,45.869615
114,6.881754,45.869655
114,6.881734,45.870171
114,6.882472,45.870201
114,6.882499,45.870456
114,6.883249,45.870495
114,6.883251,45.870749
114,6.884389,45.870778
114,6.884391,45.871032
114,6.884779,45.871039
114,6.884792,45.871288
114,6.884977,45.871256
114,6.885106,45.871133
114,6.885445,45.870842
114,6.886336,45.869562
114,6.886614,45.869063
114,6.886811,45.868157
114,6.886841,45.867837
114,6.886807,45.867465
114,6.886798,45.867033
114,6.886822,45.866289
114,6.886803,45.865934
114,6.886804,45.865601
114,6.886778,45.865223
114,6.886773,45.865217
114,6.886936,45.864776
114,6.887037,45.864467
114,6.886398,45.864456
114,6.885862,45.864484
114,6.885865,45.864176
114,6.885625,45.864171
114,6.885626,45.864166
114,6.885458,45.864172
114,6.885403,45.863868
114,6.885012,45.863905
114,6.884979,45.863325
114,6.885373,45.86333
114,6.88535,45.863056
114,6.885784,45.862996
114,6.885794,45.862752
114,6.886157,45.862738
114,6.88612,45.862115
114,6.886891,45.862105
114,6.886907,45.862665
114,6.886636,45.862676
114,6.886657,45.86311
114,6.886825,45.863113
114,6.886815,45.863383
114,6.886804,45.863653
114,6.886919,45.863655
114,6.88749,45.863666
114,6.887451,45.863203
114,6.88703,45.863231
114,6.887029,45.862676
114,6.887029,45.862671
114,6.887031,45.862671
114,6.887031,45.86267
114,6.887286,45.862522
114,6.887779,45.862292
114,6.887788,45.86207
114,6.88781,45.861936
114,6.88786,45.86183
114,6.887882,45.861673
114,6.887957,45.86145
114,6.888001,45.86129
114,6.888089,45.861048
114,6.88811,45.860977
114,6.888065,45.860976
114,6.888076,45.860706
114,6.887783,45.860701
114,6.887689,45.860699
114,6.8877,45.860429
114,6.887702,45.860359
114,6.887501,45.860288
114,6.887511,45.860156
114,6.887324,45.860152
114,6.887334,45.859883
114,6.887339,45.859735
114,6.887173,45.859732
114,6.887171,45.859609
114,6.886958,45.859606
114,6.886968,45.859336
114,6.886978,45.859066
114,6.886989,45.858796
114,6.887375,45.858803
114,6.887385,45.858533
114,6.888157,45.858548
114,6.888152,45.858683
114,6.888361,45.858684
114,6.888374,45.858822
114,6.890078,45.858853
114,6.890088,45.858583
114,6.890094,45.85844
114,6.889889,45.858437
114,6.889865,45.858185
114,6.890103,45.858195
114,6.890109,45.858044
114,6.890119,45.857774
114,6.889733,45.857767
114,6.889743,45.857497
114,6.889747,45.857393
114,6.889164,45.857386
114,6.88918,45.856946
114,6.888991,45.856943
114,6.888995,45.856826
114,6.888792,45.856805
114,6.888791,45.856669
114,6.888019,45.856655
114,6.887982,45.856806
114,6.887667,45.8568
114,6.88724,45.856785
114,6.887248,45.856641
114,6.88707,45.856637
114,6.887081,45.856368
114,6.886694,45.85636
114,6.886705,45.856091
114,6.886318,45.856083
114,6.886329,45.855814
114,6.886339,45.855544
114,6.885953,45.855537
114,6.885963,45.855267
114,6.885577,45.85526
114,6.885587,45.85499
114,6.885201,45.854983
114,6.885211,45.854713
114,6.884825,45.854706
114,6.884835,45.854436
114,6.88484,45.854301
114,6.884612,45.854291
114,6.884634,45.854008
114,6.884852,45.854004
114,6.884856,45.853896
114,6.884083,45.853882
114,6.884094,45.853612
114,6.883707,45.853605
114,6.883718,45.853335
114,6.883728,45.853065
114,6.883342,45.853058
114,6.883352,45.852788
114,6.883357,45.85265
114,6.883144,45.852644
114,6.883155,45.852515
114,6.882976,45.852511
114,6.882981,45.852386
114,6.882794,45.852382
114,6.88281,45.851698
114,6.882621,45.851695
114,6.882626,45.851553
114,6.882431,45.851554
114,6.882439,45.851421
114,6.881859,45.85141
114,6.881864,45.851267
114,6.881683,45.851265
114,6.881687,45.851137
114,6.881483,45.851133
114,6.881493,45.850864
114,6.881503,45.850594
114,6.881508,45.850463
114,6.881326,45.850452
114,6.881329,45.850321
114,6.881127,45.850317
114,6.881138,45.850047
114,6.881143,45.849918
114,6.88093,45.84991
114,6.88092,45.850181
114,6.880566,45.850159
114,6.880548,45.849907
114,6.88037,45.849902
114,6.880365,45.850033
114,6.880178,45.850029
114,6.880178,45.850152
114,6.879403,45.850137
114,6.879409,45.849745
114,6.879217,45.849741
114,6.879228,45.849471
114,6.878841,45.849464
114,6.878852,45.849194
114,6.878466,45.849187
114,6.878471,45.849046
114,6.878286,45.84904
114,6.878285,45.848914
114,6.877704,45.848903
114,6.877714,45.848633
114,6.877328,45.848626
114,6.877338,45.848356
114,6.877144,45.848353
114,6.877137,45.84848
114,6.877115,45.848766
114,6.876328,45.84874
114,6.876338,45.848473
114,6.876349,45.848194
114,6.87595,45.848182
114,6.875988,45.847936
114,6.875228,45.847929
114,6.874846,45.847918
114,6.874453,45.847915
114,6.874431,45.848048
114,6.874395,45.848393
114,6.873608,45.848394
114,6.873618,45.848127
114,6.874022,45.848151
114,6.874054,45.847884
114,6.874819,45.847898
114,6.874851,45.847647
114,6.87521,45.847669
114,6.87522,45.847507
114,6.875052,45.847504
114,6.875062,45.847234
114,6.875073,45.846964
114,6.875083,45.846694
114,6.874697,45.846687
114,6.874707,45.846417
114,6.874321,45.84641
114,6.874331,45.84614
114,6.873945,45.846133
114,6.873955,45.845863
114,6.873569,45.845856
114,6.87358,45.845586
114,6.873585,45.845442
114,6.873315,45.845433
114,6.873356,45.844946
114,6.873738,45.844969
114,6.87375,45.844655
114,6.8742,45.844647
114,6.874234,45.844365
114,6.874399,45.844368
114,6.874403,45.844251
114,6.874414,45.843981
114,6.874419,45.843835
114,6.874255,45.843815
114,6.874225,45.843148
114,6.874588,45.843715
114,6.87481,45.843719
114,6.87482,45.843449
115,6.8429,45.84069
115,6.842635,45.840494
115,6.841713,45.840548
115,6.841428,45.840876
115,6.841375,45.841352
115,6.841175,45.841443
115,6.841104,45.841401
115,6.8404,45.841274
115,6.839575,45.840816
115,6.839446,45.841018
115,6.839265,45.842157
115,6.83844,45.843237
115,6.837694,45.844009
115,6.837115,45.844305
115,6.837117,45.844305
115,6.837123,45.844486
115,6.836724,45.844482
115,6.836681,45.845299
115,6.836304,45.845288
115,6.8363,45.845551
115,6.8359,45.845548
115,6.835918,45.845831
115,6.835513,45.845827
115,6.835508,45.846091
115,6.835109,45.846083
115,6.835077,45.846621
115,6.83447,45.846879
115,6.833643,45.847158
115,6.833466,45.847371
115,6.832739,45.847375
115,6.832355,45.847373
115,6.832316,45.848178
115,6.831947,45.848187
115,6.831914,45.848444
115,6.83155,45.84843
115,6.8315,45.849784
115,6.831105,45.849782
115,6.831095,45.850048
115,6.830714,45.850043
115,6.830682,45.850856
115,6.830299,45.850843
115,6.830253,45.851919
115,6.829873,45.851917
115,6.829814,45.853243
115,6.829835,45.853264
115,6.829781,45.854074
115,6.830356,45.854274
115,6.830288,45.854567
115,6.830411,45.8548
115,6.830353,45.85506
115,6.831015,45.855407
115,6.831269,45.855724
115,6.831416,45.855965
115,6.832019,45.856012
115,6.832053,45.856233
115,6.832184,45.856471
115,6.83339,45.856573
115,6.833889,45.856779
115,6.834553,45.857067
115,6.834565,45.85748
115,6.834947,45.857802
115,6.834868,45.85839
115,6.834876,45.858902
115,6.835026,45.859377
115,6.836536,45.859604
115,6.836512,45.859857
115,6.836903,45.859875
115,6.83687,45.860143
115,6.837269,45.860155
115,6.837599,45.860527
115,6.837674,45.860784
115,6.838012,45.86099
115,6.838106,45.861244
115,6.838751,45.861296
115,6.839158,45.861565
115,6.839124,45.86206
115,6.839529,45.862104
115,6.839519,45.862362
115,6.839887,45.862389
115,6.839945,45.863186
115,6.840621,45.863477
115,6.840616,45.864009
115,6.840978,45.864011
115,6.840972,45.864548
115,6.841363,45.86456
115,6.841352,45.865619
115,6.841684,45.865635
115,6.84166,45.866435
115,6.842059,45.866448
115,6.842009,45.867532
115,6.842393,45.867549
115,6.842362,45.86836
115,6.842768,45.868362
115,6.842762,45.868904
115,6.843131,45.868916
115,6.843099,45.869455
115,6.843476,45.869452
115,6.843448,45.87027
115,6.843426,45.87081
115,6.843405,45.87134
115,6.843824,45.871348
115,6.843736,45.872977
115,6.844119,45.872998
115,6.844129,45.874337
115,6.844437,45.874401
115,6.844435,45.874899
115,6.844815,45.874886
115,6.844793,45.875701
115,6.845171,45.875722
115,6.845118,45.876507
115,6.844693,45.877022
115,6.844808,45.877399
115,6.844837,45.877744
115,6.84477,45.878144
115,6.844502,45.879205
115,6.844665,45.879972
115,6.845013,45.880413
115,6.845329,45.880539
115,6.845599,45.880784
115,6.845968,45.880656
115,6.846258,45.880362
115,6.846734,45.880251
115,6.847138,45.879809
115,6.847728,45.879275
115,6.847749,45.878732
115,6.847914,45.878581
115,6.848138,45.878474
115,6.848523,45.878353
115,6.848616,45.878175
115,6.848979,45.877791
115,6.848968,45.877124
115,6.849012,45.876946
115,6.849377,45.876874
115,6.849421,45.87654
115,6.84938,45.876166
115,6.849133,45.876004
115,6.849085,45.875787
115,6.84941,45.875767
115,6.849426,45.875614
115,6.849359,45.875522
115,6.849041,45.875488
115,6.849041,45.875237
115,6.848663,45.875223
115,6.848264,45.874434
115,6.848223,45.87404
115,6.848388,45.873414
115,6.848797,45.872522
115,6.848949,45.872009
115,6.848935,45.871635
115,6.849197,45.871198
115,6.849228,45.870913
115,6.84787,45.870061
115,6.848548,45.869995
115,6.849116,45.869868
115,6.850006,45.870398
115,6.850375,45.870398
115,6.850133,45.869426
115,6.84968,45.869026
115,6.849711,45.868225
115,6.849342,45.868225
115,6.849363,45.867668
115,6.849711,45.867689
115,6.849773,45.866603
115,6.850162,45.86661
115,6.850182,45.866095
115,6.849794,45.866066
115,6.849814,45.865802
115,6.849407,45.865766
115,6.849456,45.865259
115,6.849068,45.865276
115,6.848905,45.865499
115,6.847188,45.865486
115,6.84722,45.865015
115,6.848478,45.864891
115,6.848794,45.86472
115,6.848872,45.864161
115,6.849488,45.864172
115,6.849478,45.864437
115,6.850236,45.864437
115,6.850276,45.863643
115,6.850386,45.863206
115,6.851064,45.863386
115,6.851463,45.863394
115,6.851474,45.863122
115,6.851852,45.863136
115,6.851832,45.863666
115,6.8522,45.863673
115,6.852169,45.864229
115,6.852588,45.86423
115,6.852516,45.865581
115,6.851759,45.86556
115,6.851718,45.865838
115,6.851676,45.866633
115,6.851338,45.866632
115,6.851025,45.866719
115,6.850909,45.866903
115,6.85091,45.867149
115,6.851274,45.867205
115,6.851297,45.86744
115,6.851276,45.867983
115,6.852432,45.868011
115,6.852443,45.867726
115,6.852832,45.867747
115,6.853383,45.867982
115,6.853568,45.868576
115,6.853538,45.869098
115,6.85313,45.869433
115,6.852749,45.869899
115,6.85235,45.869898
115,6.852349,45.870177
115,6.851739,45.870468
115,6.851642,45.870781
115,6.851131,45.871234
115,6.850763,45.871207
115,6.850761,45.871515
115,6.850648,45.871756
115,6.850681,45.871982
115,6.850613,45.87265
115,6.850301,45.872829
115,6.850156,45.873192
115,6.850429,45.873416
115,6.850614,45.873712
115,6.850705,45.87391
115,6.851389,45.87408
115,6.851759,45.873965
115,6.851791,45.87425
115,6.85216,45.874508
115,6.852683,45.874504
115,6.853301,45.874499
115,6.853435,45.874296
115,6.853798,45.874256
115,6.853969,45.874045
115,6.853945,45.874047
115,6.853868,45.872569
115,6.854257,45.87253
115,6.854201,45.871976
115,6.854637,45.871958
115,6.854601,45.871662
115,6.855018,45.87164
115,6.855019,45.871562
115,6.855991,45.871541
115,6.85626,45.871133
115,6.857288,45.871113
115,6.857337,45.871301
115,6.858023,45.871393
115,6.858379,45.872009
115,6.858248,45.872498
115,6.858148,45.872909
115,6.857737,45.873128
115,6.857261,45.873266
115,6.857183,45.873471
115,6.856143,45.873718
115,6.855561,45.873835
115,6.855588,45.873973
115,6.854753,45.87401
115,6.854219,45.874131
115,6.853603,45.874524
115,6.852864,45.87478
115,6.85238,45.8751
115,6.852224,45.875413
115,6.851642,45.87554
115,6.851634,45.875835
115,6.851937,45.87602
115,6.851605,45.876284
115,6.851723,45.876571
115,6.852144,45.876773
115,6.852642,45.876648
115,6.853195,45.876209
115,6.853939,45.875818
115,6.854713,45.875758
115,6.855252,45.87589
115,6.855716,45.876128
115,6.856378,45.876162
115,6.856724,45.876265
115,6.857049,45.876371
115,6.857502,45.876515
115,6.857902,45.877031
115,6.85826,45.877299
115,6.858259,45.877592
115,6.85839,45.877729
115,6.858468,45.877925
115,6.858697,45.878386
115,6.858969,45.878392
115,6.859418,45.878005
115,6.859891,45.877238
115,6.860102,45.876198
115,6.860285,45.875478
115,6.8603,45.873922
115,6.860238,45.873223
115,6.860255,45.87279
115,6.860228,45.872138
115,6.860231,45.872103
115,6.860481,45.87158
115,6.860516,45.871217
115,6.860804,45.87077
115,6.861004,45.870275
115,6.861297,45.869885
115,6.86166,45.869278
115,6.861454,45.869286
115,6.861368,45.86858
115,6.860721,45.868568
115,6.860731,45.868298
115,6.860345,45.868291
115,6.860355,45.868021
115,6.860366,45.867751
115,6.860376,45.867481
115,6.860386,45.867212
115,6.860397,45.866942
115,6.860407,45.866672
115,6.860417,45.866402
115,6.86078,45.866409
115,6.860749,45.86609
115,6.861177,45.866087
115,6.861223,45.866649
115,6.861321,45.866647
115,6.861371,45.86564
115,6.86128,45.865167
115,6.861129,45.865173
115,6.861092,45.864795
115,6.860479,45.864783
115,6.86049,45.864513
115,6.860104,45.864506
115,6.860114,45.864236
115,6.860124,45.863966
115,6.859738,45.863959
115,6.859748,45.863689
115,6.859362,45.863682
115,6.859373,45.863412
115,6.859383,45.863142
115,6.859719,45.863149
115,6.859682,45.862859
115,6.85978,45.862859
115,6.85979,45.86261
115,6.8601,45.862616
115,6.860098,45.862543
115,6.860179,45.862538
115,6.860186,45.862347
115,6.860197,45.862078
115,6.859811,45.86207
115,6.859821,45.861801
115,6.859831,45.861531
115,6.859445,45.861523
115,6.859455,45.861254
115,6.859466,45.860984
115,6.85908,45.860977
115,6.85909,45.860707
115,6.8591,45.860437
115,6.858714,45.86043
115,6.858725,45.86016
115,6.858735,45.85989
115,6.858745,45.85962
115,6.858756,45.85935
115,6.858369,45.859343
115,6.85838,45.859073
115,6.858387,45.858874
115,6.858002,45.85884
115,6.857994,45.859066
115,6.857607,45.859059
115,6.857618,45.858789
115,6.856845,45.858774
115,6.856856,45.858505
115,6.856866,45.858235
115,6.856877,45.857965
115,6.856887,45.857695
115,6.856897,45.857425
115,6.856511,45.857418
115,6.856521,45.857148
115,6.857119,45.857159
115,6.857111,45.85711
115,6.856708,45.857078
115,6.856685,45.856799
115,6.856871,45.856792
115,6.856445,45.855845
115,6.855772,45.855206
115,6.854972,45.85467
115,6.854307,45.854429
115,6.854298,45.854676
115,6.853912,45.854669
115,6.853901,45.854939
115,6.852743,45.854917
115,6.852753,45.854647
115,6.852755,45.854594
115,6.852722,45.854596
115,6.85273,45.854856
115,6.852351,45.854939
115,6.85234,45.854313
115,6.852724,45.854278
115,6.852731,45.854027
115,6.853156,45.854
115,6.853151,45.854348
115,6.85316,45.854115
115,6.853166,45.853969
115,6.853095,45.85394
115,6.851191,45.852895
115,6.850629,45.852414
115,6.850306,45.851563
115,6.849959,45.85089
115,6.849414,45.850337
115,6.84873,45.849864
115,6.847921,45.849448
115,6.84703,45.849067
115,6.845477,45.848192
115,6.844957,45.84758
115,6.844171,45.846855
115,6.844043,45.846054
115,6.844293,45.84453
115,6.844328,45.843621
115,6.844672,45.843147
115,6.844402,45.842905
115,6.84346,45.84256
115,6.8434489432069325,45.84254805866349
115,6.843435,45.842543
115,6.843435,45.842533
115,6.843435,45.841843
115,6.84297,45.841066
115,6.842909,45.840741
115,6.8429,45.84069
116,6.832747,45.866353
116,6.83289,45.866624
116,6.833039,45.866618
116,6.833537,45.866145
116,6.833554,45.865496
116,6.832808,45.865463
116,6.832814,45.865402
116,6.831947,45.865028
116,6.832299,45.864725
116,6.832509,45.864597
116,6.832528,45.864111
116,6.8323,45.863844
116,6.831942,45.863409
116,6.83214,45.862698
116,6.832289,45.862368
116,6.832322,45.862234
116,6.831974,45.861695
116,6.831659,45.861022
116,6.83174,45.860714
116,6.831835,45.860476
116,6.831841,45.860323
116,6.83187,45.859807
116,6.832235,45.859789
116,6.832274,45.859267
116,6.831874,45.859234
116,6.831867,45.858941
116,6.832195,45.858947
116,6.83229,45.858375
116,6.83269,45.858421
116,6.832757,45.857633
116,6.83232,45.857599
116,6.832321,45.857115
116,6.83194,45.857056
116,6.831939,45.85661
116,6.831268,45.856534
116,6.831205,45.856265
116,6.830785,45.856283
116,6.830778,45.85599
116,6.830415,45.855957
116,6.830463,45.855652
116,6.830527,45.855411
116,6.828907,45.855355
116,6.828896,45.855635
116,6.82853,45.855654
116,6.828502,45.855908
116,6.828118,45.855939
116,6.828125,45.856219
116,6.827688,45.856211
116,6.827286,45.856229
116,6.827314,45.856459
116,6.826969,45.856427
116,6.826973,45.857255
116,6.827354,45.857301
116,6.827329,45.856994
116,6.827988,45.856983
116,6.82807,45.856929
116,6.829294,45.857
116,6.83002,45.857609
116,6.830164,45.858279
116,6.829366,45.858645
116,6.828611,45.85875
116,6.828537,45.858769
116,6.828253,45.859219
116,6.82875,45.859583
116,6.829028,45.860417
116,6.829004,45.860948
116,6.829126,45.861307
116,6.829443,45.861932
116,6.829494,45.862362
116,6.829674,45.86272
116,6.829801,45.862972
116,6.829905,45.86318
116,6.83029,45.863806
116,6.830212,45.864522
116,6.830649,45.865099
116,6.830462,45.865524
116,6.830339,45.86598
116,6.830302,45.866116
116,6.830618,45.866765
116,6.831644,45.86669
116,6.831669,45.866622
116,6.831796,45.866288
116,6.832747,45.866353
117,6.813186,45.860699
117,6.813581,45.860927
117,6.814231,45.861297
117,6.814713,45.861616
117,6.815182,45.861815
117,6.815685,45.861599
117,6.816254,45.861431
117,6.816588,45.861616
117,6.817057,45.861842
117,6.817105,45.861865
117,6.818095,45.86185
117,6.818977,45.861836
117,6.819055,45.861865
117,6.819339,45.861859
117,6.82018,45.862137
117,6.82013,45.862541
117,6.819571,45.862911
117,6.819197,45.863026
117,6.819107,45.863603
117,6.819367,45.863608
117,6.81939,45.864113
117,6.819286,45.864133
117,6.819482,45.864291
117,6.819817,45.864464
117,6.820496,45.864525
117,6.820868,45.864479
117,6.82088,45.864414
117,6.820928,45.863711
117,6.821121,45.863707
117,6.820818,45.863269
117,6.820995,45.863105
117,6.821309,45.862897
117,6.822219,45.863176
117,6.822717,45.863519
117,6.822783,45.863663
117,6.822823,45.863752
117,6.822899,45.863918
117,6.823585,45.863937
117,6.823595,45.86367
117,6.82383,45.863163
117,6.824011,45.862588
117,6.824375,45.862608
117,6.824442,45.861819
117,6.824807,45.861813
117,6.824846,45.861292
117,6.824878,45.860477
117,6.825289,45.860462
117,6.82532,45.85966
117,6.825693,45.859671
117,6.825704,45.859397
117,6.825765,45.858067
117,6.825365,45.85804
117,6.825372,45.858314
117,6.824944,45.858312
117,6.825002,45.857772
117,6.824619,45.857771
117,6.824593,45.857484
117,6.824886,45.857489
117,6.824983,45.857352
117,6.82522,45.857018
117,6.825281,45.856965
117,6.825383,45.856878
117,6.825578,45.85671
117,6.825782,45.856533
117,6.825917,45.856417
117,6.826031,45.856319
117,6.826176,45.856253
117,6.826336,45.85618
117,6.826585,45.856067
117,6.826899,45.855924
117,6.827378,45.855706
117,6.827467,45.855665
117,6.827783,45.855521
117,6.827784,45.855391
117,6.828558,45.855419
117,6.828559,45.855151
117,6.828902,45.855152
117,6.829111,45.854915
117,6.828618,45.854653
117,6.828345,45.854672
117,6.827523,45.854775
117,6.826623,45.855211
117,6.826481,45.855279
117,6.826295,45.855363
117,6.825058,45.855919
117,6.82244,45.857513
117,6.821175,45.85781
117,6.820948,45.857933
117,6.820325,45.858218
117,6.819951,45.858223
117,6.81995,45.858478
117,6.819558,45.858471
117,6.81956,45.858445
117,6.819131,45.858462
117,6.818229,45.85842
117,6.817015,45.858528
117,6.816086,45.858749
117,6.815116,45.859147
117,6.814478,45.859502
117,6.814123,45.859699
117,6.8133,45.860279
117,6.813216,45.860314
117,6.813186,45.860699
118,6.818121,45.855385
118,6.818123,45.855735
118,6.817761,45.855767
118,6.817674,45.85627
118,6.817312,45.856295
118,6.817288,45.856554
118,6.816526,45.856521
118,6.816506,45.856781
118,6.815768,45.85678
118,6.815739,45.857054
118,6.816495,45.857062
118,6.818053,45.857098
118,6.818043,45.857359
118,6.819206,45.857429
118,6.819211,45.857161
118,6.819606,45.857127
118,6.8196,45.856865
118,6.821935,45.856911
118,6.821936,45.856649
118,6.822356,45.856632
118,6.822348,45.856371
118,6.82274,45.856391
118,6.822767,45.855582
118,6.822696,45.855291
118,6.821219,45.855239
118,6.821231,45.855014
118,6.820836,45.855006
118,6.820816,45.855242
118,6.820432,45.855243
118,6.820475,45.855015
118,6.819744,45.85497
118,6.819701,45.855308
118,6.819555,45.855457
118,6.819284,45.855469
118,6.818804,45.85549
118,6.818121,45.855385
119,6.839575,45.840816
119,6.839945,45.840456
119,6.839349,45.839992
119,6.838504,45.839833
119,6.837654,45.839769
119,6.836787,45.839276
119,6.8362,45.838622
119,6.835706,45.838161
119,6.835026,45.838124
119,6.834085,45.837796
119,6.833435,45.837271
119,6.833334,45.837269
119,6.832948,45.837262
119,6.832562,45.837254
119,6.832572,45.836985
119,6.832186,45.836977
119,6.832197,45.836707
119,6.831811,45.8367
119,6.831821,45.83643
119,6.831435,45.836423
119,6.831425,45.836693
119,6.831039,45.836685
119,6.831028,45.836955
119,6.830642,45.836948
119,6.830637,45.837091
119,6.830632,45.837218
119,6.830246,45.83721
119,6.83024,45.837352
119,6.830061,45.837349
119,6.830051,45.837477
119,6.829849,45.837473
119,6.829845,45.837572
119,6.830043,45.837589
119,6.830041,45.837614
119,6.829844,45.83761
119,6.829839,45.837743
119,6.829453,45.837735
119,6.829442,45.838005
119,6.82867,45.837991
119,6.828672,45.837946
119,6.828673,45.837901
119,6.82815,45.837969
119,6.826986,45.838114
119,6.825832,45.837997
119,6.8252,45.837817
119,6.825198,45.837871
119,6.825196,45.837924
119,6.82481,45.837917
119,6.824804,45.838064
119,6.824555,45.838059
119,6.824802,45.838128
119,6.824802,45.838128
119,6.824802,45.838129
119,6.824799,45.838187
119,6.823641,45.838165
119,6.823651,45.837922
119,6.824168,45.83795
119,6.824217,45.837964
119,6.824218,45.83778
119,6.82327,45.837759
119,6.823276,45.837618
119,6.823092,45.837614
119,6.82289,45.837611
119,6.822891,45.837585
119,6.822679,45.837603
119,6.822105,45.837473
119,6.821134,45.837026
119,6.820318,45.836751
119,6.82022,45.83675
119,6.819834,45.836742
119,6.819844,45.836472
119,6.819458,45.836465
119,6.819469,45.836195
119,6.819083,45.836188
119,6.819093,45.835918
119,6.818707,45.835911
119,6.818718,45.835641
119,6.818332,45.835633
119,6.818342,45.835364
119,6.817956,45.835356
119,6.817946,45.835626
119,6.817935,45.835896
119,6.817549,45.835888
119,6.817543,45.836044
119,6.817341,45.836044
119,6.817271,45.836258
119,6.816974,45.836551
119,6.816544,45.836543
119,6.816523,45.836829
119,6.816153,45.836815
119,6.816112,45.837094
119,6.815672,45.837092
119,6.814194,45.837036
119,6.814164,45.837287
119,6.813487,45.837293
119,6.813374,45.837564
119,6.812286,45.837514
119,6.812254,45.837284
119,6.806558,45.837146
119,6.806585,45.837412
119,6.806499,45.837863
119,6.806084,45.838022
119,6.806001,45.838377
119,6.806088,45.838784
119,6.805732,45.839158
119,6.805262,45.83984
119,6.805023,45.84074
119,6.804996,45.841406
119,6.804832,45.842118
119,6.804494,45.842083
119,6.803817,45.841931
119,6.803484,45.841734
119,6.80305,45.841512
119,6.802163,45.841542
119,6.801362,45.84139
119,6.800541,45.841371
119,6.800518,45.841638
119,6.799351,45.841624
119,6.799337,45.842159
119,6.798961,45.842151
119,6.798957,45.842406
119,6.798568,45.842402
119,6.79853,45.843217
119,6.799301,45.843228
119,6.799286,45.843749
119,6.799612,45.843755
119,6.799614,45.844027
119,6.800027,45.844062
119,6.800004,45.844639
119,6.800467,45.844796
119,6.800683,45.845372
119,6.800977,45.845663
119,6.80125,45.845972
119,6.801642,45.846128
119,6.802081,45.846208
119,6.802665,45.8461
119,6.803184,45.845896
119,6.80391,45.845624
119,6.804607,45.845233
119,6.804793,45.844861
119,6.80542,45.844486
119,6.806112,45.844238
119,6.806397,45.844204
119,6.806565,45.843985
119,6.806848,45.843704
119,6.807083,45.84328
119,6.807415,45.843144
119,6.807639,45.843291
119,6.807329,45.843618
119,6.806974,45.843969
119,6.8069,45.844171
119,6.807169,45.84421
119,6.807225,45.844521
119,6.807083,45.845209
119,6.806768,45.845751
119,6.806547,45.846175
119,6.806633,45.846582
119,6.806589,45.846843
119,6.806039,45.846951
119,6.804943,45.847083
119,6.804502,45.847041
119,6.803507,45.847212
119,6.802892,45.847248
119,6.802012,45.847112
119,6.801584,45.846723
119,6.801046,45.846528
119,6.800714,45.846325
119,6.800002,45.846216
119,6.799653,45.845939
119,6.799175,45.84593
119,6.799199,45.845641
119,6.798874,45.845626
119,6.798866,45.844872
119,6.797301,45.844789
119,6.7973,45.845114
119,6.796937,45.845098
119,6.796917,45.845606
119,6.795739,45.845575
119,6.795669,45.846389
119,6.793738,45.846352
119,6.793755,45.846887
119,6.791785,45.846875
119,6.791749,45.847146
119,6.79121,45.8473
119,6.790994,45.84768
119,6.7904,45.848032
119,6.789648,45.84812
119,6.788859,45.84872
119,6.788666,45.848867
119,6.788581,45.848984
119,6.788089,45.849665
119,6.787574,45.850608
119,6.787254,45.850959
119,6.786794,45.851379
119,6.786574,45.851779
119,6.786085,45.852079
119,6.786097,45.852627
119,6.78604,45.853198
119,6.785739,45.853488
119,6.785772,45.853499
119,6.785784,45.853801
119,6.785284,45.853707
119,6.784657,45.853779
119,6.784531,45.853927
119,6.784412,45.85396
119,6.784231,45.854139
119,6.783609,45.855199
119,6.783461,45.856363
119,6.783573,45.857817
119,6.783972,45.858945
119,6.784144,45.859758
119,6.784169,45.86083
119,6.784221,45.86157
119,6.784643,45.861768
119,6.78517,45.86223
119,6.785286,45.862757
119,6.785611,45.863368
119,6.785791,45.863294
119,6.786089,45.863065
119,6.786294,45.862733
119,6.786487,45.862704
119,6.786448,45.862468
119,6.786843,45.862207
119,6.786903,45.861907
119,6.787156,45.861576
119,6.787389,45.861144
119,6.787573,45.860746
119,6.787538,45.860409
119,6.787452,45.860173
119,6.787472,45.85967
119,6.787408,45.859451
119,6.787376,45.859065
119,6.787414,45.858713
119,6.786993,45.85842
119,6.787047,45.858287
119,6.787164,45.857752
119,6.787177,45.857417
119,6.787238,45.857083
119,6.787353,45.856615
119,6.787671,45.856471
119,6.788367,45.856467
119,6.788339,45.855964
119,6.788394,45.855797
119,6.789018,45.855775
119,6.789411,45.855548
119,6.789952,45.855223
119,6.790192,45.855228
119,6.790199,45.85506
119,6.7903,45.854928
119,6.790687,45.854869
119,6.7907,45.854533
119,6.790978,45.85417
119,6.791422,45.853876
119,6.791451,45.853743
119,6.791442,45.853331
119,6.791514,45.853336
119,6.791514,45.853332
119,6.791918,45.853349
119,6.791939,45.852806
119,6.79235,45.852823
119,6.79235,45.852837
119,6.792755,45.852612
119,6.792847,45.852561
119,6.793126,45.852406
119,6.794357,45.852311
119,6.794895,45.852488
119,6.795639,45.852872
119,6.79658,45.852878
119,6.796568,45.853167
119,6.798424,45.853194
119,6.798532,45.852688
119,6.798909,45.852686
119,6.798925,45.852906
119,6.801181,45.852975
119,6.801202,45.852757
119,6.801981,45.852736
119,6.801962,45.853022
119,6.802091,45.853033
119,6.804016,45.852806
119,6.806682,45.85262
119,6.809348,45.852409
119,6.810029,45.852373
119,6.81037,45.852283
119,6.810908,45.852192
119,6.81201,45.851883
119,6.812493,45.851648
119,6.81309,45.851616
119,6.813974,45.851647
119,6.814077,45.852153
119,6.81486,45.852139
119,6.814849,45.851894
119,6.815571,45.851933
119,6.815552,45.852185
119,6.816331,45.852221
119,6.81632,45.852479
119,6.816676,45.852504
119,6.816708,45.852735
119,6.817038,45.852712
119,6.817044,45.853086
119,6.817079,45.853305
119,6.817466,45.853339
119,6.817443,45.853577
119,6.817786,45.853575
119,6.817807,45.853853
119,6.818163,45.853927
119,6.818182,45.854133
119,6.818586,45.854165
119,6.818957,45.854143
119,6.819307,45.854136
119,6.819697,45.854143
119,6.819721,45.854432
119,6.820506,45.85444
119,6.820507,45.854167
119,6.821656,45.854203
119,6.821667,45.853924
119,6.822037,45.853931
119,6.822078,45.853127
119,6.821698,45.85312
119,6.821719,45.852582
119,6.822099,45.852582
119,6.82211,45.85231
119,6.8225,45.852324
119,6.822531,45.852045
119,6.822554,45.851581
119,6.822926,45.851531
119,6.822962,45.851257
119,6.822562,45.851249
119,6.822553,45.850969
119,6.822192,45.850976
119,6.822185,45.850482
119,6.822555,45.850503
119,6.822608,45.850203
119,6.822198,45.850152
119,6.822247,45.849062
119,6.822986,45.84909
119,6.823027,45.848825
119,6.823416,45.848846
119,6.823427,45.848567
119,6.821049,45.848505
119,6.821151,45.848004
119,6.821851,45.847974
119,6.821922,45.847746
119,6.823794,45.847753
119,6.823784,45.847479
119,6.824586,45.84748
119,6.824679,45.846145
119,6.825068,45.846182
119,6.8251,45.845909
119,6.825471,45.845887
119,6.825474,45.844802
119,6.826273,45.844845
119,6.826304,45.844559
119,6.826664,45.844559
119,6.826685,45.844028
119,6.827464,45.844071
119,6.827435,45.843777
119,6.827835,45.843805
119,6.827846,45.843505
119,6.829201,45.843572
119,6.830763,45.843602
119,6.831127,45.843753
119,6.831986,45.843884
119,6.832007,45.84415
119,6.828244,45.844072
119,6.828214,45.844337
119,6.827825,45.844315
119,6.827824,45.844602
119,6.827824,45.844868
119,6.828225,45.844869
119,6.828574,45.844883
119,6.828585,45.845134
119,6.830502,45.845164
119,6.83321,45.845243
119,6.8332,45.845508
119,6.833548,45.845509
119,6.83366,45.845267
119,6.83401,45.845265
119,6.835919,45.845294
119,6.83592,45.845022
119,6.83629,45.845022
119,6.83633,45.844505
119,6.836672,45.844456
119,6.83668,45.844246
119,6.836945,45.844241
119,6.837115,45.844305
119,6.837694,45.844009
119,6.83844,45.843237
119,6.839265,45.842157
119,6.839446,45.841018
119,6.839575,45.840816
120,6.796379,45.840631
120,6.796701,45.840256
120,6.796783,45.8399
120,6.796724,45.839661
120,6.796497,45.839371
120,6.796232,45.839175
120,6.795793,45.839071
120,6.795419,45.839064
120,6.795372,45.839397
120,6.795628,45.839806
120,6.795921,45.840146
120,6.796379,45.840631
121,6.792412,45.839292
121,6.79347,45.840098
121,6.793808,45.840176
121,6.793723,45.839746
121,6.793605,45.839267
121,6.793317,45.838809
121,6.792919,45.838516
121,6.792524,45.838175
121,6.792131,45.837762
121,6.791587,45.837752
121,6.791732,45.838398
121,6.791914,45.838949
121,6.792412,45.839292
122,6.800992,45.839744
122,6.800974,45.839486
122,6.801712,45.839519
122,6.801751,45.839233
122,6.801396,45.839207
122,6.801406,45.838958
122,6.801775,45.838956
122,6.801814,45.83867
122,6.802224,45.838687
122,6.802207,45.83841
122,6.80181,45.838412
122,6.801832,45.837867
122,6.802173,45.837883
122,6.802206,45.837396
122,6.80337,45.83738
122,6.803381,45.837103
122,6.803777,45.83712
122,6.803799,45.836566
122,6.80421,45.836554
122,6.80416,45.836094
122,6.803369,45.836002
122,6.803419,45.835783
122,6.802695,45.83576
122,6.802721,45.835454
122,6.801927,45.835449
122,6.801923,45.8352
122,6.800762,45.835158
122,6.800727,45.835703
122,6.799975,45.835679
122,6.8,45.835402
122,6.799576,45.835384
122,6.79881,45.83537
122,6.79882,45.835121
122,6.798464,45.835143
122,6.798462,45.834827
122,6.798052,45.834829
122,6.798083,45.834026
122,6.796949,45.834004
122,6.796911,45.834262
122,6.796554,45.834283
122,6.796551,45.834035
122,6.796134,45.834084
122,6.796227,45.834862
122,6.796565,45.835674
122,6.796122,45.835872
122,6.796114,45.836427
122,6.796728,45.836741
122,6.796512,45.837024
122,6.796791,45.837231
122,6.796416,45.837367
122,6.796568,45.837686
122,6.796725,45.837862
122,6.796926,45.837981
122,6.796832,45.838354
122,6.79753,45.838348
122,6.797561,45.838588
122,6.798299,45.838631
122,6.798302,45.838889
122,6.799478,45.838912
122,6.799467,45.839179
122,6.799823,45.839177
122,6.799826,45.839454
122,6.799801,45.839741
122,6.800992,45.839744
123,6.808114,45.836808
123,6.808521,45.836863
123,6.808928,45.836895
123,6.809958,45.8367
123,6.810363,45.836803
123,6.810908,45.836814
123,6.811153,45.836628
123,6.810852,45.836503
123,6.810408,45.836519
123,6.810006,45.836344
123,6.809708,45.836124
123,6.809072,45.83585
123,6.809421,45.835618
123,6.810075,45.835464
123,6.810457,45.835281
123,6.81009,45.835084
123,6.80968,45.8351
123,6.809336,45.835188
123,6.808828,45.835107
123,6.808209,45.835262
123,6.807819,45.835659
123,6.807598,45.83606
123,6.807818,45.83654
123,6.808114,45.836808
124,6.787263,45.826533
124,6.787223,45.826648
124,6.78624,45.826705
124,6.785905,45.826889
124,6.78539,45.827527
124,6.785651,45.827799
124,6.786629,45.827894
124,6.787216,45.827869
124,6.787158,45.828285
124,6.787039,45.82855
124,6.786797,45.829155
124,6.786877,45.82988
124,6.787765,45.830606
124,6.788001,45.830598
124,6.788192,45.830601
124,6.788203,45.830333
124,6.788778,45.830344
124,6.788976,45.830214
124,6.789078,45.830048
124,6.789653,45.830059
124,6.789701,45.83006
124,6.78994,45.830099
124,6.789937,45.830087
124,6.790546,45.830105
124,6.79059,45.829847
124,6.791482,45.829858
124,6.791485,45.82986
124,6.791928,45.829567
124,6.792216,45.829572
124,6.792983,45.829587
124,6.793895,45.829571
124,6.793949,45.829438
124,6.794433,45.829313
124,6.794769,45.82932
124,6.794786,45.828884
124,6.795077,45.828823
124,6.795268,45.828826
124,6.795149,45.829428
124,6.795443,45.82939
124,6.796345,45.829411
124,6.796392,45.829146
124,6.797539,45.829148
124,6.797578,45.828357
124,6.797958,45.828354
124,6.79794,45.828619
124,6.798677,45.828623
124,6.798725,45.828353
124,6.799089,45.828391
124,6.799087,45.828636
124,6.79986,45.828666
124,6.799884,45.828818
124,6.799856,45.828948
124,6.800243,45.82896
124,6.800234,45.8292
124,6.800613,45.829212
124,6.800595,45.829498
124,6.800997,45.829501
124,6.800979,45.829761
124,6.801374,45.829768
124,6.80133,45.829929
124,6.80137,45.830044
124,6.801742,45.830057
124,6.801728,45.830579
124,6.802108,45.830597
124,6.802094,45.831133
124,6.80286,45.831157
124,6.802882,45.830607
124,6.803655,45.830621
124,6.803645,45.830892
124,6.804039,45.8309
124,6.804028,45.83117
124,6.804387,45.831187
124,6.804383,45.831452
124,6.804784,45.83147
124,6.804781,45.831731
124,6.807862,45.831785
124,6.808248,45.831807
124,6.808228,45.832333
124,6.808614,45.832346
124,6.8086,45.832892
124,6.808974,45.832884
124,6.808956,45.833155
124,6.809349,45.833177
124,6.809347,45.833423
124,6.810059,45.833475
124,6.810058,45.834539
124,6.810443,45.834541
124,6.81044,45.834802
124,6.810813,45.834809
124,6.810831,45.835075
124,6.811597,45.835095
124,6.811607,45.834839
124,6.812375,45.834844
124,6.812379,45.834564
124,6.812758,45.834581
124,6.812762,45.834847
124,6.813535,45.834871
124,6.813556,45.83434
124,6.813235,45.834284
124,6.813211,45.833852
124,6.813626,45.833745
124,6.813708,45.833243
124,6.81323,45.832966
124,6.813226,45.8327
124,6.812086,45.832683
124,6.812118,45.831872
124,6.812484,45.831879
124,6.812516,45.831608
124,6.813655,45.831635
124,6.813652,45.831906
124,6.814053,45.831909
124,6.814081,45.831378
124,6.815548,45.831396
124,6.81563,45.830894
124,6.816348,45.830922
124,6.816392,45.83061
124,6.815639,45.83059
124,6.81566,45.830054
124,6.81526,45.830032
124,6.815281,45.829496
124,6.814901,45.829489
124,6.814936,45.828958
124,6.81452,45.82896
124,6.81457,45.8284
124,6.813395,45.828392
124,6.813374,45.828923
124,6.8126,45.828908
124,6.81259,45.829179
124,6.811049,45.829149
124,6.811028,45.829695
124,6.810648,45.829688
124,6.810616,45.830494
124,6.811003,45.830502
124,6.810986,45.830762
124,6.809818,45.830745
124,6.809807,45.831015
124,6.809435,45.831003
124,6.809466,45.830211
124,6.808699,45.830187
124,6.808705,45.82992
124,6.80677,45.829872
124,6.806765,45.829622
124,6.805999,45.829587
124,6.806017,45.829311
124,6.805615,45.829308
124,6.805633,45.829038
124,6.805662,45.828507
124,6.805282,45.82849
124,6.805289,45.827948
124,6.804909,45.827951
124,6.804941,45.827134
124,6.80535,45.827153
124,6.80532,45.826595
124,6.805751,45.826619
124,6.805765,45.826072
124,6.804611,45.826055
124,6.804575,45.826596
124,6.804173,45.826588
124,6.804191,45.82688
124,6.80379,45.826862
124,6.803781,45.827091
124,6.803408,45.827094
124,6.803383,45.826584
124,6.802655,45.826538
124,6.802671,45.825768
124,6.803073,45.825765
124,6.803047,45.826046
124,6.803479,45.826054
124,6.803486,45.825502
124,6.803054,45.825494
124,6.803079,45.825234
124,6.801993,45.825193
124,6.801131,45.825145
124,6.801191,45.824375
124,6.801564,45.824361
124,6.801559,45.824111
124,6.801931,45.824129
124,6.801942,45.823848
124,6.802298,45.823876
124,6.802395,45.823315
124,6.800847,45.823285
124,6.800822,45.823535
124,6.799303,45.823516
124,6.797771,45.823455
124,6.796223,45.823436
124,6.796189,45.823732
124,6.795802,45.823724
124,6.795813,45.823449
124,6.795032,45.823418
124,6.795075,45.822903
124,6.795044,45.82265
124,6.79353,45.822603
124,6.793158,45.822595
124,6.793144,45.823137
124,6.792333,45.823111
124,6.792344,45.823397
124,6.791927,45.823389
124,6.791961,45.823661
124,6.79156,45.823637
124,6.791531,45.824173
124,6.791458,45.824421
124,6.791119,45.82442
124,6.790381,45.824437
124,6.790368,45.824947
124,6.789729,45.824977
124,6.789544,45.825216
124,6.789474,45.825222
124,6.788824,45.825209
124,6.788802,45.825582
124,6.788775,45.825581
124,6.788666,45.825914
124,6.788568,45.82598
124,6.788376,45.825976
124,6.788366,45.826211
124,6.788367,45.826211
124,6.788357,45.826262
124,6.787985,45.82626
124,6.78759,45.826263
124,6.78752,45.826538
124,6.787263,45.826533
125,6.854366,45.832806
125,6.85398,45.832798
125,6.853594,45.832791
125,6.853605,45.832521
125,6.853219,45.832514
125,6.852833,45.832507
125,6.852843,45.832237
125,6.852457,45.83223
125,6.852071,45.832223
125,6.851685,45.832215
125,6.851299,45.832208
125,6.851289,45.832478
125,6.851278,45.832748
125,6.851664,45.832755
125,6.851654,45.833025
125,6.851644,45.833025
125,6.852703,45.833766
125,6.854241,45.834533
125,6.854795,45.835265
125,6.855014,45.835257
125,6.855953,45.835203
125,6.856637,45.834804
125,6.857217,45.834667
125,6.857963,45.834312
125,6.858415,45.834071
125,6.858805,45.833673
125,6.858525,45.833418
125,6.85827,45.833401
125,6.858144,45.833149
125,6.858267,45.832879
125,6.858226,45.832878
125,6.858237,45.832608
125,6.858247,45.832339
125,6.858257,45.832069
125,6.857871,45.832061
125,6.857882,45.831792
125,6.857892,45.831522
125,6.857506,45.831515
125,6.857517,45.831245
125,6.857131,45.831237
125,6.856745,45.83123
125,6.856359,45.831223
125,6.855973,45.831216
125,6.855587,45.831208
125,6.855201,45.831201
125,6.85519,45.831471
125,6.854911,45.831466
125,6.854931,45.831641
125,6.854978,45.832189
125,6.855631,45.83294
125,6.855393,45.832935
125,6.854375,45.832585
125,6.854366,45.832806
126,6.859186,45.830496
126,6.859071,45.830828
126,6.85923,45.831116
126,6.859285,45.831475
126,6.85962,45.831624
126,6.859555,45.831936
126,6.860038,45.832251
126,6.86044,45.832449
126,6.860637824315853,45.832686788824105
126,6.8610421921793305,45.83267427581204
126,6.861124,45.832366
126,6.861208,45.831963
126,6.861336,45.831405
126,6.861098,45.831192
126,6.861068,45.831041
126,6.861001,45.83104
126,6.860651,45.831033
126,6.860804,45.830931
126,6.861188,45.830701
126,6.86124,45.830225
126,6.860738,45.830001
126,6.859887,45.829986
126,6.859665,45.830205
126,6.859519,45.830202
126,6.859186,45.830496
127,6.870643,45.827025
127,6.870228,45.827002
127,6.870237,45.826766
127,6.869482,45.826807
127,6.869394,45.827041
127,6.869265,45.827036
127,6.869271,45.826874
127,6.869277,45.826733
127,6.869451,45.826736
127,6.869468,45.826608
127,6.869668,45.826612
127,6.869678,45.826342
127,6.870064,45.826349
127,6.870068,45.826252
127,6.870178,45.826254
127,6.870197,45.825751
127,6.869702,45.825725
127,6.869709,45.825532
127,6.869719,45.825262
127,6.870105,45.82527
127,6.870115,45.825
127,6.86973,45.824993
127,6.86974,45.824723
127,6.869354,45.824716
127,6.868968,45.824708
127,6.868978,45.824439
127,6.868592,45.824431
127,6.868206,45.824424
127,6.868202,45.824548
127,6.867983,45.82453
127,6.867959,45.82469
127,6.86781,45.824687
127,6.867566,45.824682
127,6.867701,45.824824
127,6.867253,45.824816
127,6.866479,45.82479
127,6.866604,45.824394
127,6.866277,45.824388
127,6.866266,45.824658
127,6.86588,45.824651
127,6.865876,45.82477
127,6.86587,45.824921
127,6.865654,45.824916
127,6.86571,45.825227
127,6.866006,45.825518
127,6.866301,45.825809
127,6.865262,45.826266
127,6.86465,45.826511
127,6.86465,45.826518
127,6.86464,45.826788
127,6.864414,45.826783
127,6.864318,45.826782
127,6.864295,45.826948
127,6.864406,45.827617
127,6.864789,45.828291
127,6.864088,45.827921
127,6.86383,45.827755
127,6.863827,45.827853
127,6.863816,45.828122
127,6.86343,45.828115
127,6.863219,45.828111
127,6.863044,45.828108
127,6.863055,45.827838
127,6.862669,45.827831
127,6.862673,45.827717
127,6.862677,45.827616
127,6.862531,45.827654
127,6.862283,45.82783
127,6.862277,45.827978
127,6.862272,45.828094
127,6.862262,45.828363
127,6.861969,45.828358
127,6.861876,45.828356
127,6.86149,45.828349
127,6.861483,45.828536
127,6.861483,45.82854
127,6.862008,45.828858
127,6.862099,45.829146
127,6.861871,45.829761
127,6.862438,45.830081
127,6.862356,45.830437
127,6.861789,45.83063
127,6.861783,45.830785
127,6.861397,45.830777
127,6.861391,45.830933
127,6.861387,45.831047
127,6.861216,45.831044
127,6.861068,45.831041
127,6.861098,45.831192
127,6.861411,45.831472
127,6.861501,45.831771
127,6.86168,45.832
127,6.86191,45.832219
127,6.861916,45.832505
127,6.861875,45.832695
127,6.86235,45.832727
127,6.863033,45.832693
127,6.864178,45.832595
127,6.86521,45.832781
127,6.866817,45.833073
127,6.867932,45.833308
127,6.868782,45.833372
127,6.869135,45.833216
127,6.868855,45.833211
127,6.868848,45.833077
127,6.869035,45.83308
127,6.869038,45.83299
127,6.869628,45.832989
127,6.869638,45.832722
127,6.870269,45.832702
127,6.870427,45.832108
127,6.870446,45.832027
127,6.87062,45.83203
127,6.871006,45.832037
127,6.871392,45.832044
127,6.871402,45.831774
127,6.871788,45.831782
127,6.871798,45.831512
127,6.872184,45.831519
127,6.872231,45.83152
127,6.872408,45.831015
127,6.872861,45.831366
127,6.87298,45.831821
127,6.873651,45.832095
127,6.874158,45.832177
127,6.874649,45.831835
127,6.87449,45.831832
127,6.8745,45.831562
127,6.874886,45.831569
127,6.874897,45.831299
127,6.874907,45.83103
127,6.874917,45.83076
127,6.874927,45.83049
127,6.875313,45.830497
127,6.875324,45.830227
127,6.87571,45.830234
127,6.876096,45.830242
127,6.876482,45.830249
127,6.876868,45.830256
127,6.876878,45.829986
127,6.877264,45.829993
127,6.877274,45.829723
127,6.876888,45.829716
127,6.876502,45.829709
127,6.876512,45.829439
127,6.876126,45.829432
127,6.87574,45.829425
127,6.875751,45.829155
127,6.875365,45.829148
127,6.875375,45.828878
127,6.875385,45.828608
127,6.875771,45.828615
127,6.875782,45.828346
127,6.876168,45.828353
127,6.876554,45.82836
127,6.876564,45.82809
127,6.876574,45.82782
127,6.876188,45.827813
127,6.875802,45.827806
127,6.875416,45.827799
127,6.875406,45.828069
127,6.87502,45.828061
127,6.874634,45.828054
127,6.874248,45.828047
127,6.873862,45.82804
127,6.873476,45.828033
127,6.87309,45.828025
127,6.872704,45.828018
127,6.872318,45.828011
127,6.871932,45.828004
127,6.871546,45.827997
127,6.871349,45.827993
127,6.871357,45.827784
127,6.870483,45.828159
127,6.870513,45.827374
127,6.870652,45.827224
127,6.870643,45.827025
128,6.864912,45.825713
128,6.864983,45.825523
128,6.864739,45.824899
128,6.864712,45.824899
128,6.864326,45.824892
128,6.86394,45.824884
128,6.863951,45.824615
128,6.863565,45.824607
128,6.863179,45.8246
128,6.863189,45.82433
128,6.862803,45.824323
128,6.862417,45.824316
128,6.862407,45.824586
128,6.862396,45.824856
128,6.862011,45.824848
128,6.861625,45.824841
128,6.861239,45.824834
128,6.860853,45.824827
128,6.860863,45.824557
128,6.860477,45.82455
128,6.860091,45.824542
128,6.859705,45.824535
128,6.859715,45.824265
128,6.85933,45.824258
128,6.858944,45.824251
128,6.858933,45.824521
128,6.858547,45.824513
128,6.858537,45.824783
128,6.858527,45.825053
128,6.858913,45.82506
128,6.858902,45.82533
128,6.859288,45.825337
128,6.859674,45.825345
128,6.859664,45.825614
128,6.86005,45.825622
128,6.860436,45.825629
128,6.860822,45.825636
128,6.861208,45.825643
128,6.861594,45.825651
128,6.861979,45.825658
128,6.862365,45.825665
128,6.862751,45.825672
128,6.863137,45.82568
128,6.863523,45.825687
128,6.863909,45.825694
128,6.86392,45.825424
128,6.864306,45.825431
128,6.864692,45.825439
128,6.864681,45.825708
128,6.864912,45.825713
129,6.878043,45.82928
129,6.878181,45.829417
129,6.878823,45.829629
129,6.878828,45.829482
129,6.879214,45.829489
129,6.879225,45.82922
129,6.879611,45.829227
129,6.879621,45.828957
129,6.879631,45.828687
129,6.879245,45.82868
129,6.879255,45.82841
129,6.878869,45.828403
129,6.87888,45.828133
129,6.878494,45.828126
129,6.878108,45.828119
129,6.878098,45.828377
129,6.878251,45.82849
129,6.8782,45.828941
129,6.878043,45.82928
130,6.874603,45.840901
130,6.8742650117382516,45.84105999447816
130,6.874353,45.841206
130,6.874505,45.841685
130,6.87451,45.842447
130,6.87466,45.842997
130,6.87482,45.843449
130,6.875206,45.843456
130,6.875217,45.843186
130,6.875603,45.843194
130,6.875613,45.842924
130,6.875999,45.842931
130,6.875992,45.843117
130,6.876501,45.84296
130,6.87662,45.842534
130,6.87668,45.842404
130,6.876406,45.842398
130,6.876416,45.842129
130,6.87603,45.842121
130,6.87604,45.841852
130,6.87605,45.841582
130,6.875664,45.841575
130,6.875675,45.841305
130,6.875288,45.841298
130,6.875299,45.841028
130,6.874913,45.841021
130,6.874923,45.840751
130,6.874832,45.840749
130,6.874603,45.840901
131,6.938841,45.869577
131,6.938729,45.869837
131,6.93831,45.870091
131,6.938398,45.870498
131,6.938704,45.870503
131,6.93912,45.87032
131,6.9395,45.870184
131,6.939947,45.870097
131,6.940355,45.870128
131,6.940462,45.869987
131,6.940577,45.869656
131,6.940383,45.869367
131,6.940157,45.869029
131,6.93996,45.868811
131,6.93973,45.868569
131,6.939561,45.868542
131,6.939183,45.86863
131,6.938597,45.868787
131,6.93831,45.869186
131,6.938841,45.869577
132,6.831856,45.790527
132,6.831997,45.790899
132,6.832242,45.791461
132,6.832321,45.791886
132,6.832392,45.791887
132,6.832402,45.791617
132,6.832788,45.791625
132,6.833174,45.791632
132,6.83356,45.791639
132,6.83357,45.791369
132,6.833956,45.791377
132,6.833966,45.791107
132,6.834352,45.791114
132,6.834362,45.790844
132,6.834373,45.790575
132,6.834383,45.790305
132,6.834769,45.790312
132,6.834779,45.790042
132,6.835165,45.79005
132,6.835176,45.78978
132,6.835561,45.789787
132,6.835572,45.789517
132,6.835957,45.789524
132,6.836343,45.789532
132,6.836354,45.789262
132,6.836739,45.789269
132,6.83675,45.788999
132,6.837135,45.789007
132,6.837146,45.788737
132,6.837531,45.788744
132,6.837542,45.788474
132,6.837928,45.788482
132,6.837938,45.788212
132,6.838324,45.788219
132,6.838709,45.788226
132,6.83872,45.787957
132,6.839106,45.787964
132,6.839116,45.787694
132,6.839126,45.787424
132,6.839512,45.787432
132,6.839523,45.787162
132,6.839908,45.787169
132,6.839919,45.786899
132,6.839929,45.786629
132,6.839543,45.786622
132,6.839554,45.786352
132,6.839168,45.786345
132,6.838782,45.786338
132,6.838772,45.786608
132,6.838386,45.7866
132,6.838376,45.78687
132,6.83799,45.786863
132,6.83798,45.787133
132,6.837594,45.787125
132,6.837208,45.787118
132,6.837198,45.787388
132,6.836812,45.78738
132,6.836802,45.78765
132,6.836416,45.787643
132,6.836406,45.787913
132,6.83602,45.787906
132,6.83601,45.788175
132,6.835624,45.788168
132,6.835613,45.788438
132,6.835228,45.788431
132,6.834842,45.788423
132,6.834456,45.788416
132,6.834446,45.788686
132,6.83406,45.788678
132,6.83405,45.788948
132,6.833664,45.788941
132,6.833654,45.789211
132,6.833268,45.789203
132,6.832882,45.789196
132,6.832872,45.789466
132,6.832486,45.789459
132,6.832476,45.789728
132,6.832465,45.789998
132,6.832455,45.790268
132,6.832069,45.790261
132,6.832059,45.790531
132,6.831856,45.790527
